$MeshFormat
4.1 0 8
$EndMeshFormat
$PhysicalNames
7
0 6 "ClampNodes"
1 1 "Bottom"
1 2 "RightFree"
1 3 "Load"
1 4 "Top"
1 5 "Clamp"
2 7 "Design"
$EndPhysicalNames
$Entities
6 6 1 0
1 0 0 0 1 6 
2 0.04 0 0 0 
3 0.04 0.00475 0 0 
4 0.04 0.00525 0 0 
5 0.04 0.01 0 0 
6 0 0.01 0 1 6 
1 -9.999999999940612e-08 -1e-07 -1e-07 0.0400001 1e-07 1e-07 1 1 2 1 -2 
2 0.0399999 -9.99999999998398e-08 -1e-07 0.0400001 0.0047501 1e-07 1 2 2 2 -3 
3 0.0399999 0.0047499 -1e-07 0.0400001 0.005250100000000001 1e-07 1 3 2 3 -4 
4 0.0399999 0.0052499 -1e-07 0.0400001 0.0100001 1e-07 1 2 2 4 -5 
5 -9.999999999940612e-08 0.009999900000000001 -1e-07 0.0400001 0.0100001 1e-07 1 4 2 5 -6 
6 -1e-07 -1.000000000002735e-07 -1e-07 1e-07 0.0100001 1e-07 1 5 2 6 -1 
1 -9.999999999940612e-08 -1.000000000002735e-07 -1e-07 0.0400001 0.0100001 1e-07 1 7 6 1 2 3 4 5 6 
$EndEntities
$Nodes
13 7589 1 7589
0 1 0 1
1
0 0 0
0 2 0 1
2
0.04 0 0
0 3 0 1
3
0.04 0.00475 0
0 4 0 1
4
0.04 0.00525 0
0 5 0 1
5
0.04 0.01 0
0 6 0 1
6
0 0.01 0
1 1 0 159
7
8
9
10
11
12
13
14
15
16
17
18
19
20
21
22
23
24
25
26
27
28
29
30
31
32
33
34
35
36
37
38
39
40
41
42
43
44
45
46
47
48
49
50
51
52
53
54
55
56
57
58
59
60
61
62
63
64
65
66
67
68
69
70
71
72
73
74
75
76
77
78
79
80
81
82
83
84
85
86
87
88
89
90
91
92
93
94
95
96
97
98
99
100
101
102
103
104
105
106
107
108
109
110
111
112
113
114
115
116
117
118
119
120
121
122
123
124
125
126
127
128
129
130
131
132
133
134
135
136
137
138
139
140
141
142
143
144
145
146
147
148
149
150
151
152
153
154
155
156
157
158
159
160
161
162
163
164
165
0.0002499999999999998 0 0
0.0004999999999999997 0 0
0.0007499999999999996 0 0
0.0009999999999999994 0 0
0.001249999999999999 0 0
0.001499999999999999 0 0
0.001749999999999999 0 0
0.001999999999999999 0 0
0.002249999999999999 0 0
0.002499999999999998 0 0
0.002749999999999998 0 0
0.002999999999999998 0 0
0.003249999999999998 0 0
0.003499999999999997 0 0
0.003749999999999997 0 0
0.003999999999999997 0 0
0.004249999999999997 0 0
0.004499999999999997 0 0
0.004749999999999996 0 0
0.004999999999999997 0 0
0.005249999999999997 0 0
0.005499999999999997 0 0
0.005749999999999997 0 0
0.005999999999999998 0 0
0.006249999999999997 0 0
0.006499999999999997 0 0
0.006749999999999997 0 0
0.006999999999999998 0 0
0.007249999999999998 0 0
0.007499999999999997 0 0
0.007749999999999997 0 0
0.007999999999999997 0 0
0.008249999999999997 0 0
0.008499999999999997 0 0
0.008749999999999997 0 0
0.008999999999999998 0 0
0.009249999999999998 0 0
0.009499999999999996 0 0
0.009749999999999997 0 0
0.009999999999999997 0 0
0.01025 0 0
0.0105 0 0
0.01075 0 0
0.011 0 0
0.01125 0 0
0.0115 0 0
0.01175 0 0
0.012 0 0
0.01225 0 0
0.0125 0 0
0.01275 0 0
0.013 0 0
0.01325 0 0
0.0135 0 0
0.01375 0 0
0.014 0 0
0.01425 0 0
0.0145 0 0
0.01475 0 0
0.015 0 0
0.01525 0 0
0.0155 0 0
0.01575 0 0
0.016 0 0
0.01625 0 0
0.0165 0 0
0.01675 0 0
0.017 0 0
0.01725 0 0
0.0175 0 0
0.01775 0 0
0.018 0 0
0.01825 0 0
0.0185 0 0
0.01875 0 0
0.019 0 0
0.01925 0 0
0.0195 0 0
0.01975 0 0
0.02 0 0
0.02025 0 0
0.0205 0 0
0.02075 0 0
0.021 0 0
0.02125 0 0
0.0215 0 0
0.02175 0 0
0.022 0 0
0.02225 0 0
0.0225 0 0
0.02275 0 0
0.023 0 0
0.02325 0 0
0.0235 0 0
0.02375 0 0
0.024 0 0
0.02425 0 0
0.0245 0 0
0.02475 0 0
0.025 0 0
0.02525 0 0
0.0255 0 0
0.02575 0 0
0.026 0 0
0.02625 0 0
0.0265 0 0
0.02675 0 0
0.027 0 0
0.02725 0 0
0.0275 0 0
0.02775 0 0
0.028 0 0
0.02825 0 0
0.0285 0 0
0.02875 0 0
0.029 0 0
0.02925 0 0
0.0295 0 0
0.02975 0 0
0.03 0 0
0.03025 0 0
0.0305 0 0
0.03075 0 0
0.031 0 0
0.03125 0 0
0.0315 0 0
0.03175 0 0
0.032 0 0
0.03225 0 0
0.0325 0 0
0.03275 0 0
0.033 0 0
0.03325 0 0
0.0335 0 0
0.03375 0 0
0.034 0 0
0.03425 0 0
0.0345 0 0
0.03475 0 0
0.035 0 0
0.03525 0 0
0.0355 0 0
0.03575 0 0
0.036 0 0
0.03625 0 0
0.0365 0 0
0.03675 0 0
0.03700000000000001 0 0
0.03725000000000001 0 0
0.0375 0 0
0.03775 0 0
0.038 0 0
0.03825 0 0
0.0385 0 0
0.03875 0 0
0.039 0 0
0.03925 0 0
0.0395 0 0
0.03975 0 0
1 2 0 18
166
167
168
169
170
171
172
173
174
175
176
177
178
179
180
181
182
183
0.04 0.0002500000000000002 0
0.04 0.0005000000000000002 0
0.04 0.0007500000000000006 0
0.04 0.001000000000000001 0
0.04 0.001250000000000001 0
0.04 0.001500000000000002 0
0.04 0.001750000000000002 0
0.04 0.002000000000000002 0
0.04 0.002250000000000001 0
0.04 0.0025 0
0.04 0.002749999999999999 0
0.04 0.002999999999999997 0
0.04 0.003249999999999997 0
0.04 0.003499999999999996 0
0.04 0.003749999999999995 0
0.04 0.003999999999999994 0
0.04 0.004249999999999995 0
0.04 0.004499999999999997 0
1 3 0 1
184
0.04 0.005 0
1 4 0 18
185
186
187
188
189
190
191
192
193
194
195
196
197
198
199
200
201
202
0.04 0.005500000000000001 0
0.04 0.005750000000000001 0
0.04 0.006000000000000001 0
0.04 0.006250000000000001 0
0.04 0.006500000000000001 0
0.04 0.006750000000000002 0
0.04 0.007000000000000003 0
0.04 0.007250000000000003 0
0.04 0.007500000000000001 0
0.04 0.00775 0
0.04 0.008 0
0.04 0.008249999999999997 0
0.04 0.008499999999999997 0
0.04 0.008749999999999996 0
0.04 0.008999999999999994 0
0.04 0.009249999999999994 0
0.04 0.009499999999999995 0
0.04 0.009749999999999998 0
1 5 0 159
203
204
205
206
207
208
209
210
211
212
213
214
215
216
217
218
219
220
221
222
223
224
225
226
227
228
229
230
231
232
233
234
235
236
237
238
239
240
241
242
243
244
245
246
247
248
249
250
251
252
253
254
255
256
257
258
259
260
261
262
263
264
265
266
267
268
269
270
271
272
273
274
275
276
277
278
279
280
281
282
283
284
285
286
287
288
289
290
291
292
293
294
295
296
297
298
299
300
301
302
303
304
305
306
307
308
309
310
311
312
313
314
315
316
317
318
319
320
321
322
323
324
325
326
327
328
329
330
331
332
333
334
335
336
337
338
339
340
341
342
343
344
345
346
347
348
349
350
351
352
353
354
355
356
357
358
359
360
361
0.03975 0.01 0
0.0395 0.01 0
0.03925 0.01 0
0.039 0.01 0
0.03875 0.01 0
0.0385 0.01 0
0.03825 0.01 0
0.038 0.01 0
0.03775 0.01 0
0.03750000000000001 0.01 0
0.03725000000000001 0.01 0
0.03700000000000001 0.01 0
0.03675 0.01 0
0.0365 0.01 0
0.03625 0.01 0
0.036 0.01 0
0.03575 0.01 0
0.0355 0.01 0
0.03525 0.01 0
0.035 0.01 0
0.03475 0.01 0
0.0345 0.01 0
0.03425 0.01 0
0.034 0.01 0
0.03375 0.01 0
0.0335 0.01 0
0.03325 0.01 0
0.033 0.01 0
0.03275 0.01 0
0.0325 0.01 0
0.03225 0.01 0
0.032 0.01 0
0.03175 0.01 0
0.0315 0.01 0
0.03125 0.01 0
0.031 0.01 0
0.03075 0.01 0
0.03050000000000001 0.01 0
0.03025000000000001 0.01 0
0.03000000000000001 0.01 0
0.02975000000000001 0.01 0
0.02950000000000001 0.01 0
0.02925000000000001 0.01 0
0.029 0.01 0
0.02875 0.01 0
0.0285 0.01 0
0.02825 0.01 0
0.028 0.01 0
0.02775 0.01 0
0.0275 0.01 0
0.02725 0.01 0
0.027 0.01 0
0.02675 0.01 0
0.0265 0.01 0
0.02625 0.01 0
0.026 0.01 0
0.02575 0.01 0
0.0255 0.01 0
0.02525 0.01 0
0.025 0.01 0
0.02475 0.01 0
0.0245 0.01 0
0.02425 0.01 0
0.024 0.01 0
0.02375 0.01 0
0.0235 0.01 0
0.02325 0.01 0
0.023 0.01 0
0.02275 0.01 0
0.0225 0.01 0
0.02225 0.01 0
0.022 0.01 0
0.02175 0.01 0
0.0215 0.01 0
0.02125 0.01 0
0.021 0.01 0
0.02075 0.01 0
0.0205 0.01 0
0.02025 0.01 0
0.02 0.01 0
0.01975 0.01 0
0.0195 0.01 0
0.01925 0.01 0
0.019 0.01 0
0.01875 0.01 0
0.0185 0.01 0
0.01825 0.01 0
0.018 0.01 0
0.01775 0.01 0
0.0175 0.01 0
0.01725 0.01 0
0.017 0.01 0
0.01675 0.01 0
0.0165 0.01 0
0.01625 0.01 0
0.016 0.01 0
0.01575 0.01 0
0.0155 0.01 0
0.01525 0.01 0
0.015 0.01 0
0.01475 0.01 0
0.0145 0.01 0
0.01425 0.01 0
0.014 0.01 0
0.01375 0.01 0
0.0135 0.01 0
0.01325 0.01 0
0.013 0.01 0
0.01275 0.01 0
0.0125 0.01 0
0.01225 0.01 0
0.012 0.01 0
0.01175 0.01 0
0.0115 0.01 0
0.01125 0.01 0
0.011 0.01 0
0.01075 0.01 0
0.0105 0.01 0
0.01025 0.01 0
0.01 0.01 0
0.009750000000000002 0.01 0
0.009500000000000001 0.01 0
0.009250000000000001 0.01 0
0.009000000000000001 0.01 0
0.008750000000000001 0.01 0
0.008500000000000001 0.01 0
0.00825 0.01 0
0.008 0.01 0
0.00775 0.01 0
0.0075 0.01 0
0.00725 0.01 0
0.006999999999999999 0.01 0
0.006749999999999999 0.01 0
0.006499999999999999 0.01 0
0.006249999999999999 0.01 0
0.005999999999999998 0.01 0
0.005749999999999998 0.01 0
0.005499999999999998 0.01 0
0.005249999999999998 0.01 0
0.004999999999999998 0.01 0
0.004749999999999997 0.01 0
0.004499999999999997 0.01 0
0.004249999999999997 0.01 0
0.003999999999999997 0.01 0
0.003749999999999996 0.01 0
0.003499999999999996 0.01 0
0.003249999999999996 0.01 0
0.002999999999999996 0.01 0
0.002749999999999996 0.01 0
0.002500000000000002 0.01 0
0.002250000000000002 0.01 0
0.002000000000000002 0.01 0
0.001750000000000002 0.01 0
0.001500000000000001 0.01 0
0.001250000000000001 0.01 0
0.001000000000000001 0.01 0
0.0007500000000000007 0.01 0
0.0005000000000000004 0.01 0
0.0002500000000000002 0.01 0
1 6 0 39
362
363
364
365
366
367
368
369
370
371
372
373
374
375
376
377
378
379
380
381
382
383
384
385
386
387
388
389
390
391
392
393
394
395
396
397
398
399
400
0 0.00975 0
0 0.0095 0
0 0.009250000000000001 0
0 0.009000000000000001 0
0 0.008750000000000001 0
0 0.008500000000000001 0
0 0.00825 0
0 0.008 0
0 0.007750000000000001 0
0 0.007500000000000001 0
0 0.007250000000000001 0
0 0.007000000000000001 0
0 0.006750000000000001 0
0 0.006500000000000001 0
0 0.00625 0
0 0.006000000000000001 0
0 0.005750000000000001 0
0 0.005500000000000001 0
0 0.005250000000000001 0
0 0.005000000000000001 0
0 0.004750000000000001 0
0 0.004500000000000001 0
0 0.00425 0
0 0.004 0
0 0.003750000000000001 0
0 0.003500000000000001 0
0 0.00325 0
0 0.003 0
0 0.00275 0
0 0.0025 0
0 0.00225 0
0 0.002 0
0 0.00175 0
0 0.0015 0
0 0.001249999999999999 0
0 0.0009999999999999992 0
0 0.0007499999999999989 0
0 0.0005000000000000004 0
0 0.0002500000000000002 0
2 1 0 7189
401
402
403
404
405
406
407
408
409
410
411
412
413
414
415
416
417
418
419
420
421
422
423
424
425
426
427
428
429
430
431
432
433
434
435
436
437
438
439
440
441
442
443
444
445
446
447
448
449
450
451
452
453
454
455
456
457
458
459
460
461
462
463
464
465
466
467
468
469
470
471
472
473
474
475
476
477
478
479
480
481
482
483
484
485
486
487
488
489
490
491
492
493
494
495
496
497
498
499
500
501
502
503
504
505
506
507
508
509
510
511
512
513
514
515
516
517
518
519
520
521
522
523
524
525
526
527
528
529
530
531
532
533
534
535
536
537
538
539
540
541
542
543
544
545
546
547
548
549
550
551
552
553
554
555
556
557
558
559
560
561
562
563
564
565
566
567
568
569
570
571
572
573
574
575
576
577
578
579
580
581
582
583
584
585
586
587
588
589
590
591
592
593
594
595
596
597
598
599
600
601
602
603
604
605
606
607
608
609
610
611
612
613
614
615
616
617
618
619
620
621
622
623
624
625
626
627
628
629
630
631
632
633
634
635
636
637
638
639
640
641
642
643
644
645
646
647
648
649
650
651
652
653
654
655
656
657
658
659
660
661
662
663
664
665
666
667
668
669
670
671
672
673
674
675
676
677
678
679
680
681
682
683
684
685
686
687
688
689
690
691
692
693
694
695
696
697
698
699
700
701
702
703
704
705
706
707
708
709
710
711
712
713
714
715
716
717
718
719
720
721
722
723
724
725
726
727
728
729
730
731
732
733
734
735
736
737
738
739
740
741
742
743
744
745
746
747
748
749
750
751
752
753
754
755
756
757
758
759
760
761
762
763
764
765
766
767
768
769
770
771
772
773
774
775
776
777
778
779
780
781
782
783
784
785
786
787
788
789
790
791
792
793
794
795
796
797
798
799
800
801
802
803
804
805
806
807
808
809
810
811
812
813
814
815
816
817
818
819
820
821
822
823
824
825
826
827
828
829
830
831
832
833
834
835
836
837
838
839
840
841
842
843
844
845
846
847
848
849
850
851
852
853
854
855
856
857
858
859
860
861
862
863
864
865
866
867
868
869
870
871
872
873
874
875
876
877
878
879
880
881
882
883
884
885
886
887
888
889
890
891
892
893
894
895
896
897
898
899
900
901
902
903
904
905
906
907
908
909
910
911
912
913
914
915
916
917
918
919
920
921
922
923
924
925
926
927
928
929
930
931
932
933
934
935
936
937
938
939
940
941
942
943
944
945
946
947
948
949
950
951
952
953
954
955
956
957
958
959
960
961
962
963
964
965
966
967
968
969
970
971
972
973
974
975
976
977
978
979
980
981
982
983
984
985
986
987
988
989
990
991
992
993
994
995
996
997
998
999
1000
1001
1002
1003
1004
1005
1006
1007
1008
1009
1010
1011
1012
1013
1014
1015
1016
1017
1018
1019
1020
1021
1022
1023
1024
1025
1026
1027
1028
1029
1030
1031
1032
1033
1034
1035
1036
1037
1038
1039
1040
1041
1042
1043
1044
1045
1046
1047
1048
1049
1050
1051
1052
1053
1054
1055
1056
1057
1058
1059
1060
1061
1062
1063
1064
1065
1066
1067
1068
1069
1070
1071
1072
1073
1074
1075
1076
1077
1078
1079
1080
1081
1082
1083
1084
1085
1086
1087
1088
1089
1090
1091
1092
1093
1094
1095
1096
1097
1098
1099
1100
1101
1102
1103
1104
1105
1106
1107
1108
1109
1110
1111
1112
1113
1114
1115
1116
1117
1118
1119
1120
1121
1122
1123
1124
1125
1126
1127
1128
1129
1130
1131
1132
1133
1134
1135
1136
1137
1138
1139
1140
1141
1142
1143
1144
1145
1146
1147
1148
1149
1150
1151
1152
1153
1154
1155
1156
1157
1158
1159
1160
1161
1162
1163
1164
1165
1166
1167
1168
1169
1170
1171
1172
1173
1174
1175
1176
1177
1178
1179
1180
1181
1182
1183
1184
1185
1186
1187
1188
1189
1190
1191
1192
1193
1194
1195
1196
1197
1198
1199
1200
1201
1202
1203
1204
1205
1206
1207
1208
1209
1210
1211
1212
1213
1214
1215
1216
1217
1218
1219
1220
1221
1222
1223
1224
1225
1226
1227
1228
1229
1230
1231
1232
1233
1234
1235
1236
1237
1238
1239
1240
1241
1242
1243
1244
1245
1246
1247
1248
1249
1250
1251
1252
1253
1254
1255
1256
1257
1258
1259
1260
1261
1262
1263
1264
1265
1266
1267
1268
1269
1270
1271
1272
1273
1274
1275
1276
1277
1278
1279
1280
1281
1282
1283
1284
1285
1286
1287
1288
1289
1290
1291
1292
1293
1294
1295
1296
1297
1298
1299
1300
1301
1302
1303
1304
1305
1306
1307
1308
1309
1310
1311
1312
1313
1314
1315
1316
1317
1318
1319
1320
1321
1322
1323
1324
1325
1326
1327
1328
1329
1330
1331
1332
1333
1334
1335
1336
1337
1338
1339
1340
1341
1342
1343
1344
1345
1346
1347
1348
1349
1350
1351
1352
1353
1354
1355
1356
1357
1358
1359
1360
1361
1362
1363
1364
1365
1366
1367
1368
1369
1370
1371
1372
1373
1374
1375
1376
1377
1378
1379
1380
1381
1382
1383
1384
1385
1386
1387
1388
1389
1390
1391
1392
1393
1394
1395
1396
1397
1398
1399
1400
1401
1402
1403
1404
1405
1406
1407
1408
1409
1410
1411
1412
1413
1414
1415
1416
1417
1418
1419
1420
1421
1422
1423
1424
1425
1426
1427
1428
1429
1430
1431
1432
1433
1434
1435
1436
1437
1438
1439
1440
1441
1442
1443
1444
1445
1446
1447
1448
1449
1450
1451
1452
1453
1454
1455
1456
1457
1458
1459
1460
1461
1462
1463
1464
1465
1466
1467
1468
1469
1470
1471
1472
1473
1474
1475
1476
1477
1478
1479
1480
1481
1482
1483
1484
1485
1486
1487
1488
1489
1490
1491
1492
1493
1494
1495
1496
1497
1498
1499
1500
1501
1502
1503
1504
1505
1506
1507
1508
1509
1510
1511
1512
1513
1514
1515
1516
1517
1518
1519
1520
1521
1522
1523
1524
1525
1526
1527
1528
1529
1530
1531
1532
1533
1534
1535
1536
1537
1538
1539
1540
1541
1542
1543
1544
1545
1546
1547
1548
1549
1550
1551
1552
1553
1554
1555
1556
1557
1558
1559
1560
1561
1562
1563
1564
1565
1566
1567
1568
1569
1570
1571
1572
1573
1574
1575
1576
1577
1578
1579
1580
1581
1582
1583
1584
1585
1586
1587
1588
1589
1590
1591
1592
1593
1594
1595
1596
1597
1598
1599
1600
1601
1602
1603
1604
1605
1606
1607
1608
1609
1610
1611
1612
1613
1614
1615
1616
1617
1618
1619
1620
1621
1622
1623
1624
1625
1626
1627
1628
1629
1630
1631
1632
1633
1634
1635
1636
1637
1638
1639
1640
1641
1642
1643
1644
1645
1646
1647
1648
1649
1650
1651
1652
1653
1654
1655
1656
1657
1658
1659
1660
1661
1662
1663
1664
1665
1666
1667
1668
1669
1670
1671
1672
1673
1674
1675
1676
1677
1678
1679
1680
1681
1682
1683
1684
1685
1686
1687
1688
1689
1690
1691
1692
1693
1694
1695
1696
1697
1698
1699
1700
1701
1702
1703
1704
1705
1706
1707
1708
1709
1710
1711
1712
1713
1714
1715
1716
1717
1718
1719
1720
1721
1722
1723
1724
1725
1726
1727
1728
1729
1730
1731
1732
1733
1734
1735
1736
1737
1738
1739
1740
1741
1742
1743
1744
1745
1746
1747
1748
1749
1750
1751
1752
1753
1754
1755
1756
1757
1758
1759
1760
1761
1762
1763
1764
1765
1766
1767
1768
1769
1770
1771
1772
1773
1774
1775
1776
1777
1778
1779
1780
1781
1782
1783
1784
1785
1786
1787
1788
1789
1790
1791
1792
1793
1794
1795
1796
1797
1798
1799
1800
1801
1802
1803
1804
1805
1806
1807
1808
1809
1810
1811
1812
1813
1814
1815
1816
1817
1818
1819
1820
1821
1822
1823
1824
1825
1826
1827
1828
1829
1830
1831
1832
1833
1834
1835
1836
1837
1838
1839
1840
1841
1842
1843
1844
1845
1846
1847
1848
1849
1850
1851
1852
1853
1854
1855
1856
1857
1858
1859
1860
1861
1862
1863
1864
1865
1866
1867
1868
1869
1870
1871
1872
1873
1874
1875
1876
1877
1878
1879
1880
1881
1882
1883
1884
1885
1886
1887
1888
1889
1890
1891
1892
1893
1894
1895
1896
1897
1898
1899
1900
1901
1902
1903
1904
1905
1906
1907
1908
1909
1910
1911
1912
1913
1914
1915
1916
1917
1918
1919
1920
1921
1922
1923
1924
1925
1926
1927
1928
1929
1930
1931
1932
1933
1934
1935
1936
1937
1938
1939
1940
1941
1942
1943
1944
1945
1946
1947
1948
1949
1950
1951
1952
1953
1954
1955
1956
1957
1958
1959
1960
1961
1962
1963
1964
1965
1966
1967
1968
1969
1970
1971
1972
1973
1974
1975
1976
1977
1978
1979
1980
1981
1982
1983
1984
1985
1986
1987
1988
1989
1990
1991
1992
1993
1994
1995
1996
1997
1998
1999
2000
2001
2002
2003
2004
2005
2006
2007
2008
2009
2010
2011
2012
2013
2014
2015
2016
2017
2018
2019
2020
2021
2022
2023
2024
2025
2026
2027
2028
2029
2030
2031
2032
2033
2034
2035
2036
2037
2038
2039
2040
2041
2042
2043
2044
2045
2046
2047
2048
2049
2050
2051
2052
2053
2054
2055
2056
2057
2058
2059
2060
2061
2062
2063
2064
2065
2066
2067
2068
2069
2070
2071
2072
2073
2074
2075
2076
2077
2078
2079
2080
2081
2082
2083
2084
2085
2086
2087
2088
2089
2090
2091
2092
2093
2094
2095
2096
2097
2098
2099
2100
2101
2102
2103
2104
2105
2106
2107
2108
2109
2110
2111
2112
2113
2114
2115
2116
2117
2118
2119
2120
2121
2122
2123
2124
2125
2126
2127
2128
2129
2130
2131
2132
2133
2134
2135
2136
2137
2138
2139
2140
2141
2142
2143
2144
2145
2146
2147
2148
2149
2150
2151
2152
2153
2154
2155
2156
2157
2158
2159
2160
2161
2162
2163
2164
2165
2166
2167
2168
2169
2170
2171
2172
2173
2174
2175
2176
2177
2178
2179
2180
2181
2182
2183
2184
2185
2186
2187
2188
2189
2190
2191
2192
2193
2194
2195
2196
2197
2198
2199
2200
2201
2202
2203
2204
2205
2206
2207
2208
2209
2210
2211
2212
2213
2214
2215
2216
2217
2218
2219
2220
2221
2222
2223
2224
2225
2226
2227
2228
2229
2230
2231
2232
2233
2234
2235
2236
2237
2238
2239
2240
2241
2242
2243
2244
2245
2246
2247
2248
2249
2250
2251
2252
2253
2254
2255
2256
2257
2258
2259
2260
2261
2262
2263
2264
2265
2266
2267
2268
2269
2270
2271
2272
2273
2274
2275
2276
2277
2278
2279
2280
2281
2282
2283
2284
2285
2286
2287
2288
2289
2290
2291
2292
2293
2294
2295
2296
2297
2298
2299
2300
2301
2302
2303
2304
2305
2306
2307
2308
2309
2310
2311
2312
2313
2314
2315
2316
2317
2318
2319
2320
2321
2322
2323
2324
2325
2326
2327
2328
2329
2330
2331
2332
2333
2334
2335
2336
2337
2338
2339
2340
2341
2342
2343
2344
2345
2346
2347
2348
2349
2350
2351
2352
2353
2354
2355
2356
2357
2358
2359
2360
2361
2362
2363
2364
2365
2366
2367
2368
2369
2370
2371
2372
2373
2374
2375
2376
2377
2378
2379
2380
2381
2382
2383
2384
2385
2386
2387
2388
2389
2390
2391
2392
2393
2394
2395
2396
2397
2398
2399
2400
2401
2402
2403
2404
2405
2406
2407
2408
2409
2410
2411
2412
2413
2414
2415
2416
2417
2418
2419
2420
2421
2422
2423
2424
2425
2426
2427
2428
2429
2430
2431
2432
2433
2434
2435
2436
2437
2438
2439
2440
2441
2442
2443
2444
2445
2446
2447
2448
2449
2450
2451
2452
2453
2454
2455
2456
2457
2458
2459
2460
2461
2462
2463
2464
2465
2466
2467
2468
2469
2470
2471
2472
2473
2474
2475
2476
2477
2478
2479
2480
2481
2482
2483
2484
2485
2486
2487
2488
2489
2490
2491
2492
2493
2494
2495
2496
2497
2498
2499
2500
2501
2502
2503
2504
2505
2506
2507
2508
2509
2510
2511
2512
2513
2514
2515
2516
2517
2518
2519
2520
2521
2522
2523
2524
2525
2526
2527
2528
2529
2530
2531
2532
2533
2534
2535
2536
2537
2538
2539
2540
2541
2542
2543
2544
2545
2546
2547
2548
2549
2550
2551
2552
2553
2554
2555
2556
2557
2558
2559
2560
2561
2562
2563
2564
2565
2566
2567
2568
2569
2570
2571
2572
2573
2574
2575
2576
2577
2578
2579
2580
2581
2582
2583
2584
2585
2586
2587
2588
2589
2590
2591
2592
2593
2594
2595
2596
2597
2598
2599
2600
2601
2602
2603
2604
2605
2606
2607
2608
2609
2610
2611
2612
2613
2614
2615
2616
2617
2618
2619
2620
2621
2622
2623
2624
2625
2626
2627
2628
2629
2630
2631
2632
2633
2634
2635
2636
2637
2638
2639
2640
2641
2642
2643
2644
2645
2646
2647
2648
2649
2650
2651
2652
2653
2654
2655
2656
2657
2658
2659
2660
2661
2662
2663
2664
2665
2666
2667
2668
2669
2670
2671
2672
2673
2674
2675
2676
2677
2678
2679
2680
2681
2682
2683
2684
2685
2686
2687
2688
2689
2690
2691
2692
2693
2694
2695
2696
2697
2698
2699
2700
2701
2702
2703
2704
2705
2706
2707
2708
2709
2710
2711
2712
2713
2714
2715
2716
2717
2718
2719
2720
2721
2722
2723
2724
2725
2726
2727
2728
2729
2730
2731
2732
2733
2734
2735
2736
2737
2738
2739
2740
2741
2742
2743
2744
2745
2746
2747
2748
2749
2750
2751
2752
2753
2754
2755
2756
2757
2758
2759
2760
2761
2762
2763
2764
2765
2766
2767
2768
2769
2770
2771
2772
2773
2774
2775
2776
2777
2778
2779
2780
2781
2782
2783
2784
2785
2786
2787
2788
2789
2790
2791
2792
2793
2794
2795
2796
2797
2798
2799
2800
2801
2802
2803
2804
2805
2806
2807
2808
2809
2810
2811
2812
2813
2814
2815
2816
2817
2818
2819
2820
2821
2822
2823
2824
2825
2826
2827
2828
2829
2830
2831
2832
2833
2834
2835
2836
2837
2838
2839
2840
2841
2842
2843
2844
2845
2846
2847
2848
2849
2850
2851
2852
2853
2854
2855
2856
2857
2858
2859
2860
2861
2862
2863
2864
2865
2866
2867
2868
2869
2870
2871
2872
2873
2874
2875
2876
2877
2878
2879
2880
2881
2882
2883
2884
2885
2886
2887
2888
2889
2890
2891
2892
2893
2894
2895
2896
2897
2898
2899
2900
2901
2902
2903
2904
2905
2906
2907
2908
2909
2910
2911
2912
2913
2914
2915
2916
2917
2918
2919
2920
2921
2922
2923
2924
2925
2926
2927
2928
2929
2930
2931
2932
2933
2934
2935
2936
2937
2938
2939
2940
2941
2942
2943
2944
2945
2946
2947
2948
2949
2950
2951
2952
2953
2954
2955
2956
2957
2958
2959
2960
2961
2962
2963
2964
2965
2966
2967
2968
2969
2970
2971
2972
2973
2974
2975
2976
2977
2978
2979
2980
2981
2982
2983
2984
2985
2986
2987
2988
2989
2990
2991
2992
2993
2994
2995
2996
2997
2998
2999
3000
3001
3002
3003
3004
3005
3006
3007
3008
3009
3010
3011
3012
3013
3014
3015
3016
3017
3018
3019
3020
3021
3022
3023
3024
3025
3026
3027
3028
3029
3030
3031
3032
3033
3034
3035
3036
3037
3038
3039
3040
3041
3042
3043
3044
3045
3046
3047
3048
3049
3050
3051
3052
3053
3054
3055
3056
3057
3058
3059
3060
3061
3062
3063
3064
3065
3066
3067
3068
3069
3070
3071
3072
3073
3074
3075
3076
3077
3078
3079
3080
3081
3082
3083
3084
3085
3086
3087
3088
3089
3090
3091
3092
3093
3094
3095
3096
3097
3098
3099
3100
3101
3102
3103
3104
3105
3106
3107
3108
3109
3110
3111
3112
3113
3114
3115
3116
3117
3118
3119
3120
3121
3122
3123
3124
3125
3126
3127
3128
3129
3130
3131
3132
3133
3134
3135
3136
3137
3138
3139
3140
3141
3142
3143
3144
3145
3146
3147
3148
3149
3150
3151
3152
3153
3154
3155
3156
3157
3158
3159
3160
3161
3162
3163
3164
3165
3166
3167
3168
3169
3170
3171
3172
3173
3174
3175
3176
3177
3178
3179
3180
3181
3182
3183
3184
3185
3186
3187
3188
3189
3190
3191
3192
3193
3194
3195
3196
3197
3198
3199
3200
3201
3202
3203
3204
3205
3206
3207
3208
3209
3210
3211
3212
3213
3214
3215
3216
3217
3218
3219
3220
3221
3222
3223
3224
3225
3226
3227
3228
3229
3230
3231
3232
3233
3234
3235
3236
3237
3238
3239
3240
3241
3242
3243
3244
3245
3246
3247
3248
3249
3250
3251
3252
3253
3254
3255
3256
3257
3258
3259
3260
3261
3262
3263
3264
3265
3266
3267
3268
3269
3270
3271
3272
3273
3274
3275
3276
3277
3278
3279
3280
3281
3282
3283
3284
3285
3286
3287
3288
3289
3290
3291
3292
3293
3294
3295
3296
3297
3298
3299
3300
3301
3302
3303
3304
3305
3306
3307
3308
3309
3310
3311
3312
3313
3314
3315
3316
3317
3318
3319
3320
3321
3322
3323
3324
3325
3326
3327
3328
3329
3330
3331
3332
3333
3334
3335
3336
3337
3338
3339
3340
3341
3342
3343
3344
3345
3346
3347
3348
3349
3350
3351
3352
3353
3354
3355
3356
3357
3358
3359
3360
3361
3362
3363
3364
3365
3366
3367
3368
3369
3370
3371
3372
3373
3374
3375
3376
3377
3378
3379
3380
3381
3382
3383
3384
3385
3386
3387
3388
3389
3390
3391
3392
3393
3394
3395
3396
3397
3398
3399
3400
3401
3402
3403
3404
3405
3406
3407
3408
3409
3410
3411
3412
3413
3414
3415
3416
3417
3418
3419
3420
3421
3422
3423
3424
3425
3426
3427
3428
3429
3430
3431
3432
3433
3434
3435
3436
3437
3438
3439
3440
3441
3442
3443
3444
3445
3446
3447
3448
3449
3450
3451
3452
3453
3454
3455
3456
3457
3458
3459
3460
3461
3462
3463
3464
3465
3466
3467
3468
3469
3470
3471
3472
3473
3474
3475
3476
3477
3478
3479
3480
3481
3482
3483
3484
3485
3486
3487
3488
3489
3490
3491
3492
3493
3494
3495
3496
3497
3498
3499
3500
3501
3502
3503
3504
3505
3506
3507
3508
3509
3510
3511
3512
3513
3514
3515
3516
3517
3518
3519
3520
3521
3522
3523
3524
3525
3526
3527
3528
3529
3530
3531
3532
3533
3534
3535
3536
3537
3538
3539
3540
3541
3542
3543
3544
3545
3546
3547
3548
3549
3550
3551
3552
3553
3554
3555
3556
3557
3558
3559
3560
3561
3562
3563
3564
3565
3566
3567
3568
3569
3570
3571
3572
3573
3574
3575
3576
3577
3578
3579
3580
3581
3582
3583
3584
3585
3586
3587
3588
3589
3590
3591
3592
3593
3594
3595
3596
3597
3598
3599
3600
3601
3602
3603
3604
3605
3606
3607
3608
3609
3610
3611
3612
3613
3614
3615
3616
3617
3618
3619
3620
3621
3622
3623
3624
3625
3626
3627
3628
3629
3630
3631
3632
3633
3634
3635
3636
3637
3638
3639
3640
3641
3642
3643
3644
3645
3646
3647
3648
3649
3650
3651
3652
3653
3654
3655
3656
3657
3658
3659
3660
3661
3662
3663
3664
3665
3666
3667
3668
3669
3670
3671
3672
3673
3674
3675
3676
3677
3678
3679
3680
3681
3682
3683
3684
3685
3686
3687
3688
3689
3690
3691
3692
3693
3694
3695
3696
3697
3698
3699
3700
3701
3702
3703
3704
3705
3706
3707
3708
3709
3710
3711
3712
3713
3714
3715
3716
3717
3718
3719
3720
3721
3722
3723
3724
3725
3726
3727
3728
3729
3730
3731
3732
3733
3734
3735
3736
3737
3738
3739
3740
3741
3742
3743
3744
3745
3746
3747
3748
3749
3750
3751
3752
3753
3754
3755
3756
3757
3758
3759
3760
3761
3762
3763
3764
3765
3766
3767
3768
3769
3770
3771
3772
3773
3774
3775
3776
3777
3778
3779
3780
3781
3782
3783
3784
3785
3786
3787
3788
3789
3790
3791
3792
3793
3794
3795
3796
3797
3798
3799
3800
3801
3802
3803
3804
3805
3806
3807
3808
3809
3810
3811
3812
3813
3814
3815
3816
3817
3818
3819
3820
3821
3822
3823
3824
3825
3826
3827
3828
3829
3830
3831
3832
3833
3834
3835
3836
3837
3838
3839
3840
3841
3842
3843
3844
3845
3846
3847
3848
3849
3850
3851
3852
3853
3854
3855
3856
3857
3858
3859
3860
3861
3862
3863
3864
3865
3866
3867
3868
3869
3870
3871
3872
3873
3874
3875
3876
3877
3878
3879
3880
3881
3882
3883
3884
3885
3886
3887
3888
3889
3890
3891
3892
3893
3894
3895
3896
3897
3898
3899
3900
3901
3902
3903
3904
3905
3906
3907
3908
3909
3910
3911
3912
3913
3914
3915
3916
3917
3918
3919
3920
3921
3922
3923
3924
3925
3926
3927
3928
3929
3930
3931
3932
3933
3934
3935
3936
3937
3938
3939
3940
3941
3942
3943
3944
3945
3946
3947
3948
3949
3950
3951
3952
3953
3954
3955
3956
3957
3958
3959
3960
3961
3962
3963
3964
3965
3966
3967
3968
3969
3970
3971
3972
3973
3974
3975
3976
3977
3978
3979
3980
3981
3982
3983
3984
3985
3986
3987
3988
3989
3990
3991
3992
3993
3994
3995
3996
3997
3998
3999
4000
4001
4002
4003
4004
4005
4006
4007
4008
4009
4010
4011
4012
4013
4014
4015
4016
4017
4018
4019
4020
4021
4022
4023
4024
4025
4026
4027
4028
4029
4030
4031
4032
4033
4034
4035
4036
4037
4038
4039
4040
4041
4042
4043
4044
4045
4046
4047
4048
4049
4050
4051
4052
4053
4054
4055
4056
4057
4058
4059
4060
4061
4062
4063
4064
4065
4066
4067
4068
4069
4070
4071
4072
4073
4074
4075
4076
4077
4078
4079
4080
4081
4082
4083
4084
4085
4086
4087
4088
4089
4090
4091
4092
4093
4094
4095
4096
4097
4098
4099
4100
4101
4102
4103
4104
4105
4106
4107
4108
4109
4110
4111
4112
4113
4114
4115
4116
4117
4118
4119
4120
4121
4122
4123
4124
4125
4126
4127
4128
4129
4130
4131
4132
4133
4134
4135
4136
4137
4138
4139
4140
4141
4142
4143
4144
4145
4146
4147
4148
4149
4150
4151
4152
4153
4154
4155
4156
4157
4158
4159
4160
4161
4162
4163
4164
4165
4166
4167
4168
4169
4170
4171
4172
4173
4174
4175
4176
4177
4178
4179
4180
4181
4182
4183
4184
4185
4186
4187
4188
4189
4190
4191
4192
4193
4194
4195
4196
4197
4198
4199
4200
4201
4202
4203
4204
4205
4206
4207
4208
4209
4210
4211
4212
4213
4214
4215
4216
4217
4218
4219
4220
4221
4222
4223
4224
4225
4226
4227
4228
4229
4230
4231
4232
4233
4234
4235
4236
4237
4238
4239
4240
4241
4242
4243
4244
4245
4246
4247
4248
4249
4250
4251
4252
4253
4254
4255
4256
4257
4258
4259
4260
4261
4262
4263
4264
4265
4266
4267
4268
4269
4270
4271
4272
4273
4274
4275
4276
4277
4278
4279
4280
4281
4282
4283
4284
4285
4286
4287
4288
4289
4290
4291
4292
4293
4294
4295
4296
4297
4298
4299
4300
4301
4302
4303
4304
4305
4306
4307
4308
4309
4310
4311
4312
4313
4314
4315
4316
4317
4318
4319
4320
4321
4322
4323
4324
4325
4326
4327
4328
4329
4330
4331
4332
4333
4334
4335
4336
4337
4338
4339
4340
4341
4342
4343
4344
4345
4346
4347
4348
4349
4350
4351
4352
4353
4354
4355
4356
4357
4358
4359
4360
4361
4362
4363
4364
4365
4366
4367
4368
4369
4370
4371
4372
4373
4374
4375
4376
4377
4378
4379
4380
4381
4382
4383
4384
4385
4386
4387
4388
4389
4390
4391
4392
4393
4394
4395
4396
4397
4398
4399
4400
4401
4402
4403
4404
4405
4406
4407
4408
4409
4410
4411
4412
4413
4414
4415
4416
4417
4418
4419
4420
4421
4422
4423
4424
4425
4426
4427
4428
4429
4430
4431
4432
4433
4434
4435
4436
4437
4438
4439
4440
4441
4442
4443
4444
4445
4446
4447
4448
4449
4450
4451
4452
4453
4454
4455
4456
4457
4458
4459
4460
4461
4462
4463
4464
4465
4466
4467
4468
4469
4470
4471
4472
4473
4474
4475
4476
4477
4478
4479
4480
4481
4482
4483
4484
4485
4486
4487
4488
4489
4490
4491
4492
4493
4494
4495
4496
4497
4498
4499
4500
4501
4502
4503
4504
4505
4506
4507
4508
4509
4510
4511
4512
4513
4514
4515
4516
4517
4518
4519
4520
4521
4522
4523
4524
4525
4526
4527
4528
4529
4530
4531
4532
4533
4534
4535
4536
4537
4538
4539
4540
4541
4542
4543
4544
4545
4546
4547
4548
4549
4550
4551
4552
4553
4554
4555
4556
4557
4558
4559
4560
4561
4562
4563
4564
4565
4566
4567
4568
4569
4570
4571
4572
4573
4574
4575
4576
4577
4578
4579
4580
4581
4582
4583
4584
4585
4586
4587
4588
4589
4590
4591
4592
4593
4594
4595
4596
4597
4598
4599
4600
4601
4602
4603
4604
4605
4606
4607
4608
4609
4610
4611
4612
4613
4614
4615
4616
4617
4618
4619
4620
4621
4622
4623
4624
4625
4626
4627
4628
4629
4630
4631
4632
4633
4634
4635
4636
4637
4638
4639
4640
4641
4642
4643
4644
4645
4646
4647
4648
4649
4650
4651
4652
4653
4654
4655
4656
4657
4658
4659
4660
4661
4662
4663
4664
4665
4666
4667
4668
4669
4670
4671
4672
4673
4674
4675
4676
4677
4678
4679
4680
4681
4682
4683
4684
4685
4686
4687
4688
4689
4690
4691
4692
4693
4694
4695
4696
4697
4698
4699
4700
4701
4702
4703
4704
4705
4706
4707
4708
4709
4710
4711
4712
4713
4714
4715
4716
4717
4718
4719
4720
4721
4722
4723
4724
4725
4726
4727
4728
4729
4730
4731
4732
4733
4734
4735
4736
4737
4738
4739
4740
4741
4742
4743
4744
4745
4746
4747
4748
4749
4750
4751
4752
4753
4754
4755
4756
4757
4758
4759
4760
4761
4762
4763
4764
4765
4766
4767
4768
4769
4770
4771
4772
4773
4774
4775
4776
4777
4778
4779
4780
4781
4782
4783
4784
4785
4786
4787
4788
4789
4790
4791
4792
4793
4794
4795
4796
4797
4798
4799
4800
4801
4802
4803
4804
4805
4806
4807
4808
4809
4810
4811
4812
4813
4814
4815
4816
4817
4818
4819
4820
4821
4822
4823
4824
4825
4826
4827
4828
4829
4830
4831
4832
4833
4834
4835
4836
4837
4838
4839
4840
4841
4842
4843
4844
4845
4846
4847
4848
4849
4850
4851
4852
4853
4854
4855
4856
4857
4858
4859
4860
4861
4862
4863
4864
4865
4866
4867
4868
4869
4870
4871
4872
4873
4874
4875
4876
4877
4878
4879
4880
4881
4882
4883
4884
4885
4886
4887
4888
4889
4890
4891
4892
4893
4894
4895
4896
4897
4898
4899
4900
4901
4902
4903
4904
4905
4906
4907
4908
4909
4910
4911
4912
4913
4914
4915
4916
4917
4918
4919
4920
4921
4922
4923
4924
4925
4926
4927
4928
4929
4930
4931
4932
4933
4934
4935
4936
4937
4938
4939
4940
4941
4942
4943
4944
4945
4946
4947
4948
4949
4950
4951
4952
4953
4954
4955
4956
4957
4958
4959
4960
4961
4962
4963
4964
4965
4966
4967
4968
4969
4970
4971
4972
4973
4974
4975
4976
4977
4978
4979
4980
4981
4982
4983
4984
4985
4986
4987
4988
4989
4990
4991
4992
4993
4994
4995
4996
4997
4998
4999
5000
5001
5002
5003
5004
5005
5006
5007
5008
5009
5010
5011
5012
5013
5014
5015
5016
5017
5018
5019
5020
5021
5022
5023
5024
5025
5026
5027
5028
5029
5030
5031
5032
5033
5034
5035
5036
5037
5038
5039
5040
5041
5042
5043
5044
5045
5046
5047
5048
5049
5050
5051
5052
5053
5054
5055
5056
5057
5058
5059
5060
5061
5062
5063
5064
5065
5066
5067
5068
5069
5070
5071
5072
5073
5074
5075
5076
5077
5078
5079
5080
5081
5082
5083
5084
5085
5086
5087
5088
5089
5090
5091
5092
5093
5094
5095
5096
5097
5098
5099
5100
5101
5102
5103
5104
5105
5106
5107
5108
5109
5110
5111
5112
5113
5114
5115
5116
5117
5118
5119
5120
5121
5122
5123
5124
5125
5126
5127
5128
5129
5130
5131
5132
5133
5134
5135
5136
5137
5138
5139
5140
5141
5142
5143
5144
5145
5146
5147
5148
5149
5150
5151
5152
5153
5154
5155
5156
5157
5158
5159
5160
5161
5162
5163
5164
5165
5166
5167
5168
5169
5170
5171
5172
5173
5174
5175
5176
5177
5178
5179
5180
5181
5182
5183
5184
5185
5186
5187
5188
5189
5190
5191
5192
5193
5194
5195
5196
5197
5198
5199
5200
5201
5202
5203
5204
5205
5206
5207
5208
5209
5210
5211
5212
5213
5214
5215
5216
5217
5218
5219
5220
5221
5222
5223
5224
5225
5226
5227
5228
5229
5230
5231
5232
5233
5234
5235
5236
5237
5238
5239
5240
5241
5242
5243
5244
5245
5246
5247
5248
5249
5250
5251
5252
5253
5254
5255
5256
5257
5258
5259
5260
5261
5262
5263
5264
5265
5266
5267
5268
5269
5270
5271
5272
5273
5274
5275
5276
5277
5278
5279
5280
5281
5282
5283
5284
5285
5286
5287
5288
5289
5290
5291
5292
5293
5294
5295
5296
5297
5298
5299
5300
5301
5302
5303
5304
5305
5306
5307
5308
5309
5310
5311
5312
5313
5314
5315
5316
5317
5318
5319
5320
5321
5322
5323
5324
5325
5326
5327
5328
5329
5330
5331
5332
5333
5334
5335
5336
5337
5338
5339
5340
5341
5342
5343
5344
5345
5346
5347
5348
5349
5350
5351
5352
5353
5354
5355
5356
5357
5358
5359
5360
5361
5362
5363
5364
5365
5366
5367
5368
5369
5370
5371
5372
5373
5374
5375
5376
5377
5378
5379
5380
5381
5382
5383
5384
5385
5386
5387
5388
5389
5390
5391
5392
5393
5394
5395
5396
5397
5398
5399
5400
5401
5402
5403
5404
5405
5406
5407
5408
5409
5410
5411
5412
5413
5414
5415
5416
5417
5418
5419
5420
5421
5422
5423
5424
5425
5426
5427
5428
5429
5430
5431
5432
5433
5434
5435
5436
5437
5438
5439
5440
5441
5442
5443
5444
5445
5446
5447
5448
5449
5450
5451
5452
5453
5454
5455
5456
5457
5458
5459
5460
5461
5462
5463
5464
5465
5466
5467
5468
5469
5470
5471
5472
5473
5474
5475
5476
5477
5478
5479
5480
5481
5482
5483
5484
5485
5486
5487
5488
5489
5490
5491
5492
5493
5494
5495
5496
5497
5498
5499
5500
5501
5502
5503
5504
5505
5506
5507
5508
5509
5510
5511
5512
5513
5514
5515
5516
5517
5518
5519
5520
5521
5522
5523
5524
5525
5526
5527
5528
5529
5530
5531
5532
5533
5534
5535
5536
5537
5538
5539
5540
5541
5542
5543
5544
5545
5546
5547
5548
5549
5550
5551
5552
5553
5554
5555
5556
5557
5558
5559
5560
5561
5562
5563
5564
5565
5566
5567
5568
5569
5570
5571
5572
5573
5574
5575
5576
5577
5578
5579
5580
5581
5582
5583
5584
5585
5586
5587
5588
5589
5590
5591
5592
5593
5594
5595
5596
5597
5598
5599
5600
5601
5602
5603
5604
5605
5606
5607
5608
5609
5610
5611
5612
5613
5614
5615
5616
5617
5618
5619
5620
5621
5622
5623
5624
5625
5626
5627
5628
5629
5630
5631
5632
5633
5634
5635
5636
5637
5638
5639
5640
5641
5642
5643
5644
5645
5646
5647
5648
5649
5650
5651
5652
5653
5654
5655
5656
5657
5658
5659
5660
5661
5662
5663
5664
5665
5666
5667
5668
5669
5670
5671
5672
5673
5674
5675
5676
5677
5678
5679
5680
5681
5682
5683
5684
5685
5686
5687
5688
5689
5690
5691
5692
5693
5694
5695
5696
5697
5698
5699
5700
5701
5702
5703
5704
5705
5706
5707
5708
5709
5710
5711
5712
5713
5714
5715
5716
5717
5718
5719
5720
5721
5722
5723
5724
5725
5726
5727
5728
5729
5730
5731
5732
5733
5734
5735
5736
5737
5738
5739
5740
5741
5742
5743
5744
5745
5746
5747
5748
5749
5750
5751
5752
5753
5754
5755
5756
5757
5758
5759
5760
5761
5762
5763
5764
5765
5766
5767
5768
5769
5770
5771
5772
5773
5774
5775
5776
5777
5778
5779
5780
5781
5782
5783
5784
5785
5786
5787
5788
5789
5790
5791
5792
5793
5794
5795
5796
5797
5798
5799
5800
5801
5802
5803
5804
5805
5806
5807
5808
5809
5810
5811
5812
5813
5814
5815
5816
5817
5818
5819
5820
5821
5822
5823
5824
5825
5826
5827
5828
5829
5830
5831
5832
5833
5834
5835
5836
5837
5838
5839
5840
5841
5842
5843
5844
5845
5846
5847
5848
5849
5850
5851
5852
5853
5854
5855
5856
5857
5858
5859
5860
5861
5862
5863
5864
5865
5866
5867
5868
5869
5870
5871
5872
5873
5874
5875
5876
5877
5878
5879
5880
5881
5882
5883
5884
5885
5886
5887
5888
5889
5890
5891
5892
5893
5894
5895
5896
5897
5898
5899
5900
5901
5902
5903
5904
5905
5906
5907
5908
5909
5910
5911
5912
5913
5914
5915
5916
5917
5918
5919
5920
5921
5922
5923
5924
5925
5926
5927
5928
5929
5930
5931
5932
5933
5934
5935
5936
5937
5938
5939
5940
5941
5942
5943
5944
5945
5946
5947
5948
5949
5950
5951
5952
5953
5954
5955
5956
5957
5958
5959
5960
5961
5962
5963
5964
5965
5966
5967
5968
5969
5970
5971
5972
5973
5974
5975
5976
5977
5978
5979
5980
5981
5982
5983
5984
5985
5986
5987
5988
5989
5990
5991
5992
5993
5994
5995
5996
5997
5998
5999
6000
6001
6002
6003
6004
6005
6006
6007
6008
6009
6010
6011
6012
6013
6014
6015
6016
6017
6018
6019
6020
6021
6022
6023
6024
6025
6026
6027
6028
6029
6030
6031
6032
6033
6034
6035
6036
6037
6038
6039
6040
6041
6042
6043
6044
6045
6046
6047
6048
6049
6050
6051
6052
6053
6054
6055
6056
6057
6058
6059
6060
6061
6062
6063
6064
6065
6066
6067
6068
6069
6070
6071
6072
6073
6074
6075
6076
6077
6078
6079
6080
6081
6082
6083
6084
6085
6086
6087
6088
6089
6090
6091
6092
6093
6094
6095
6096
6097
6098
6099
6100
6101
6102
6103
6104
6105
6106
6107
6108
6109
6110
6111
6112
6113
6114
6115
6116
6117
6118
6119
6120
6121
6122
6123
6124
6125
6126
6127
6128
6129
6130
6131
6132
6133
6134
6135
6136
6137
6138
6139
6140
6141
6142
6143
6144
6145
6146
6147
6148
6149
6150
6151
6152
6153
6154
6155
6156
6157
6158
6159
6160
6161
6162
6163
6164
6165
6166
6167
6168
6169
6170
6171
6172
6173
6174
6175
6176
6177
6178
6179
6180
6181
6182
6183
6184
6185
6186
6187
6188
6189
6190
6191
6192
6193
6194
6195
6196
6197
6198
6199
6200
6201
6202
6203
6204
6205
6206
6207
6208
6209
6210
6211
6212
6213
6214
6215
6216
6217
6218
6219
6220
6221
6222
6223
6224
6225
6226
6227
6228
6229
6230
6231
6232
6233
6234
6235
6236
6237
6238
6239
6240
6241
6242
6243
6244
6245
6246
6247
6248
6249
6250
6251
6252
6253
6254
6255
6256
6257
6258
6259
6260
6261
6262
6263
6264
6265
6266
6267
6268
6269
6270
6271
6272
6273
6274
6275
6276
6277
6278
6279
6280
6281
6282
6283
6284
6285
6286
6287
6288
6289
6290
6291
6292
6293
6294
6295
6296
6297
6298
6299
6300
6301
6302
6303
6304
6305
6306
6307
6308
6309
6310
6311
6312
6313
6314
6315
6316
6317
6318
6319
6320
6321
6322
6323
6324
6325
6326
6327
6328
6329
6330
6331
6332
6333
6334
6335
6336
6337
6338
6339
6340
6341
6342
6343
6344
6345
6346
6347
6348
6349
6350
6351
6352
6353
6354
6355
6356
6357
6358
6359
6360
6361
6362
6363
6364
6365
6366
6367
6368
6369
6370
6371
6372
6373
6374
6375
6376
6377
6378
6379
6380
6381
6382
6383
6384
6385
6386
6387
6388
6389
6390
6391
6392
6393
6394
6395
6396
6397
6398
6399
6400
6401
6402
6403
6404
6405
6406
6407
6408
6409
6410
6411
6412
6413
6414
6415
6416
6417
6418
6419
6420
6421
6422
6423
6424
6425
6426
6427
6428
6429
6430
6431
6432
6433
6434
6435
6436
6437
6438
6439
6440
6441
6442
6443
6444
6445
6446
6447
6448
6449
6450
6451
6452
6453
6454
6455
6456
6457
6458
6459
6460
6461
6462
6463
6464
6465
6466
6467
6468
6469
6470
6471
6472
6473
6474
6475
6476
6477
6478
6479
6480
6481
6482
6483
6484
6485
6486
6487
6488
6489
6490
6491
6492
6493
6494
6495
6496
6497
6498
6499
6500
6501
6502
6503
6504
6505
6506
6507
6508
6509
6510
6511
6512
6513
6514
6515
6516
6517
6518
6519
6520
6521
6522
6523
6524
6525
6526
6527
6528
6529
6530
6531
6532
6533
6534
6535
6536
6537
6538
6539
6540
6541
6542
6543
6544
6545
6546
6547
6548
6549
6550
6551
6552
6553
6554
6555
6556
6557
6558
6559
6560
6561
6562
6563
6564
6565
6566
6567
6568
6569
6570
6571
6572
6573
6574
6575
6576
6577
6578
6579
6580
6581
6582
6583
6584
6585
6586
6587
6588
6589
6590
6591
6592
6593
6594
6595
6596
6597
6598
6599
6600
6601
6602
6603
6604
6605
6606
6607
6608
6609
6610
6611
6612
6613
6614
6615
6616
6617
6618
6619
6620
6621
6622
6623
6624
6625
6626
6627
6628
6629
6630
6631
6632
6633
6634
6635
6636
6637
6638
6639
6640
6641
6642
6643
6644
6645
6646
6647
6648
6649
6650
6651
6652
6653
6654
6655
6656
6657
6658
6659
6660
6661
6662
6663
6664
6665
6666
6667
6668
6669
6670
6671
6672
6673
6674
6675
6676
6677
6678
6679
6680
6681
6682
6683
6684
6685
6686
6687
6688
6689
6690
6691
6692
6693
6694
6695
6696
6697
6698
6699
6700
6701
6702
6703
6704
6705
6706
6707
6708
6709
6710
6711
6712
6713
6714
6715
6716
6717
6718
6719
6720
6721
6722
6723
6724
6725
6726
6727
6728
6729
6730
6731
6732
6733
6734
6735
6736
6737
6738
6739
6740
6741
6742
6743
6744
6745
6746
6747
6748
6749
6750
6751
6752
6753
6754
6755
6756
6757
6758
6759
6760
6761
6762
6763
6764
6765
6766
6767
6768
6769
6770
6771
6772
6773
6774
6775
6776
6777
6778
6779
6780
6781
6782
6783
6784
6785
6786
6787
6788
6789
6790
6791
6792
6793
6794
6795
6796
6797
6798
6799
6800
6801
6802
6803
6804
6805
6806
6807
6808
6809
6810
6811
6812
6813
6814
6815
6816
6817
6818
6819
6820
6821
6822
6823
6824
6825
6826
6827
6828
6829
6830
6831
6832
6833
6834
6835
6836
6837
6838
6839
6840
6841
6842
6843
6844
6845
6846
6847
6848
6849
6850
6851
6852
6853
6854
6855
6856
6857
6858
6859
6860
6861
6862
6863
6864
6865
6866
6867
6868
6869
6870
6871
6872
6873
6874
6875
6876
6877
6878
6879
6880
6881
6882
6883
6884
6885
6886
6887
6888
6889
6890
6891
6892
6893
6894
6895
6896
6897
6898
6899
6900
6901
6902
6903
6904
6905
6906
6907
6908
6909
6910
6911
6912
6913
6914
6915
6916
6917
6918
6919
6920
6921
6922
6923
6924
6925
6926
6927
6928
6929
6930
6931
6932
6933
6934
6935
6936
6937
6938
6939
6940
6941
6942
6943
6944
6945
6946
6947
6948
6949
6950
6951
6952
6953
6954
6955
6956
6957
6958
6959
6960
6961
6962
6963
6964
6965
6966
6967
6968
6969
6970
6971
6972
6973
6974
6975
6976
6977
6978
6979
6980
6981
6982
6983
6984
6985
6986
6987
6988
6989
6990
6991
6992
6993
6994
6995
6996
6997
6998
6999
7000
7001
7002
7003
7004
7005
7006
7007
7008
7009
7010
7011
7012
7013
7014
7015
7016
7017
7018
7019
7020
7021
7022
7023
7024
7025
7026
7027
7028
7029
7030
7031
7032
7033
7034
7035
7036
7037
7038
7039
7040
7041
7042
7043
7044
7045
7046
7047
7048
7049
7050
7051
7052
7053
7054
7055
7056
7057
7058
7059
7060
7061
7062
7063
7064
7065
7066
7067
7068
7069
7070
7071
7072
7073
7074
7075
7076
7077
7078
7079
7080
7081
7082
7083
7084
7085
7086
7087
7088
7089
7090
7091
7092
7093
7094
7095
7096
7097
7098
7099
7100
7101
7102
7103
7104
7105
7106
7107
7108
7109
7110
7111
7112
7113
7114
7115
7116
7117
7118
7119
7120
7121
7122
7123
7124
7125
7126
7127
7128
7129
7130
7131
7132
7133
7134
7135
7136
7137
7138
7139
7140
7141
7142
7143
7144
7145
7146
7147
7148
7149
7150
7151
7152
7153
7154
7155
7156
7157
7158
7159
7160
7161
7162
7163
7164
7165
7166
7167
7168
7169
7170
7171
7172
7173
7174
7175
7176
7177
7178
7179
7180
7181
7182
7183
7184
7185
7186
7187
7188
7189
7190
7191
7192
7193
7194
7195
7196
7197
7198
7199
7200
7201
7202
7203
7204
7205
7206
7207
7208
7209
7210
7211
7212
7213
7214
7215
7216
7217
7218
7219
7220
7221
7222
7223
7224
7225
7226
7227
7228
7229
7230
7231
7232
7233
7234
7235
7236
7237
7238
7239
7240
7241
7242
7243
7244
7245
7246
7247
7248
7249
7250
7251
7252
7253
7254
7255
7256
7257
7258
7259
7260
7261
7262
7263
7264
7265
7266
7267
7268
7269
7270
7271
7272
7273
7274
7275
7276
7277
7278
7279
7280
7281
7282
7283
7284
7285
7286
7287
7288
7289
7290
7291
7292
7293
7294
7295
7296
7297
7298
7299
7300
7301
7302
7303
7304
7305
7306
7307
7308
7309
7310
7311
7312
7313
7314
7315
7316
7317
7318
7319
7320
7321
7322
7323
7324
7325
7326
7327
7328
7329
7330
7331
7332
7333
7334
7335
7336
7337
7338
7339
7340
7341
7342
7343
7344
7345
7346
7347
7348
7349
7350
7351
7352
7353
7354
7355
7356
7357
7358
7359
7360
7361
7362
7363
7364
7365
7366
7367
7368
7369
7370
7371
7372
7373
7374
7375
7376
7377
7378
7379
7380
7381
7382
7383
7384
7385
7386
7387
7388
7389
7390
7391
7392
7393
7394
7395
7396
7397
7398
7399
7400
7401
7402
7403
7404
7405
7406
7407
7408
7409
7410
7411
7412
7413
7414
7415
7416
7417
7418
7419
7420
7421
7422
7423
7424
7425
7426
7427
7428
7429
7430
7431
7432
7433
7434
7435
7436
7437
7438
7439
7440
7441
7442
7443
7444
7445
7446
7447
7448
7449
7450
7451
7452
7453
7454
7455
7456
7457
7458
7459
7460
7461
7462
7463
7464
7465
7466
7467
7468
7469
7470
7471
7472
7473
7474
7475
7476
7477
7478
7479
7480
7481
7482
7483
7484
7485
7486
7487
7488
7489
7490
7491
7492
7493
7494
7495
7496
7497
7498
7499
7500
7501
7502
7503
7504
7505
7506
7507
7508
7509
7510
7511
7512
7513
7514
7515
7516
7517
7518
7519
7520
7521
7522
7523
7524
7525
7526
7527
7528
7529
7530
7531
7532
7533
7534
7535
7536
7537
7538
7539
7540
7541
7542
7543
7544
7545
7546
7547
7548
7549
7550
7551
7552
7553
7554
7555
7556
7557
7558
7559
7560
7561
7562
7563
7564
7565
7566
7567
7568
7569
7570
7571
7572
7573
7574
7575
7576
7577
7578
7579
7580
7581
7582
7583
7584
7585
7586
7587
7588
7589
0.0106250000000009 0.009770195279942079 0
0.01587512349727114 0.009769861342911194 0
0.0213751234972707 0.009770135263197897 0
0.0243749999999999 0.0002165063509432259 0
0.029375 0.0002165063509461072 0
0.03087512349727073 0.009770135263195933 0
0.018625 0.0002165063509461081 0
0.01212499999999998 0.0002165063509461142 0
0.00612500000000004 0.0002165063509469711 0
0.007625000000000003 0.0002165063509463848 0
0.009124999999999979 0.000216506350946449 0
0.014375 0.000216506350946109 0
0.022875 0.0002165063509428607 0
0.02587500000000053 0.0002165063509426014 0
0.02737499999999999 0.0002165063509456683 0
0.03237499999999995 0.0002165063509429474 0
0.03387500000000185 0.0002165063509415354 0
0.01987500000000134 0.009769921359652997 0
0.01737512349727114 0.009769861342910958 0
0.02837557759068391 0.009770411703154132 0
0.01312479271102243 0.009762780685767938 0
0.005124934019400704 0.009779714007213614 0
0.03487245707800174 0.009773648061931659 0
0.02362512349727115 0.009769861342909974 0
0.008386119148667635 0.009780601262789932 0
0.006874934019400696 0.009779714007213523 0
0.016625 0.0002165063509461098 0
0.020625 0.0002165063509461098 0
0.03311663858607846 0.009791535638582771 0
0.0266251234972707 0.009770135263197147 0
0.02512512349727115 0.009769861342909745 0
0.01062499999999996 0.0002165063509463935 0
0.0308750000000008 0.0002165063509446449 0
0.0002085801945517878 0.004878350208792675 0
0.03978349364905389 0.004875 0
0.004624999999999869 0.000216506350947927 0
0.03537499999999988 0.0002165063509425146 0
0.01187512401173108 0.009770135013183887 0
0.01462512349727068 0.00977013526319891 0
0.02962500000000089 0.009770195279938609 0
0.01862500000000134 0.009769921359653193 0
0.03612500000000135 0.009770193272041256 0
0.003877757775692964 0.009776979387786603 0
0.0002377995289820183 0.006095579022803253 0
0.0397661109296374 0.006101830961650774 0
0.0397755128623811 0.003611195725275199 0
0.0002165063509461107 0.003625000000000001 0
0.036625 0.0002165063509461098 0
0.003374999999999979 0.0002165063509461038 0
0.002624999999999995 0.009783493649053896 0
0.03977931066463428 0.007370113614311582 0
0.03737470364149161 0.009778221935550804 0
0.0002266902190698646 0.007369092542358223 0
0.03976166338123516 0.002609898201819214 0
0.009625000000000898 0.009770195279941832 0
0.0131250000000002 0.0002165063509457464 0
0.03191048847700308 0.009793267657375315 0
0.02237500000000088 0.009770195279940176 0
0.02837499999999999 0.0002165063509456449 0
0.01537499999999998 0.000216506350945939 0
0.017625 0.0002165063509461098 0
0.019625 0.0002165063509461098 0
0.02162499999999998 0.0002165063509457967 0
0.0002274589291287148 0.002615245812485189 0
0.03762500000000053 0.0002165063509428477 0
0.002375000000000071 0.0002165063509462347 0
0.0397834936490539 0.008374999999999997 0
0.001619395935887752 0.009766363399600318 0
0.03979498103732802 0.00161988608738557 0
0.0002113248654054128 0.001625000000000249 0
0.03837500000000122 0.009770195279936769 0
0.0002165063509461107 0.008375 0
0.03012500000000036 0.0002165063509448981 0
0.02512500000000113 0.0002165063509431383 0
0.02437512349727115 0.009769861342909856 0
0.008374999999999987 0.0002165063509467933 0
0.02764995265876271 0.009814805088520548 0
0.02062512349727115 0.009769861342910448 0
0.01662512349727113 0.009769861342911076 0
0.03407490213249732 0.00980753643707449 0
0.02587512349727115 0.00976986134290965 0
0.0138750000000018 0.009769647439366428 0
0.007624934019400786 0.009779714007213803 0
0.006124560910119644 0.009777975406345188 0
0.03837499999999844 0.0002165063509413359 0
0.006874999999999992 0.0002165063509465123 0
0.02362500000000109 0.0002165063509433594 0
0.009875000000000014 0.0002165063509461957 0
0.01137499999999997 0.0002165063509462131 0
0.02662500000000138 0.0002165063509444818 0
0.03162499999999988 0.0002165063509430238 0
0.0331250000000008 0.0002165063509433716 0
0.03462500000000195 0.0002165063509414027 0
0.005374999999999967 0.0002165063509470344 0
0.001625000000000269 0.0002165063509466563 0
0.03976138566398561 0.009108338161168177 0
0.0002221630982269587 0.000872252674628345 0
0.0008750000000014788 0.009769921359654569 0
0.03977771748868444 0.0008717246159608665 0
0.03912494604097824 0.009779728237686709 0
0.0002386143360188324 0.009108338161175929 0
0.0008750000000001812 0.0002165063509464776 0
0.03912499999999966 0.0002165063509391909 0
0.03787500000000123 0.009770193272040999 0
0.003136042221630546 0.009780619929120493 0
0.002125000000000703 0.009770195279942065 0
0.03976243966474393 0.007838850131020123 0
0.03978872324782309 0.003124999999999997 0
0.0397702247375969 0.002139612700167168 0
0.03977417030950237 0.006900632496354278 0
0.0398008492458299 0.004139618873375687 0
0.02787500000000001 0.0002165063509461098 0
0.004375000000000576 0.00977968296664395 0
0.01237500000000136 0.009770195279941989 0
0.004125000000000021 0.0002165063509461081 0
0.03712499999999999 0.0002165063509461072 0
0.01262499999999998 0.0002165063509459511 0
0.032375 0.009783493649053891 0
0.02287500000000133 0.009769921359652529 0
0.01512500000000134 0.009769921359653738 0
0.0101250000000009 0.009770195279942178 0
0.009125000000000001 0.009783493649053891 0
0.03012500000000134 0.00976992135965089 0
0.02912500000000134 0.009769921359651074 0
0.01112500000000135 0.009770195279942212 0
0.03137718614784225 0.009746784300309983 0
0.01387499999999997 0.0002165063509458349 0
0.01937512349727069 0.009770135263198193 0
0.01812512349727069 0.009770135263198384 0
0.03662586061616864 0.009765294171321262 0
0.03561967026430764 0.009770011610925888 0
0.03362065375906162 0.009793882831564824 0
0.02714182972391157 0.009781973173812304 0
0.005624999999999998 0.009783493649053891 0
0.01712499999999999 0.0002165063509458956 0
0.018125 0.0002165063509461098 0
0.019125 0.0002165063509461098 0
0.02012499999999999 0.0002165063509458297 0
0.02187500000000089 0.009770195279940252 0
0.014875 0.000216506350946109 0
0.01612499999999999 0.0002165063509459173 0
0.021125 0.0002165063509461098 0
0.02212500000000039 0.0002165063509439518 0
0.03587500000000002 0.0002165063509461098 0
0.0002239956541437958 0.005627400331001991 0
0.0002383822904107498 0.00214509356812369 0
0.0002375603352595922 0.007838850131025197 0
0.0002380362835763782 0.006900487136254281 0
0.0002306349799358898 0.00435859360820557 0
0.0002448036907566516 0.00308550020221279 0
0.0028750000000002 0.0002165063509463475 0
0.03976945013186929 0.005356184239772815 0
0.02887500000000078 0.0002165063509447299 0
0.00022642431186045 0.0003979564047646624 0
0.0002149719863731581 0.009626088359519102 0
0.03977357568813957 0.00039795640476082 0
0.03978495428848774 0.009626032624558377 0
0.003875000000000059 0.0002165063509461749 0
0.004000000000000104 0.0004330127018922353 0
0.0037500000000001 0.0004330127018922925 0
0.003875000000000243 0.0006495190528384093 0
0.003625000000000246 0.0006495190528385498 0
0.003750000000000357 0.0008660254037845955 0
0.00350000000000035 0.0008660254037847204 0
0.00362500000000044 0.001082531754730765 0
0.003875000000000461 0.001082531754730651 0
0.003750000000000548 0.001299038105676822 0
0.004000000000000545 0.001299038105676698 0
0.003875000000000652 0.001515544456622877 0
0.004125000000000649 0.001515544456622748 0
0.004000000000000767 0.001732050807568917 0
0.004250000000000746 0.001732050807568804 0
0.004125000000000864 0.001948557158514962 0
0.004375000000000562 0.001948557158515016 0
0.004250000000000913 0.002165063509461037 0
0.00450000000000062 0.002165063509461084 0
0.004375000000001 0.002381569860407093 0
0.004625000000001002 0.002381569860406978 0
0.004500000000001152 0.002598076211353118 0
0.00475000000000116 0.002598076211353 0
0.004625000000001274 0.002814582562299157 0
0.004875000000001272 0.002814582562299038 0
0.004750000000001382 0.003031088913245211 0
0.005000000000001385 0.003031088913245089 0
0.004875000000001493 0.003247595264191262 0
0.005125000000001488 0.003247595264191137 0
0.00500000000000159 0.003464101615137305 0
0.005250000000001582 0.00346410161513719 0
0.005125000000001684 0.003680607966083358 0
0.005375000000001687 0.003680607966083233 0
0.005250000000001788 0.00389711431702941 0
0.005500000000001792 0.003897114317029283 0
0.00537500000000188 0.004113620667975461 0
0.005625000000001878 0.004113620667975348 0
0.005500000000001974 0.004330127018921503 0
0.005750000000001981 0.004330127018921392 0
0.005250000000001979 0.004330127018921667 0
0.005375000000002083 0.004546633369867667 0
0.005125000000002076 0.004546633369867838 0
0.005875000000001884 0.00411362066797523 0
0.006000000000001993 0.004330127018921274 0
0.006125000000001877 0.004113620667975119 0
0.006250000000001976 0.004330127018921169 0
0.006375000000001877 0.00411362066797501 0
0.00650000000000198 0.004330127018921049 0
0.006625000000001872 0.004113620667974896 0
0.006750000000001975 0.004330127018920947 0
0.006625000000002077 0.004546633369867097 0
0.006875000000002074 0.004546633369866985 0
0.007000000000001966 0.004330127018920829 0
0.007125000000002076 0.004546633369866869 0
0.00725000000000197 0.004330127018920703 0
0.007375000000002076 0.004546633369866751 0
0.007500000000001977 0.004330127018920585 0
0.007625000000002082 0.004546633369866628 0
0.007750000000001976 0.004330127018920463 0
0.007875000000002087 0.004546633369866502 0
0.008000000000001617 0.004330127018920547 0
0.008125000000002019 0.00454663336986642 0
0.008250000000001576 0.004330127018920875 0
0.008375000000002073 0.004546633369866268 0
0.008500000000001937 0.004330127018920617 0
0.008625000000002069 0.004546633369866238 0
0.008750000000001963 0.004330127018920083 0
0.008875000000002072 0.004546633369866064 0
0.009000000000001968 0.004330127018919886 0
0.009125000000002069 0.004546633369865925 0
0.009250000000001972 0.004330127018919756 0
0.009375000000002067 0.004546633369865808 0
0.009500000000001969 0.004330127018919638 0
0.00962500000000208 0.004546633369865707 0
0.009750000000001967 0.004330127018919527 0
0.009875000000002084 0.0045466333698656 0
0.01000000000000197 0.004330127018919417 0
0.01012500000000208 0.004546633369865472 0
0.01025000000000164 0.004330127018919497 0
0.01037500000000202 0.004546633369865382 0
0.01050000000000158 0.00433012701891981 0
0.01062500000000207 0.004546633369865234 0
0.01075000000000191 0.004330127018919563 0
0.01087500000000206 0.004546633369865201 0
0.01100000000000196 0.004330127018919046 0
0.01112500000000207 0.004546633369865045 0
0.01125000000000197 0.004330127018918853 0
0.01137500000000207 0.004546633369864906 0
0.01150000000000197 0.004330127018918729 0
0.01162500000000207 0.004546633369864778 0
0.01175000000000197 0.004330127018918613 0
0.01187500000000207 0.004546633369864664 0
0.01200000000000197 0.004330127018918495 0
0.01212500000000207 0.004546633369864546 0
0.01225000000000196 0.004330127018918376 0
0.01237500000000208 0.004546633369864436 0
0.01250000000000196 0.004330127018918263 0
0.01262500000000207 0.004546633369864313 0
0.01275000000000196 0.004330127018918146 0
0.01287500000000207 0.004546633369864196 0
0.01300000000000196 0.004330127018918029 0
0.01312500000000206 0.004546633369864076 0
0.01325000000000196 0.004330127018917911 0
0.01337500000000206 0.004546633369863958 0
0.01350000000000196 0.004330127018917794 0
0.01362500000000206 0.004546633369863845 0
0.01375000000000196 0.004330127018917678 0
0.01387500000000206 0.004546633369863729 0
0.01400000000000196 0.004330127018917561 0
0.01412500000000206 0.004546633369863612 0
0.01425000000000196 0.004330127018917445 0
0.01437500000000206 0.00454663336986349 0
0.01450000000000196 0.004330127018917327 0
0.01462500000000206 0.00454663336986337 0
0.01475000000000196 0.004330127018917209 0
0.01487500000000206 0.004546633369863261 0
0.01500000000000196 0.004330127018917095 0
0.01512500000000206 0.004546633369863147 0
0.01525000000000196 0.004330127018916979 0
0.01537500000000206 0.004546633369863046 0
0.01550000000000195 0.004330127018916866 0
0.01562500000000205 0.004546633369862932 0
0.01575000000000195 0.00433012701891675 0
0.01587500000000206 0.004546633369862798 0
0.01600000000000195 0.004330127018916631 0
0.01612500000000206 0.004546633369862679 0
0.0162500000000017 0.004330127018916661 0
0.01637500000000201 0.004546633369862591 0
0.01650000000000165 0.004330127018916866 0
0.01662500000000203 0.004546633369862481 0
0.0167500000000019 0.004330127018916659 0
0.01687500000000204 0.004546633369862403 0
0.01700000000000194 0.004330127018916243 0
0.01712500000000205 0.004546633369862245 0
0.01725000000000195 0.004330127018916071 0
0.01737500000000205 0.004546633369862113 0
0.01750000000000195 0.004330127018915943 0
0.01762500000000205 0.004546633369861992 0
0.01775000000000195 0.004330127018915825 0
0.01787500000000205 0.004546633369861875 0
0.01800000000000194 0.004330127018915707 0
0.01812500000000205 0.004546633369861758 0
0.01825000000000195 0.004330127018915591 0
0.01837500000000205 0.004546633369861641 0
0.01850000000000194 0.004330127018915474 0
0.01862500000000204 0.004546633369861524 0
0.01875000000000194 0.004330127018915357 0
0.01887500000000204 0.004546633369861407 0
0.01900000000000194 0.00433012701891524 0
0.01912500000000204 0.00454663336986129 0
0.01925000000000194 0.004330127018915123 0
0.01937500000000204 0.004546633369861173 0
0.01950000000000194 0.004330127018915005 0
0.01962500000000204 0.004546633369861055 0
0.01975000000000194 0.004330127018914888 0
0.01987500000000204 0.004546633369860938 0
0.02000000000000194 0.00433012701891477 0
0.02012500000000204 0.004546633369860821 0
0.02025000000000194 0.004330127018914654 0
0.02037500000000204 0.004546633369860704 0
0.02050000000000193 0.004330127018914537 0
0.02062500000000203 0.004546633369860588 0
0.02075000000000193 0.00433012701891442 0
0.02087500000000203 0.004546633369860471 0
0.02100000000000193 0.004330127018914527 0
0.02112500000000203 0.004546633369860391 0
0.02125000000000193 0.004330127018914313 0
0.02137500000000203 0.004546633369860264 0
0.02150000000000193 0.004330127018914317 0
0.02162500000000204 0.004546633369860167 0
0.02175000000000193 0.004330127018914214 0
0.02187500000000205 0.004546633369860055 0
0.02200000000000212 0.004330127018914205 0
0.02212500000000207 0.004546633369859956 0
0.02225000000000215 0.004330127018913898 0
0.02237500000000207 0.004546633369859807 0
0.02250000000000197 0.004330127018913841 0
0.02262500000000204 0.004546633369859695 0
0.02275000000000193 0.004330127018913603 0
0.02287500000000203 0.004546633369859565 0
0.02300000000000193 0.004330127018913593 0
0.02312500000000203 0.004546633369859465 0
0.02325000000000193 0.0043301270189133 0
0.02337500000000203 0.004546633369859317 0
0.02350000000000193 0.004330127018913149 0
0.02362500000000204 0.004546633369859188 0
0.02375000000000193 0.004330127018913025 0
0.02387500000000203 0.00454663336985907 0
0.02400000000000193 0.004330127018912906 0
0.02412500000000203 0.004546633369858958 0
0.02425000000000192 0.00433012701891279 0
0.02437500000000203 0.004546633369858838 0
0.02450000000000192 0.004330127018912673 0
0.02462500000000203 0.004546633369858722 0
0.02475000000000192 0.004330127018912555 0
0.02487500000000203 0.004546633369858597 0
0.02500000000000192 0.004330127018912435 0
0.02512500000000203 0.004546633369858486 0
0.02525000000000192 0.004330127018912318 0
0.02537500000000203 0.004546633369858361 0
0.02550000000000192 0.004330127018912199 0
0.02562500000000202 0.004546633369858247 0
0.02575000000000192 0.004330127018912082 0
0.02587500000000203 0.004546633369858132 0
0.02600000000000192 0.004330127018911965 0
0.02612500000000203 0.00454663336985801 0
0.02625000000000192 0.004330127018911847 0
0.02637500000000203 0.004546633369857899 0
0.02650000000000192 0.004330127018911731 0
0.02662500000000203 0.004546633369857782 0
0.02675000000000192 0.004330127018911617 0
0.02687500000000203 0.004546633369857666 0
0.02700000000000193 0.004330127018911499 0
0.02712500000000202 0.004546633369857549 0
0.02725000000000192 0.004330127018911381 0
0.02737500000000202 0.004546633369857431 0
0.02750000000000192 0.004330127018911263 0
0.02762500000000202 0.004546633369857305 0
0.02775000000000192 0.004330127018911145 0
0.02787500000000202 0.004546633369857184 0
0.02800000000000192 0.004330127018911024 0
0.02812500000000202 0.004546633369857072 0
0.02825000000000192 0.004330127018910905 0
0.02837500000000202 0.004546633369856941 0
0.02850000000000191 0.004330127018910783 0
0.02862500000000202 0.004546633369856824 0
0.02875000000000191 0.004330127018910659 0
0.02887500000000202 0.004546633369856702 0
0.02900000000000191 0.004330127018910539 0
0.02912500000000202 0.004546633369856584 0
0.02925000000000191 0.004330127018910424 0
0.02937500000000202 0.004546633369856473 0
0.02950000000000192 0.004330127018910303 0
0.02962500000000202 0.004546633369856358 0
0.02975000000000191 0.004330127018910273 0
0.02987500000000202 0.004546633369856255 0
0.03000000000000191 0.00433012701891012 0
0.03012500000000201 0.004546633369856152 0
0.03025000000000191 0.004330127018910051 0
0.03037500000000201 0.004546633369856045 0
0.03050000000000191 0.004330127018909858 0
0.03062500000000202 0.004546633369855909 0
0.03075000000000191 0.00433012701890972 0
0.03087500000000202 0.004546633369855784 0
0.03100000000000191 0.004330127018909602 0
0.03112500000000202 0.004546633369855684 0
0.03125000000000192 0.004330127018909479 0
0.03137500000000201 0.004546633369855565 0
0.03150000000000191 0.004330127018909354 0
0.03162500000000201 0.004546633369855405 0
0.03175000000000192 0.004330127018909225 0
0.03187500000000202 0.004546633369855279 0
0.03200000000000188 0.004330127018909128 0
0.03212500000000201 0.004546633369855159 0
0.03225000000000187 0.004330127018909054 0
0.03237500000000201 0.004546633369855038 0
0.03250000000000191 0.004330127018908918 0
0.03262500000000201 0.00454663336985492 0
0.0327500000000019 0.004330127018908745 0
0.03287500000000201 0.004546633369854816 0
0.0330000000000019 0.004330127018908624 0
0.03312500000000201 0.004546633369854699 0
0.0332500000000019 0.004330127018908498 0
0.03337500000000201 0.004546633369854555 0
0.0335000000000019 0.00433012701890838 0
0.033625000000002 0.004546633369854437 0
0.0337500000000019 0.004330127018908256 0
0.033875000000002 0.004546633369854314 0
0.0340000000000019 0.004330127018908138 0
0.034125000000002 0.004546633369854191 0
0.0342500000000019 0.004330127018908021 0
0.034375000000002 0.00454663336985407 0
0.0345000000000019 0.004330127018907893 0
0.03462500000000201 0.004546633369853942 0
0.0347500000000019 0.004330127018907769 0
0.034875000000002 0.004546633369853821 0
0.0350000000000019 0.004330127018907722 0
0.0345000000000021 0.004763139720800292 0
0.03275000000000215 0.00476313972080106 0
0.03050000000000213 0.004763139720802117 0
0.02875000000000215 0.004763139720802878 0
0.02625000000000215 0.004763139720804055 0
0.02475000000000215 0.00476313972080475 0
0.02325000000000215 0.004763139720805475 0
0.02100000000000214 0.004763139720806522 0
0.01900000000000214 0.004763139720807457 0
0.01775000000000215 0.004763139720808041 0
0.01625000000000215 0.004763139720808743 0
0.01425000000000219 0.004763139720809675 0
0.01275000000000218 0.00476313972081038 0
0.0115000000000022 0.004763139720810981 0
0.008750000000002202 0.004763139720812237 0
0.007250000000002177 0.00476313972081292 0
0.02750000000000214 0.004763139720803466 0
0.01025000000000217 0.004763139720811534 0
0.005250000000002171 0.004763139720813845 0
0.005000000000002169 0.00476313972081399 0
0.03512500000000201 0.004546633369853705 0
0.0352500000000019 0.004330127018907647 0
0.00512500000000226 0.004979646071760008 0
0.004875000000002265 0.004979646071760154 0
0.035375000000002 0.004546633369853597 0
0.005000000000002348 0.00519615242270618 0
0.00475000000000236 0.005196152422706299 0
0.0355000000000019 0.004330127018907462 0
0.03150000000000214 0.004763139720801614 0
0.02225000000000216 0.004763139720805945 0
0.02000000000000214 0.004763139720806988 0
0.01525000000000218 0.00476313972080926 0
0.00450000000000138 0.003031088913245327 0
0.03562500000000198 0.004546633369853469 0
0.0355000000000021 0.00476313972079963 0
0.004875000000002461 0.005412658773652346 0
0.004625000000002464 0.005412658773652465 0
0.03575000000000208 0.004763139720799513 0
0.0356250000000022 0.004979646071745673 0
0.03575000000000193 0.00433012701890737 0
0.004750000000002572 0.005629165124598511 0
0.004500000000002571 0.005629165124598633 0
0.004375000000002459 0.005412658773652583 0
0.004250000000002575 0.005629165124598756 0
0.03587500000000221 0.004979646071745554 0
0.03575000000000231 0.005196152422691726 0
0.00412500000000246 0.005412658773652708 0
0.004000000000002588 0.005629165124598852 0
0.03600000000000231 0.005196152422691609 0
0.0358750000000024 0.005412658773637781 0
0.004000000000001024 0.002165063509461187 0
0.004625000000002681 0.005845671475544681 0
0.004875000000002681 0.005845671475544556 0
0.03612500000000254 0.005412658773637707 0
0.03600000000000254 0.005629165124583841 0
0.007875000000001759 0.004113620667974573 0
0.009375000000002201 0.004113620667973788 0
0.01087500000000163 0.004113620667973927 0
0.01187500000000187 0.004113620667972444 0
0.01337500000000186 0.004113620667971744 0
0.01462500000000186 0.004113620667971159 0
0.01562500000000185 0.004113620667970695 0
0.01687500000000184 0.004113620667970789 0
0.01787500000000185 0.004113620667969657 0
0.01887500000000184 0.00411362066796919 0
0.01987500000000184 0.00411362066796872 0
0.02087500000000183 0.004113620667968764 0
0.02237500000000223 0.004113620667968442 0
0.02387500000000183 0.004113620667966856 0
0.02487500000000182 0.004113620667966386 0
0.02612500000000182 0.004113620667965797 0
0.02712500000000182 0.004113620667965331 0
0.02812500000000181 0.004113620667964915 0
0.02912500000000181 0.004113620667964424 0
0.03037500000000181 0.004113620667963967 0
0.0313750000000018 0.004113620667963334 0
0.03262500000000179 0.004113620667962795 0
0.03362500000000174 0.004113620667962233 0
0.03487500000000178 0.004113620667961792 0
0.003875000000002474 0.005412658773652873 0
0.003750000000002571 0.00562916512459897 0
0.03625000000000292 0.005629165124583862 0
0.03612500000000263 0.005845671475529876 0
0.0362500000000027 0.005196152422691639 0
0.004750000000002794 0.006062177826490729 0
0.005000000000002797 0.006062177826490598 0
0.03587500000000263 0.005845671475530008 0
0.03600000000000275 0.006062177826476048 0
0.03575000000000274 0.006062177826476172 0
0.03625000000000313 0.006062177826476067 0
0.005250000000001111 0.003031088913245123 0
0.003625000000002463 0.005412658773653022 0
0.003500000000002564 0.005629165124599126 0
0.03587500000000286 0.006278684177422222 0
0.03562500000000286 0.006278684177422359 0
0.004875000000002903 0.006278684177436775 0
0.005125000000002905 0.006278684177436645 0
0.003500000000000586 0.001299038105676922 0
0.003375000000002456 0.005412658773653111 0
0.03575000000000299 0.006495190528368399 0
0.03550000000000297 0.006495190528368532 0
0.005000000000003002 0.006495190528382826 0
0.005250000000002999 0.0064951905283827 0
0.003250000000002556 0.005629165124599263 0
0.003375000000002671 0.005845671475545302 0
0.003125000000002667 0.005845671475545444 0
0.003250000000002806 0.006062177826491484 0
0.003125000000002456 0.005412658773653207 0
0.0356250000000031 0.006711696879314575 0
0.03537500000000308 0.006711696879314703 0
0.005125000000003099 0.006711696879328885 0
0.005375000000003103 0.006711696879328752 0
0.003000000000002803 0.006062177826491618 0
0.003125000000002931 0.006278684177437648 0
0.03550000000000319 0.006928203230260749 0
0.03575000000000343 0.006928203230260636 0
0.03525000000000319 0.006928203230260879 0
0.005250000000003203 0.006928203230274931 0
0.005500000000003214 0.006928203230274793 0
0.002875000000002924 0.006278684177437788 0
0.003000000000003052 0.006495190528383817 0
0.003250000000002373 0.005196152422707033 0
0.003000000000002376 0.005196152422707137 0
0.003125000000002306 0.004979646071760976 0
0.002875000000002285 0.004979646071761083 0
0.003000000000002227 0.004763139720814914 0
0.002750000000003069 0.006495190528383959 0
0.002875000000003208 0.006711696879330015 0
0.002750000000002212 0.00476313972081501 0
0.002875000000002143 0.004546633369868839 0
0.00562500000000311 0.006711696879328623 0
0.005750000000003214 0.006928203230274671 0
0.0353750000000033 0.007144709581206918 0
0.03512500000000331 0.007144709581207049 0
0.03500000000000319 0.006928203230261011 0
0.03487500000000332 0.007144709581207191 0
0.03475000000000319 0.006928203230261161 0
0.03462500000000332 0.007144709581207347 0
0.03450000000000318 0.006928203230261314 0
0.03437500000000331 0.007144709581207511 0
0.03425000000000319 0.006928203230261462 0
0.03412500000000331 0.007144709581207642 0
0.03400000000000318 0.006928203230261601 0
0.0338750000000033 0.007144709581207769 0
0.03375000000000317 0.006928203230261742 0
0.03362500000000331 0.007144709581207928 0
0.03350000000000318 0.006928203230261892 0
0.0333750000000033 0.00714470958120807 0
0.03325000000000318 0.006928203230262039 0
0.03312500000000333 0.007144709581208207 0
0.03300000000000318 0.006928203230262194 0
0.03287500000000333 0.007144709581208362 0
0.03275000000000319 0.006928203230262343 0
0.03262500000000332 0.00714470958120798 0
0.03250000000000319 0.006928203230262406 0
0.03237500000000332 0.007144709581208377 0
0.03225000000000318 0.006928203230262591 0
0.03212500000000332 0.007144709581208256 0
0.03200000000000318 0.006928203230262716 0
0.03187500000000378 0.007144709581208639 0
0.03175000000000325 0.006928203230262909 0
0.03162500000000386 0.007144709581208333 0
0.03150000000000321 0.00692820323026311 0
0.03137500000000341 0.007144709581208679 0
0.03125000000000321 0.006928203230263191 0
0.03112500000000377 0.007144709581209116 0
0.03100000000000327 0.006928203230263378 0
0.03087500000000385 0.007144709581208841 0
0.03075000000000319 0.00692820323026362 0
0.03062500000000342 0.007144709581209188 0
0.03050000000000321 0.006928203230263604 0
0.03037500000000334 0.007144709581209361 0
0.0302500000000032 0.006928203230263734 0
0.03012500000000333 0.007144709581209846 0
0.0300000000000032 0.006928203230264009 0
0.02987500000000334 0.007144709581209763 0
0.0297500000000032 0.006928203230264144 0
0.02962500000000333 0.007144709581210332 0
0.02950000000000319 0.006928203230264367 0
0.02937500000000333 0.007144709581210569 0
0.0292500000000032 0.006928203230264548 0
0.02912500000000333 0.007144709581210732 0
0.0290000000000032 0.006928203230264701 0
0.02887500000000333 0.007144709581210888 0
0.0287500000000032 0.006928203230264855 0
0.02862500000000333 0.007144709581210626 0
0.0285000000000032 0.006928203230264808 0
0.02837500000000302 0.007144709581210463 0
0.02825000000000315 0.006928203230264872 0
0.02812500000000296 0.007144709581210959 0
0.0280000000000031 0.006928203230265073 0
0.02787500000000359 0.00714470958121119 0
0.02775000000000318 0.006928203230265079 0
0.02762500000000371 0.007144709581210954 0
0.02750000000000324 0.006928203230265259 0
0.0273750000000034 0.007144709581211238 0
0.02725000000000322 0.006928203230265429 0
0.02712500000000334 0.007144709581211784 0
0.02700000000000321 0.006928203230265645 0
0.02687500000000333 0.00714470958121204 0
0.0267500000000032 0.006928203230265989 0
0.02662500000000333 0.007144709581212213 0
0.0265000000000032 0.006928203230266171 0
0.02637500000000333 0.007144709581212356 0
0.0262500000000032 0.00692820323026612 0
0.02612500000000333 0.007144709581212125 0
0.0260000000000032 0.006928203230266169 0
0.02587500000000334 0.007144709581212365 0
0.02575000000000316 0.006928203230266322 0
0.02562500000000335 0.007144709581212374 0
0.02550000000000313 0.006928203230266458 0
0.02537500000000332 0.007144709581212483 0
0.02525000000000317 0.00692820323026678 0
0.02512500000000333 0.007144709581212882 0
0.0250000000000032 0.006928203230266981 0
0.02487500000000333 0.00714470958121287 0
0.0247500000000032 0.006928203230267107 0
0.02462500000000332 0.007144709581212978 0
0.0245000000000032 0.006928203230267242 0
0.02437500000000335 0.007144709581213158 0
0.0242500000000032 0.006928203230267389 0
0.02412500000000337 0.00714470958121329 0
0.02400000000000321 0.00692820323026753 0
0.02387500000000333 0.007144709581213421 0
0.0237500000000032 0.006928203230267672 0
0.02362500000000314 0.007144709581213406 0
0.02350000000000317 0.006928203230267791 0
0.0233750000000031 0.00714470958121381 0
0.02325000000000316 0.006928203230267979 0
0.02312500000000352 0.007144709581214022 0
0.02300000000000323 0.00692820323026814 0
0.0228750000000034 0.007144709581214124 0
0.02275000000000322 0.006928203230268274 0
0.02262500000000317 0.007144709581214303 0
0.02250000000000319 0.006928203230268423 0
0.0223750000000033 0.00714470958121434 0
0.0222500000000032 0.006928203230268551 0
0.02212500000000335 0.007144709581214501 0
0.02200000000000321 0.00692820323026869 0
0.02187500000000337 0.007144709581214635 0
0.02175000000000322 0.006928203230268832 0
0.02162500000000334 0.007144709581214765 0
0.02150000000000321 0.006928203230268971 0
0.02137500000000336 0.007144709581214943 0
0.02125000000000321 0.006928203230269119 0
0.02112500000000338 0.00714470958121508 0
0.02100000000000322 0.006928203230269261 0
0.02087500000000334 0.007144709581215208 0
0.02075000000000322 0.0069282032302694 0
0.02062500000000334 0.007144709581215502 0
0.02050000000000321 0.006928203230269565 0
0.02037500000000334 0.007144709581215521 0
0.02025000000000322 0.00692820323026969 0
0.02012500000000353 0.007144709581215757 0
0.02000000000000325 0.006928203230269843 0
0.01987500000000361 0.007144709581215726 0
0.01975000000000326 0.006928203230269958 0
0.01962500000000343 0.007144709581215942 0
0.01950000000000324 0.006928203230270106 0
0.01937500000000336 0.007144709581216287 0
0.01925000000000322 0.006928203230270287 0
0.01912500000000334 0.007144709581216468 0
0.01900000000000322 0.006928203230270436 0
0.01887500000000351 0.007144709581216519 0
0.01875000000000325 0.006928203230270564 0
0.01862500000000354 0.007144709581216453 0
0.01850000000000323 0.006928203230270708 0
0.01837500000000338 0.007144709581216657 0
0.01825000000000323 0.006928203230270822 0
0.01812500000000335 0.007144709581216995 0
0.01800000000000323 0.006928203230270991 0
0.01787500000000335 0.007144709581217172 0
0.01775000000000323 0.00692820323027114 0
0.01762500000000349 0.007144709581217235 0
0.01750000000000325 0.006928203230271268 0
0.01737500000000352 0.007144709581217216 0
0.01725000000000322 0.006928203230271422 0
0.01712500000000338 0.007144709581217417 0
0.01700000000000334 0.006928203230271264 0
0.01687500000000337 0.007144709581217506 0
0.01675000000000332 0.006928203230271325 0
0.01662500000000336 0.00714470958121774 0
0.01650000000000324 0.006928203230271419 0
0.01637500000000335 0.007144709581217799 0
0.01625000000000323 0.006928203230271537 0
0.01612500000000335 0.00714470958121791 0
0.01600000000000323 0.006928203230272004 0
0.01587500000000339 0.007144709581217989 0
0.01575000000000324 0.006928203230272189 0
0.0156250000000034 0.007144709581218265 0
0.01550000000000324 0.006928203230272359 0
0.01537500000000337 0.007144709581218544 0
0.01525000000000324 0.006928203230272528 0
0.01512500000000336 0.007144709581218713 0
0.01500000000000324 0.006928203230272678 0
0.01487500000000336 0.007144709581218749 0
0.01475000000000324 0.006928203230272804 0
0.01462500000000333 0.007144709581218803 0
0.01450000000000323 0.006928203230272928 0
0.01437500000000332 0.007144709581219039 0
0.01425000000000323 0.006928203230273084 0
0.01412500000000336 0.007144709581219173 0
0.01400000000000324 0.006928203230273227 0
0.01387500000000336 0.007144709581219376 0
0.01375000000000341 0.006928203230273473 0
0.01362500000000339 0.007144709581219486 0
0.01350000000000324 0.006928203230273527 0
0.01337500000000337 0.007144709581219622 0
0.01325000000000358 0.006928203230273459 0
0.01312500000000336 0.007144709581219845 0
0.0130000000000033 0.006928203230273769 0
0.01287500000000337 0.007144709581219931 0
0.01275000000000326 0.006928203230273927 0
0.01262500000000341 0.007144709581220084 0
0.01250000000000325 0.006928203230274071 0
0.01237500000000341 0.007144709581220193 0
0.01225000000000324 0.006928203230274221 0
0.01212500000000337 0.007144709581220354 0
0.01200000000000325 0.006928203230274358 0
0.01187500000000337 0.0071447095812205 0
0.01175000000000325 0.00692820323027449 0
0.01162500000000337 0.007144709581220635 0
0.01150000000000325 0.006928203230274624 0
0.01137500000000338 0.007144709581220791 0
0.01125000000000325 0.006928203230274766 0
0.01112500000000338 0.007144709581220927 0
0.01100000000000325 0.006928203230274908 0
0.01087500000000338 0.007144709581221076 0
0.01075000000000326 0.006928203230274619 0
0.01062500000000338 0.007144709581221168 0
0.01050000000000326 0.006928203230274679 0
0.01037500000000338 0.007144709581221285 0
0.01025000000000326 0.00692820323027523 0
0.01012500000000338 0.007144709581221507 0
0.01000000000000326 0.006928203230275451 0
0.009875000000003379 0.007144709581221645 0
0.00975000000000326 0.006928203230275607 0
0.009625000000003384 0.007144709581221788 0
0.009500000000003256 0.006928203230275736 0
0.009375000000003384 0.007144709581221924 0
0.009250000000003259 0.006928203230275878 0
0.00912500000000338 0.007144709581222063 0
0.009000000000003266 0.006928203230276014 0
0.008875000000003384 0.007144709581222201 0
0.008750000000003269 0.006928203230276151 0
0.008625000000003385 0.007144709581222332 0
0.008500000000003269 0.006928203230276295 0
0.008375000000003387 0.00714470958122247 0
0.008250000000003262 0.006928203230276439 0
0.008125000000003383 0.007144709581222617 0
0.005375000000003325 0.007144709581220961 0
0.005125000000003311 0.007144709581221104 0
0.002625000000002098 0.004546633369868968 0
0.002750000000002063 0.004330127018922774 0
0.005875000000003121 0.006711696879328497 0
0.004750000000001114 0.002165063509461909 0
0.002625000000003194 0.006711696879330139 0
0.002750000000003333 0.006928203230276201 0
0.00262500000000291 0.006278684177437923 0
0.008625000000001545 0.004113620667975049 0
0.03562500000000182 0.004113620667961319 0
0.0358750000000018 0.004113620667961123 0
0.03575000000000171 0.003897114317015101 0
0.03600000000000166 0.003897114317014911 0
0.03587500000000154 0.003680607966068877 0
0.03612500000000153 0.003680607966068719 0
0.03600000000000143 0.003464101615122689 0
0.03625000000000142 0.00346410161512256 0
0.03612500000000131 0.003247595264176518 0
0.03637500000000131 0.003247595264176375 0
0.03650000000000142 0.003464101615122435 0
0.03662500000000132 0.003247595264176251 0
0.03675000000000142 0.003464101615122324 0
0.03687500000000132 0.003247595264176144 0
0.03700000000000142 0.003464101615122197 0
0.03625000000000119 0.003031088913230326 0
0.03600000000000119 0.003031088913230479 0
0.03712500000000132 0.003247595264176016 0
0.03725000000000142 0.003464101615122056 0
0.03612500000000106 0.002814582562284262 0
0.03587500000000107 0.002814582562284444 0
0.03737500000000131 0.003247595264175864 0
0.03725000000000119 0.003031088913229827 0
0.01012500000000177 0.004113620667973513 0
0.01262500000000186 0.004113620667972448 0
0.02162500000000183 0.004113620667968855 0
0.02312500000000171 0.004113620667967726 0
0.03525000000000344 0.00736121593215309 0
0.03450000000000343 0.007361215932153557 0
0.0327500000000031 0.007361215932153083 0
0.03050000000000353 0.007361215932153407 0
0.02875000000000348 0.007361215932156131 0
0.02800000000000355 0.007361215932156215 0
0.02625000000000348 0.007361215932157763 0
0.02550000000000355 0.007361215932157212 0
0.02475000000000354 0.007361215932158056 0
0.02400000000000372 0.007361215932158818 0
0.02325000000000354 0.007361215932159312 0
0.02100000000000358 0.007361215932160308 0
0.02025000000000395 0.007361215932161027 0
0.01900000000000351 0.007361215932162522 0
0.01775000000000374 0.00736121593216296 0
0.01700000000000357 0.007361215932163116 0
0.01625000000000357 0.007361215932163588 0
0.01550000000000356 0.007361215932164461 0
0.01425000000000345 0.007361215932164898 0
0.01350000000000356 0.007361215932165348 0
0.01275000000000362 0.007361215932165977 0
0.0115000000000036 0.007361215932166783 0
0.008750000000003489 0.007361215932168364 0
0.002500000000002185 0.004763139720815168 0
0.002500000000001994 0.004330127018922924 0
0.002625000000001994 0.00411362066797672 0
0.03750000000000119 0.003031088913229674 0
0.03737500000000105 0.002814582562283641 0
0.03750000000000146 0.003464101615121873 0
0.00250000000000327 0.006928203230276314 0
0.002625000000003395 0.007144709581222354 0
0.002875000000003441 0.007144709581222286 0
0.03375000000000342 0.007361215932154004 0
0.03200000000000445 0.007361215932152773 0
0.03125000000000444 0.007361215932153321 0
0.02975000000000379 0.007361215932155262 0
0.02725000000000352 0.007361215932157085 0
0.02250000000000334 0.007361215932159673 0
0.02175000000000363 0.007361215932160506 0
0.005250000000003436 0.007361215932167134 0
0.005000000000003432 0.007361215932167273 0
0.01075000000000352 0.007361215932167276 0
0.009750000000003539 0.007361215932167873 0
0.002750000000003517 0.007361215932168386 0
0.002500000000003496 0.007361215932168522 0
0.03600000000000094 0.002598076211338205 0
0.03575000000000095 0.002598076211338411 0
0.03762500000000105 0.002814582562283501 0
0.03750000000000094 0.002598076211337456 0
0.006500000000001772 0.003897114317028838 0
0.006000000000003215 0.006928203230274559 0
0.006125000000003121 0.006711696879328382 0
0.002375000000002021 0.004113620667976776 0
0.002500000000001966 0.003897114317030639 0
0.03737500000000159 0.003680607966068071 0
0.03762500000000159 0.003680607966067921 0
0.03750000000000171 0.003897114317014102 0
0.0030000000000035 0.007361215932168312 0
0.002875000000003611 0.007577722283114421 0
0.003125000000003604 0.007577722283114319 0
0.005125000000003554 0.007577722283113311 0
0.03775000000000173 0.003897114317013978 0
0.03762500000000178 0.004113620667960171 0
0.008000000000002196 0.004763139720812578 0
0.002250000000001889 0.003897114317030704 0
0.002375000000001886 0.003680607966084563 0
0.009500000000002201 0.004763139720811904 0
0.01350000000000216 0.004763139720810011 0
0.01700000000000215 0.004763139720808396 0
0.02400000000000214 0.004763139720805113 0
0.02550000000000213 0.004763139720804398 0
0.02950000000000216 0.004763139720802543 0
0.03350000000000211 0.004763139720800615 0
0.0358750000000008 0.002381569860392203 0
0.03562500000000078 0.002381569860392399 0
0.03775000000000091 0.002598076211337323 0
0.03762500000000082 0.002381569860391277 0
0.01087500000000314 0.006711696879327522 0
0.01212500000000316 0.006711696879327374 0
0.01837500000000331 0.006711696879324389 0
0.02162500000000311 0.006711696879322282 0
0.02687500000000309 0.00671169687931929 0
0.02812500000000301 0.0067116968793185 0
0.03212500000000303 0.00671169687931663 0
0.003125000000002119 0.004546633369868772 0
0.03787500000000191 0.004113620667959988 0
0.03775000000000191 0.004330127018906213 0
0.03787500000000079 0.002381569860391138 0
0.002125000000001823 0.004113620667976894 0
0.00212500000000141 0.003680607966084637 0
0.002250000000001813 0.003464101615138494 0
0.006250000000003211 0.006928203230274448 0
0.006375000000003113 0.006711696879328278 0
0.008375000000003147 0.006711696879330258 0
0.009125000000003143 0.006711696879329838 0
0.009875000000003135 0.006711696879328972 0
0.01312500000000352 0.006711696879327392 0
0.01387500000000333 0.006711696879326574 0
0.01487500000000314 0.006711696879326274 0
0.01587500000000312 0.006711696879325699 0
0.01662500000000319 0.006711696879324641 0
0.01737500000000317 0.006711696879324599 0
0.01962500000000311 0.006711696879323967 0
0.02062500000000311 0.006711696879323123 0
0.02287500000000314 0.006711696879322163 0
0.02362500000000308 0.006711696879321707 0
0.02437500000000307 0.006711696879321272 0
0.02512500000000305 0.006711696879320848 0
0.02587500000000304 0.00671169687931978 0
0.02912500000000307 0.0067116968793183 0
0.03012500000000306 0.006711696879317616 0
0.03112500000000308 0.006711696879317177 0
0.03312500000000304 0.006711696879316052 0
0.03412500000000306 0.006711696879315414 0
0.006250000000003029 0.006495190528382213 0
0.006500000000003042 0.006495190528382131 0
0.002500000000001831 0.003464101615138417 0
0.002375000000001765 0.003247595264192339 0
0.002125000000001549 0.003247595264192335 0
0.002250000000001685 0.003031088913246265 0
0.003000000000003701 0.007794228634060476 0
0.003250000000003691 0.007794228634060367 0
0.03787500000000175 0.003680607966067719 0
0.003250000000003483 0.007361215932168132 0
0.00487500000000203 0.004546633369868102 0
0.006125000000003312 0.007144709581220612 0
0.03550000000000097 0.002598076211338652 0
0.03537500000000078 0.002381569860392559 0
0.03525000000000095 0.002598076211338809 0
0.03512500000000078 0.00238156986039273 0
0.03500000000000093 0.002598076211338985 0
0.03487500000000078 0.002381569860392901 0
0.03475000000000096 0.002598076211339188 0
0.03462500000000078 0.002381569860393045 0
0.03500000000000064 0.002165063509446708 0
0.03450000000000093 0.002598076211339249 0
0.03437500000000079 0.0023815698603932 0
0.03425000000000091 0.002598076211339387 0
0.03412500000000079 0.002381569860393345 0
0.0340000000000009 0.00259807621133953 0
0.03387500000000079 0.002381569860393487 0
0.0337500000000009 0.002598076211339667 0
0.03362500000000079 0.002381569860393629 0
0.03425000000000067 0.002165063509447158 0
0.03350000000000091 0.00259807621133981 0
0.03337500000000079 0.002381569860393773 0
0.03350000000000067 0.002165063509447596 0
0.03325000000000067 0.002165063509447744 0
0.03312500000000079 0.00238156986039391 0
0.03300000000000066 0.002165063509447877 0
0.03287500000000078 0.002381569860394044 0
0.03275000000000067 0.002165063509448007 0
0.03262500000000078 0.002381569860394169 0
0.03250000000000065 0.00216506350944813 0
0.03237500000000078 0.002381569860394308 0
0.03225000000000065 0.002165063509448264 0
0.03212500000000078 0.002381569860394457 0
0.03200000000000065 0.002165063509448416 0
0.03187500000000079 0.002381569860394605 0
0.03175000000000065 0.002165063509448565 0
0.03162500000000079 0.002381569860394745 0
0.03150000000000066 0.002165063509448707 0
0.03137500000000079 0.002381569860394924 0
0.03125000000000067 0.002165063509448862 0
0.03112500000000079 0.002381569860395072 0
0.03100000000000067 0.002165063509449001 0
0.03087500000000079 0.002381569860395187 0
0.03075000000000067 0.002165063509449144 0
0.03062500000000079 0.002381569860395325 0
0.03050000000000067 0.002165063509449268 0
0.03037500000000078 0.002381569860395513 0
0.03025000000000066 0.002165063509449422 0
0.03012500000000077 0.002381569860395734 0
0.03000000000000066 0.002165063509449575 0
0.02987500000000078 0.002381569860395825 0
0.02975000000000066 0.002165063509449712 0
0.02962500000000079 0.002381569860395887 0
0.02950000000000067 0.002165063509449835 0
0.0293750000000008 0.002381569860396009 0
0.02925000000000067 0.002165063509449974 0
0.0291250000000008 0.00238156986039615 0
0.02900000000000067 0.002165063509450105 0
0.0288750000000008 0.002381569860396294 0
0.02875000000000067 0.002165063509450249 0
0.0286250000000008 0.002381569860396444 0
0.02850000000000068 0.002165063509450407 0
0.0283750000000008 0.002381569860396593 0
0.02825000000000068 0.00216506350945056 0
0.02812500000000081 0.002381569860396838 0
0.02800000000000068 0.002165063509450732 0
0.02787500000000081 0.002381569860397007 0
0.02775000000000068 0.002165063509450887 0
0.02762500000000081 0.002381569860397059 0
0.02750000000000068 0.002165063509451014 0
0.02737500000000081 0.002381569860397187 0
0.02725000000000068 0.002165063509451153 0
0.02712500000000081 0.002381569860397337 0
0.02700000000000068 0.002165063509451303 0
0.02687500000000081 0.002381569860397488 0
0.02675000000000068 0.002165063509451449 0
0.02662500000000082 0.002381569860397628 0
0.02650000000000068 0.002165063509451599 0
0.02637500000000085 0.002381569860397894 0
0.02625000000000068 0.00216506350945172 0
0.02612500000000084 0.002381569860398067 0
0.02600000000000068 0.002165063509451822 0
0.02587500000000082 0.002381569860398211 0
0.02575000000000068 0.002165063509452014 0
0.02562500000000081 0.00238156986039837 0
0.02550000000000068 0.002165063509452225 0
0.02537500000000081 0.002381569860398411 0
0.02525000000000068 0.002165063509452367 0
0.02512500000000082 0.002381569860398543 0
0.02500000000000068 0.002165063509452519 0
0.02487500000000082 0.002381569860398703 0
0.02475000000000069 0.002165063509452677 0
0.02462500000000082 0.002381569860398859 0
0.02450000000000069 0.00216506350945283 0
0.02437500000000082 0.002381569860399014 0
0.02425000000000069 0.002165063509452982 0
0.02412500000000082 0.002381569860399169 0
0.02400000000000068 0.002165063509453052 0
0.02387500000000082 0.002381569860399311 0
0.02375000000000067 0.0021650635094531 0
0.02362500000000082 0.002381569860399446 0
0.02350000000000068 0.002165063509453319 0
0.02337500000000082 0.002381569860399608 0
0.02325000000000068 0.002165063509453478 0
0.02312500000000082 0.002381569860399763 0
0.02300000000000067 0.002165063509453636 0
0.02287500000000082 0.002381569860399918 0
0.02275000000000068 0.002165063509453888 0
0.02262500000000082 0.002381569860400091 0
0.02250000000000069 0.002165063509454058 0
0.02237500000000082 0.002381569860400248 0
0.02225000000000069 0.002165063509454215 0
0.02212500000000082 0.002381569860400401 0
0.02200000000000069 0.002165063509454369 0
0.02187500000000081 0.002381569860400708 0
0.02175000000000069 0.002165063509454547 0
0.0216250000000008 0.00238156986040105 0
0.02150000000000069 0.002165063509454735 0
0.02137500000000081 0.002381569860401085 0
0.02125000000000069 0.002165063509454747 0
0.02112500000000082 0.002381569860401037 0
0.02100000000000069 0.002165063509454843 0
0.02087500000000082 0.002381569860401146 0
0.02075000000000069 0.002165063509455107 0
0.02062500000000082 0.002381569860401315 0
0.02050000000000069 0.00216506350945528 0
0.02037500000000082 0.00238156986040147 0
0.02025000000000069 0.002165063509455437 0
0.02012500000000082 0.002381569860401622 0
0.02000000000000069 0.00216506350945559 0
0.01987500000000083 0.002381569860401932 0
0.01975000000000069 0.002165063509455769 0
0.01962500000000083 0.002381569860402115 0
0.01950000000000069 0.002165063509455931 0
0.01937500000000083 0.002381569860402117 0
0.0192500000000007 0.002165063509456048 0
0.01912500000000083 0.002381569860402239 0
0.0190000000000007 0.002165063509456202 0
0.01887500000000083 0.002381569860402387 0
0.0187500000000007 0.002165063509456354 0
0.01862500000000083 0.002381569860402539 0
0.0185000000000007 0.002165063509456507 0
0.01837500000000084 0.002381569860402691 0
0.0182500000000007 0.00216506350945666 0
0.01812500000000083 0.002381569860402844 0
0.0180000000000007 0.002165063509456812 0
0.01787500000000083 0.002381569860402975 0
0.0177500000000007 0.002165063509456961 0
0.01762500000000084 0.002381569860403123 0
0.01750000000000071 0.002165063509457112 0
0.01737500000000084 0.002381569860403481 0
0.01725000000000071 0.002165063509457102 0
0.01712500000000084 0.002381569860403641 0
0.01700000000000071 0.002165063509457228 0
0.01687500000000084 0.002381569860403607 0
0.01675000000000071 0.002165063509457542 0
0.0166250000000009 0.00238156986040391 0
0.01650000000000072 0.002165063509457741 0
0.01637500000000089 0.002381569860404107 0
0.01625000000000072 0.002165063509457915 0
0.01612500000000085 0.002381569860404105 0
0.01600000000000072 0.002165063509458043 0
0.01587500000000085 0.002381569860404228 0
0.0157500000000007 0.002165063509457963 0
0.01562500000000085 0.002381569860404519 0
0.01550000000000069 0.002165063509458106 0
0.01537500000000084 0.002381569860404695 0
0.0152500000000007 0.002165063509458491 0
0.01512500000000085 0.002381569860404711 0
0.01500000000000071 0.002165063509458657 0
0.01487500000000085 0.002381569860404844 0
0.01475000000000071 0.002165063509458809 0
0.01462500000000084 0.002381569860405184 0
0.01450000000000071 0.002165063509458745 0
0.01437500000000083 0.002381569860405331 0
0.01425000000000071 0.002165063509458862 0
0.01412500000000084 0.002381569860405287 0
0.01400000000000074 0.00216506350945924 0
0.01387500000000086 0.002381569860405448 0
0.0137500000000008 0.0021650635094592 0
0.01362500000000086 0.002381569860405581 0
0.01350000000000079 0.002165063509459302 0
0.01337500000000086 0.002381569860405713 0
0.01325000000000073 0.002165063509459677 0
0.01312500000000085 0.002381569860405914 0
0.01300000000000072 0.002165063509459873 0
0.01287500000000087 0.00238156986040605 0
0.01275000000000073 0.002165063509460028 0
0.01262500000000092 0.002381569860406394 0
0.01250000000000073 0.002165063509460213 0
0.01237500000000091 0.002381569860406598 0
0.01225000000000078 0.00216506350946041 0
0.01212500000000085 0.002381569860406786 0
0.01200000000000078 0.002165063509460623 0
0.01187500000000083 0.002381569860407174 0
0.01175000000000073 0.002165063509460796 0
0.01162500000000084 0.002381569860407156 0
0.01150000000000075 0.002165063509460865 0
0.01137500000000086 0.002381569860407043 0
0.01125000000000077 0.002165063509461029 0
0.01112500000000086 0.002381569860407149 0
0.01100000000000074 0.00216506350946115 0
0.01087500000000085 0.002381569860407289 0
0.01075000000000073 0.002165063509461277 0
0.01062500000000086 0.002381569860407434 0
0.01050000000000073 0.002165063509461405 0
0.01037500000000084 0.002381569860407805 0
0.01025000000000073 0.002165063509461612 0
0.01012500000000083 0.002381569860408233 0
0.01000000000000072 0.002165063509461781 0
0.009875000000000847 0.002381569860408202 0
0.009750000000000722 0.002165063509461901 0
0.009625000000000879 0.002381569860408323 0
0.009500000000000728 0.002165063509462044 0
0.009375000000000935 0.002381569860408671 0
0.009250000000000744 0.002165063509462233 0
0.009125000000000877 0.002381569860408396 0
0.009000000000000737 0.002165063509462301 0
0.008875000000000865 0.002381569860408707 0
0.008750000000000733 0.002165063509462471 0
0.008625000000000852 0.002381569860408876 0
0.00850000000000074 0.002165063509462595 0
0.008375000000000851 0.002381569860408784 0
0.008250000000000746 0.002165063509462677 0
0.008125000000000857 0.002381569860408865 0
0.008000000000000748 0.002165063509462813 0
0.007875000000000857 0.002381569860408993 0
0.007750000000000742 0.002165063509462952 0
0.00762500000000086 0.002381569860409129 0
0.00750000000000074 0.002165063509463093 0
0.006375000000003302 0.007144709581220494 0
0.006250000000003413 0.007361215932166665 0
0.006500000000003411 0.007361215932166551 0
0.00637500000000351 0.007577722283112719 0
0.006625000000003513 0.007577722283112605 0
0.006500000000003612 0.007794228634058772 0
0.006750000000003614 0.007794228634058655 0
0.007375000000000864 0.002381569860409266 0
0.007250000000000744 0.002165063509463232 0
0.007125000000001129 0.00238156986040925 0
0.00700000000000079 0.002165063509463348 0
0.03575000000000062 0.002165063509446203 0
0.03600000000000064 0.002165063509446002 0
0.03775000000000066 0.002165063509445106 0
0.03800000000000199 0.004330127018906038 0
0.03787500000000203 0.004546633369852263 0
0.03800000000000065 0.002165063509444919 0
0.03800000000000092 0.002598076211337176 0
0.002000000000001698 0.00303108891324633 0
0.002125000000001643 0.002814582562300202 0
0.006625000000003725 0.008010734985004819 0
0.006875000000003725 0.008010734985004701 0
0.03537500000000288 0.0062786841774225 0
0.005375000000002267 0.004979646071759867 0
0.006375000000003718 0.008010734985004944 0
0.001875000000001643 0.002814582562300274 0
0.002000000000001566 0.002598076211354132 0
0.002250000000001574 0.002598076211354058 0
0.002125000000001473 0.002381569860407963 0
0.003125000000003812 0.008010734985006518 0
0.002875000000003809 0.008010734985006642 0
0.003375000000003778 0.008010734985006426 0
0.001875000000001435 0.002381569860408102 0
0.002000000000001369 0.002165063509461894 0
0.007125000000000634 0.001948557158517188 0
0.006875000000000634 0.001948557158517321 0
0.007875000000000625 0.001948557158516764 0
0.008625000000000632 0.001948557158516385 0
0.009375000000000598 0.001948557158515968 0
0.01012500000000058 0.001948557158515577 0
0.01087500000000061 0.001948557158515244 0
0.006375000000002948 0.006278684177436064 0
0.006625000000002965 0.006278684177435976 0
0.002625000000001747 0.003247595264192263 0
0.01162500000000064 0.001948557158514757 0
0.01237500000000069 0.001948557158514287 0
0.006875000000000939 0.002381569860408602 0
0.01337500000000064 0.001948557158512733 0
0.0141250000000006 0.001948557158512298 0
0.01512500000000057 0.001948557158512471 0
0.01587500000000059 0.001948557158511811 0
0.01687500000000056 0.001948557158510742 0
0.01787500000000057 0.001948557158510587 0
0.01887500000000055 0.001948557158509823 0
0.01987500000000056 0.001948557158509562 0
0.02087500000000054 0.001948557158508518 0
0.02187500000000056 0.00194855715850834 0
0.02262500000000054 0.001948557158507663 0
0.02337500000000053 0.001948557158507116 0
0.02412500000000056 0.001948557158506849 0
0.02487500000000056 0.001948557158506433 0
0.02562500000000054 0.001948557158505857 0
0.02637500000000055 0.001948557158505508 0
0.02712500000000054 0.001948557158505092 0
0.02812500000000052 0.001948557158504515 0
0.02912500000000054 0.001948557158503904 0
0.02987500000000053 0.001948557158503531 0
0.03062500000000053 0.001948557158503113 0
0.03137500000000052 0.001948557158502704 0
0.03212500000000051 0.00194855715850224 0
0.03287500000000056 0.001948557158501837 0
0.03787500000000048 0.001948557158498912 0
0.03762500000000052 0.001948557158499039 0
0.03812500000000048 0.001948557158498699 0
0.03812500000000202 0.004546633369852126 0
0.03800000000000214 0.004763139720798311 0
0.004375000000000372 0.001515544456623161 0
0.004750000000003043 0.006495190528382923 0
0.03200000000000092 0.002598076211340635 0
0.02975000000000088 0.002598076211342142 0
0.02550000000000092 0.002598076211344563 0
0.016250000000001 0.002598076211350669 0
0.01400000000000096 0.002598076211351869 0
0.03587500000000047 0.001948557158500015 0
0.03612500000000048 0.001948557158499839 0
0.007250000000001141 0.002598076211355484 0
0.0382500000000022 0.004763139720798238 0
0.03812500000000225 0.004979646071744369 0
0.03787500000000227 0.004979646071744497 0
0.03800000000000247 0.005196152422690498 0
0.001750000000001712 0.003031088913246326 0
0.001750000000001344 0.002165063509462023 0
0.00187500000000131 0.001948557158515839 0
0.03825000000000248 0.005196152422690498 0
0.03812500000000256 0.005412658773636597 0
0.03787500000000274 0.005412658773636727 0
0.0380000000000028 0.005629165124582774 0
0.03825000000000214 0.004330127018905886 0
0.0382500000000027 0.005629165124582583 0
0.03812500000000286 0.005845671475528771 0
0.03787500000000298 0.005845671475528963 0
0.03800000000000308 0.006062177826474945 0
0.0382500000000031 0.00606217782647477 0
0.03812500000000325 0.006278684177421003 0
0.03787500000000329 0.006278684177421166 0
0.03800000000000341 0.006495190528367214 0
0.03775000000000341 0.006495190528367393 0
0.0378750000000036 0.006711696879313439 0
0.03762500000000353 0.006711696879313576 0
0.03775000000000363 0.006928203230259588 0
0.03750000000000363 0.00692820323025975 0
0.03762500000000374 0.007144709581205765 0
0.03787500000000389 0.007144709581205673 0
0.03775000000000391 0.00736121593215181 0
0.03750000000000388 0.007361215932151952 0
0.03762500000000399 0.007577722283098002 0
0.037375000000004 0.00757772228309813 0
0.037875000000004 0.007577722283097946 0
0.03750000000000412 0.007794228634044175 0
0.03725000000000411 0.007794228634044303 0
0.03737500000000425 0.008010734984990348 0
0.03712500000000422 0.008010734984990477 0
0.006500000000003833 0.008227241335950989 0
0.006250000000003846 0.008227241335951131 0
0.03825000000000359 0.006495190528367144 0
0.008125000000003137 0.006711696879330403 0
0.008250000000003008 0.006495190528384225 0
0.03737500000000187 0.004113620667960292 0
0.004875000000003561 0.007577722283113447 0
0.005000000000003675 0.007794228634059502 0
0.002375000000001473 0.002381569860407873 0
0.0310000000000009 0.002598076211341282 0
0.0287500000000009 0.002598076211342663 0
0.02775000000000092 0.002598076211343156 0
0.0267500000000009 0.002598076211343787 0
0.02450000000000095 0.002598076211345045 0
0.02350000000000095 0.002598076211345657 0
0.02275000000000095 0.002598076211346118 0
0.02200000000000095 0.002598076211346672 0
0.02125000000000095 0.002598076211347137 0
0.02050000000000095 0.002598076211347502 0
0.01950000000000095 0.002598076211348205 0
0.01850000000000097 0.002598076211348724 0
0.01750000000000082 0.002598076211349911 0
0.01525000000000098 0.002598076211350716 0
0.01300000000000101 0.00259807621135209 0
0.01225000000000098 0.002598076211353203 0
0.01150000000000098 0.002598076211353145 0
0.01050000000000099 0.002598076211353879 0
0.00975000000000098 0.00259807621135458 0
0.009000000000001014 0.002598076211355172 0
0.008250000000000916 0.002598076211355172 0
0.03800000000000028 0.001732050807552703 0
0.03825000000000027 0.001732050807552496 0
0.03725000000000436 0.008227241335936534 0
0.03750000000000436 0.008227241335936398 0
0.03700000000000436 0.008227241335936664 0
0.03687500000000425 0.008010734984990622 0
0.03675000000000438 0.008227241335936809 0
0.003250000000003882 0.008227241335952576 0
0.003500000000003854 0.008227241335952493 0
0.00700000000000052 0.001732050807571149 0
0.006750000000000526 0.001732050807571276 0
0.006500000000002863 0.006062177826489915 0
0.006750000000002865 0.006062177826489818 0
0.03550000000000228 0.005196152422691908 0
0.004000000000002262 0.005196152422706799 0
0.03275000000000088 0.002598076211340211 0
0.03600000000000031 0.001732050807553822 0
0.03625000000000032 0.00173205080755363 0
0.03837500000000049 0.00194855715849847 0
0.001625000000001001 0.001948557158516017 0
0.001750000000001212 0.001732050807569791 0
0.002000000000001279 0.001732050807569712 0
0.006750000000003399 0.007361215932166444 0
0.03662500000000424 0.008010734984990756 0
0.03650000000000436 0.008227241335936938 0
0.003375000000002924 0.006278684177437511 0
0.03437500000000109 0.002814582562285505 0
0.03850000000000027 0.001732050807552277 0
0.00150000000000056 0.001732050807570141 0
0.006250000000002864 0.006062177826490001 0
0.03612500000000202 0.004113620667961204 0
0.0368750000000045 0.008443747686882826 0
0.006375000000003949 0.008443747686897164 0
0.006125000000003966 0.008443747686897311 0
0.003375000000003944 0.008443747686898644 0
0.003625000000003924 0.00844374768689856 0
0.001500000000000824 0.00216506350946227 0
0.001875000000001213 0.001515544456623643 0
0.002125000000001227 0.001515544456623588 0
0.006875000000002972 0.006278684177435872 0
0.007000000000002869 0.006062177826489707 0
0.03750000000000346 0.006495190528367678 0
0.003625000000003761 0.008010734985006289 0
0.00637500000000279 0.005845671475543852 0
0.03512500000000111 0.002814582562285163 0
0.03612500000000014 0.001515544456607616 0
0.03637500000000016 0.001515544456607426 0
0.03587500000000013 0.001515544456607832 0
0.03812500000000005 0.00151554445660651 0
0.006875000000000428 0.001515544456625102 0
0.006625000000000426 0.00151554445662522 0
0.006500000000000526 0.00173205080757138 0
0.006375000000000432 0.001515544456625327 0
0.006250000000000521 0.001732050807571496 0
0.006125000000000425 0.001515544456625449 0
0.006000000000000529 0.001732050807571627 0
0.005875000000000418 0.001515544456625583 0
0.03637500000000425 0.008010734984990922 0
0.03625000000000436 0.008227241335937094 0
0.03650000000000411 0.007794228634044765 0
0.03637500000000048 0.001948557158499637 0
0.03362500000000102 0.002814582562285845 0
0.004750000000003479 0.007361215932167368 0
0.006125000000000651 0.001948557158517655 0
0.004875000000001677 0.003680607966083462 0
0.007125000000000416 0.001515544456624987 0
0.03862500000000047 0.001948557158498251 0
0.003500000000003993 0.00866025403784472 0
0.003250000000003996 0.008660254037844794 0
0.003750000000004007 0.008660254037844633 0
0.006500000000000346 0.001299038105679157 0
0.002000000000001174 0.001299038105677502 0
0.002250000000001171 0.001299038105677439 0
0.002375000000001223 0.00151554445662353 0
0.006125000000002798 0.005845671475543928 0
0.00475000000000368 0.007794228634059612 0
0.004875000000003779 0.008010734985005678 0
0.005875000000000649 0.00194855715851781 0
0.006000000000000779 0.002165063509463842 0
0.006250000000002739 0.005629165124597777 0
0.03625 0.001299038105661413 0
0.0365 0.00129903810566122 0
0.006250000000004079 0.008660254037843339 0
0.006500000000004062 0.008660254037843203 0
0.006000000000004082 0.008660254037843474 0
0.03875000000000026 0.001732050807552048 0
0.007125000000002976 0.006278684177435752 0
0.007250000000002872 0.006062177826489589 0
0.03612500000000426 0.008010734984991077 0
0.03600000000000437 0.008227241335937257 0
0.03612500000000449 0.008443747686883284 0
0.03587500000000451 0.00844374768688346 0
0.03600000000000464 0.008660254037829487 0
0.03575000000000465 0.008660254037829633 0
0.03562500000000451 0.008443747686883576 0
0.03550000000000464 0.008660254037829763 0
0.03537500000000453 0.008443747686883711 0
0.03525000000000465 0.008660254037829902 0
0.03512500000000454 0.00844374768688386 0
0.03500212351491834 0.008659028025922982 0
0.03487535391915682 0.008443543351566152 0
0.03475125844548767 0.008658051795446153 0
0.03462500000000454 0.008443747686884115 0
0.03449893176581015 0.008659149158160141 0
0.03437482196097202 0.008443563540272536 0
0.03424979228780014 0.008660039200116754 0
0.03412496719802858 0.008443713759645814 0
0.0339999599143079 0.008660212577005159 0
0.03387499132290062 0.008443738712114991 0
0.03374999187287121 0.00866024563189819 0
0.03362500000000453 0.008443747686884641 0
0.03349999864548242 0.008660252636842071 0
0.03337499977425082 0.008443747453386672 0
0.0332529374779675 0.008652637058300348 0
0.03312548954203938 0.008442478151380155 0
0.0329974794000949 0.008647675104931586 0
0.03287466149035871 0.008441439608817703 0
0.03274349397049386 0.008654291729392635 0
0.03262385924347842 0.008442369289134225 0
0.03249872553566518 0.008659030586799819 0
0.03237489521636986 0.008443634806454383 0
0.0322497701253423 0.008660031315921144 0
0.03212494422362169 0.008443691753160915 0
0.03199995239149712 0.008660207595225887 0
0.03187500000000453 0.008443747686885699 0
0.03174999206525341 0.008660246297397577 0
0.03162499867754599 0.008443746396812422 0
0.03149999845713636 0.00865979509449758 0
0.03137499952245006 0.008443670981318006 0
0.03124999966326752 0.008659707324765269 0
0.03112499986428927 0.008443643783779325 0
0.03099999992126259 0.008660145601803372 0
0.03087499996426165 0.008443712297029332 0
0.03074999998092384 0.008660230066851498 0
0.03062499999086725 0.008443737793413442 0
0.03049999999530165 0.00866024839375696 0
0.03037499999769783 0.008443745097294208 0
0.03024999999883638 0.008660252665554766 0
0.03012499999942538 0.008443747026574071 0
0.02999999999971343 0.008660253699067815 0
0.02987499999985947 0.008443747520373924 0
0.02974999999993195 0.008660253953620063 0
0.02962499999996824 0.008443747645099378 0
0.0294999999999865 0.008660254016833114 0
0.02937499999999546 0.008443747676422557 0
0.02925000000000013 0.00866025403258925 0
0.02912500000000227 0.008443747684269209 0
0.02900000000000354 0.008660254036523148 0
0.02887500000000397 0.008443747686231899 0
0.02875000000000439 0.008660254037506008 0
0.02862500000000441 0.008443747686722111 0
0.0285000000000046 0.008660254037751614 0
0.02837500000000452 0.008443747686845676 0
0.02825000000000465 0.008660254037813229 0
0.02812500000000454 0.008443747686876665 0
0.02800000000000466 0.008660254037828755 0
0.02787500000000454 0.008443747686884513 0
0.02775000000000467 0.00866025403783347 0
0.02762500000000455 0.008443747686887468 0
0.02750000000000467 0.008660254037834356 0
0.02737500000000455 0.008443747686887474 0
0.02725000000000467 0.008659477400660425 0
0.02712500000000455 0.008443618247358576 0
0.02700000000000467 0.00865932638787671 0
0.02687500000000455 0.008443571505306599 0
0.02675000000000468 0.008660070065911688 0
0.02662500000000455 0.008443687661303854 0
0.0265000000000047 0.008660213371584048 0
0.02637500000000455 0.00844373090491558 0
0.0262500000000047 0.008660244463131243 0
0.02612500000000455 0.008443743294108186 0
0.02600000000000468 0.008660251709921058 0
0.02587500000000455 0.008443746566772664 0
0.0257500000000047 0.008660253463163741 0
0.02562500000000455 0.008443747404423973 0
0.0255000000000047 0.008660253894979505 0
0.02537500000000454 0.008443747616001912 0
0.02525000000000468 0.008660254002211666 0
0.02512500000000455 0.008443747669137636 0
0.0250000000000047 0.008660254028939931 0
0.02487500000000455 0.008443747682447815 0
0.02475000000000469 0.008660254035613104 0
0.02462500000000455 0.008443747685777908 0
0.02450000000000468 0.008660254037280404 0
0.02437500000000455 0.008443747686611476 0
0.02425000000000469 0.00866025403769749 0
0.02412500000000455 0.008443747686820036 0
0.02400000000000469 0.008660254037801672 0
0.02387500000000454 0.008443747686871722 0
0.02375000000000454 0.008660254037827655 0
0.02362500000000452 0.008443747686885304 0
0.02350000000000451 0.008660254037834998 0
0.02337500000000451 0.00844374768688891 0
0.02325000000000467 0.008660254037836707 0
0.02312500000000453 0.008443747686889894 0
0.02300000000000467 0.008660254037836723 0
0.02287500000000454 0.008443747686890666 0
0.02275000000000467 0.008660254037836979 0
0.02262500000000454 0.008443747686890452 0
0.02250000000000467 0.008660254037837054 0
0.02237500000000454 0.008443747686890529 0
0.02225000000000467 0.008660254037837175 0
0.02212500000000454 0.008443747686891139 0
0.02200000000000468 0.008660254037837434 0
0.02187500000000454 0.008443747686890926 0
0.02175000000000468 0.0086602540378375 0
0.02162500000000454 0.008443747686890556 0
0.02150000000000469 0.008660254037837687 0
0.02137500000000455 0.008443747686891075 0
0.0212500000000047 0.008660254037838037 0
0.02112500000000455 0.008443747686891337 0
0.0210000000000047 0.008660254037838095 0
0.02087500000000455 0.00844374768689107 0
0.02075000000000469 0.008660254037838159 0
0.02062500000000455 0.008443747686891559 0
0.02050000000000471 0.008660254037838459 0
0.02037500000000456 0.008443747686891809 0
0.02025000000000471 0.008660254037838523 0
0.02012500000000455 0.008443747686891568 0
0.02000000000000469 0.008660254037838476 0
0.01987500000000456 0.008443747686892017 0
0.01975000000000469 0.008660254037838641 0
0.01962500000000456 0.00844374768689261 0
0.01950000000000469 0.008660254037838905 0
0.01937500000000456 0.008443747686892851 0
0.01925000000000471 0.008660254037839137 0
0.01912500000000456 0.008443747686892671 0
0.0190000000000047 0.008660254037839247 0
0.01887500000000455 0.008443747686892406 0
0.01875000000000469 0.008660254037839227 0
0.01862500000000456 0.008443747686892813 0
0.01850000000000469 0.008660254037839391 0
0.01837500000000456 0.008443747686893358 0
0.01825000000000469 0.00866025403783964 0
0.01812500000000456 0.008443747686893587 0
0.01800000000000469 0.008660254037839861 0
0.01787500000000456 0.008443747686893445 0
0.01775000000000469 0.008660254037839972 0
0.01762500000000455 0.00844374768689354 0
0.0175000000000047 0.008660254037840022 0
0.01737500000000456 0.008443747686893975 0
0.01725000000000471 0.008660254037840258 0
0.01712500000000456 0.008443747686893897 0
0.0170000000000047 0.008660254037840374 0
0.01687500000000456 0.008443747686893722 0
0.0167500000000047 0.008660254037840416 0
0.01662500000000456 0.008443747686894085 0
0.01650000000000471 0.008660254037840608 0
0.01637500000000457 0.008443747686894296 0
0.01625000000000471 0.008660254037840785 0
0.01612500000000456 0.008443747686894459 0
0.0160000000000047 0.0086602540378409 0
0.01587500000000457 0.008443747686894862 0
0.0157500000000047 0.008660254037841104 0
0.01562500000000458 0.00844374768689506 0
0.0155000000000047 0.00866025403784125 0
0.01537500000000458 0.008443747686895216 0
0.01525000000000471 0.008660254037841398 0
0.01512500000000458 0.008443747686895361 0
0.01500000000000471 0.008660254037841543 0
0.01487500000000458 0.008443747686895507 0
0.01475000000000471 0.008660254037841687 0
0.01462500000000458 0.008443747686895653 0
0.01450000000000471 0.008660254037841833 0
0.01437500000000459 0.008443747686895799 0
0.01425000000000471 0.008660254037841979 0
0.01412500000000459 0.008443747686895943 0
0.01400000000000471 0.008660254037842123 0
0.01387500000000459 0.00844374768689609 0
0.01375000000000471 0.008660254037842274 0
0.01362500000000458 0.008443747686896095 0
0.01350000000000471 0.0086602540378424 0
0.01337500000000459 0.008443747686896217 0
0.01325000000000471 0.008660254037842544 0
0.01312500000000459 0.008443747686896505 0
0.01300000000000471 0.008660254037842721 0
0.01287500000000459 0.008443747686896683 0
0.01275000000000472 0.00866025403784287 0
0.01262500000000459 0.008443747686896746 0
0.01250000000000472 0.008660254037843016 0
0.01237500000000459 0.008443747686896883 0
0.01225000000000472 0.008660254037843165 0
0.01212500000000459 0.008443747686897063 0
0.01200000000000473 0.008660254037843318 0
0.01187500000000459 0.008443747686897228 0
0.01175000000000473 0.008660254037843481 0
0.01162500000000459 0.008443747686897464 0
0.01150000000000473 0.008660254037843665 0
0.01137500000000459 0.008443747686897606 0
0.01125000000000474 0.008660254037843828 0
0.01112500000000459 0.008443747686897766 0
0.01100000000000474 0.008660254037844001 0
0.01087500000000459 0.008443747686897984 0
0.01075000000000474 0.008660254037844189 0
0.01062500000000459 0.008443747686898168 0
0.01050000000000475 0.008660254037844367 0
0.01037500000000459 0.008443747686898347 0
0.01025000000000474 0.008660254037844541 0
0.01012500000000459 0.008443747686898526 0
0.01000000000000474 0.008660254037844716 0
0.009875000000004588 0.008443747686898699 0
0.009750000000004748 0.008660254037844895 0
0.009625000000004586 0.008443747686898876 0
0.009500000000004748 0.008660254037845075 0
0.009375000000004586 0.00844374768689906 0
0.009250000000004751 0.008660254037845261 0
0.009125000000004591 0.008443747686899244 0
0.009000000000004751 0.008660254037845445 0
0.008875000000004586 0.008443747686899424 0
0.008750000000004751 0.00866025403784563 0
0.008625000000004587 0.008443747686899618 0
0.008500000000004759 0.008660254037845828 0
0.008375000000004584 0.008443747686899818 0
0.00825000000000476 0.008660254037846031 0
0.008125000000004583 0.008443747686900023 0
0.008000000000004757 0.008660254037846225 0
0.007875000000004588 0.008443747686900207 0
0.007750000000004737 0.008660254037846411 0
0.00800000000000442 0.008227241335954013 0
0.006000000000000318 0.001299038105679401 0
0.005750000000000303 0.001299038105679535 0
0.002875000000002459 0.005412658773653294 0
0.03725000000000096 0.002598076211337516 0
0.03662500000000016 0.001515544456607224 0
0.03674999999999996 0.001299038105661035 0
0.001750000000001181 0.00129903810567757 0
0.00275000000000197 0.003897114317030574 0
0.03862500000000008 0.001515544456606063 0
0.009250000000004425 0.008227241335953036 0
0.03600000000000324 0.006495190528368328 0
0.03100000000000215 0.004763139720801906 0
0.002375000000003191 0.006711696879330271 0
0.003875000000003941 0.008443747686898467 0
0.004000000000004025 0.008660254037844529 0
0.03762500000000213 0.004546633369852546 0
0.03187500000000182 0.004113620667963062 0
0.02862500000000053 0.001948557158504186 0
0.01200000000000219 0.004763139720810754 0
0.02962500000000181 0.004113620667964331 0
0.03400000000000211 0.004763139720800357 0
0.01262500000000315 0.006711696879327471 0
0.01612500000000178 0.004113620667970663 0
0.006750000000001768 0.003897114317028726 0
0.006625000000001678 0.003680607966082669 0
0.006875000000001675 0.003680607966082554 0
0.01200000000000355 0.007361215932166442 0
0.01475000000000098 0.002598076211351252 0
0.01350000000000099 0.002598076211351783 0
0.02700000000000214 0.004763139720803716 0
0.01137500000000314 0.006711696879328175 0
0.02800000000000216 0.004763139720803222 0
0.00550000000000159 0.003464101615137065 0
0.02600000000000094 0.002598076211344493 0
0.01800000000000086 0.00259807621134914 0
0.02825000000000091 0.002598076211343093 0
0.02037500000000055 0.001948557158508958 0
0.02737500000000305 0.006711696879319006 0
0.02762500000000055 0.001948557158504822 0
0.01637500000000059 0.001948557158511507 0
0.03000000000000212 0.004763139720802374 0
0.01575000000000217 0.004763139720808982 0
0.01737500000000185 0.004113620667969889 0
0.03262500000000301 0.006711696879316322 0
0.02537500000000182 0.00411362066796631 0
0.01937500000000055 0.001948557158509696 0
0.0286250000000018 0.004113620667964613 0
0.03050000000000089 0.002598076211341606 0
0.01512500000000186 0.004113620667970928 0
0.02150000000000215 0.004763139720806299 0
0.02000000000000094 0.002598076211348308 0
0.01825000000000215 0.004763139720807808 0
0.01462500000000058 0.001948557158512002 0
0.01700000000000097 0.0025980762113502 0
0.01837500000000056 0.001948557158510107 0
0.02037500000000183 0.004113620667968486 0
0.02212500000000317 0.006711696879322254 0
0.01412500000000186 0.004113620667971394 0
0.0188750000000031 0.006711696879324398 0
0.01937500000000184 0.004113620667968955 0
0.007125000000002787 0.005845671475543549 0
0.007375000000002766 0.005845671475543427 0
0.03437500000000176 0.00411362066796191 0
0.01537500000000313 0.006711696879325648 0
0.02050000000000214 0.004763139720806755 0
0.01787500000000319 0.006711696879324607 0
0.01950000000000214 0.004763139720807223 0
0.01287500000000057 0.0019485571585133 0
0.01075000000000217 0.004763139720811289 0
0.02662500000000182 0.004113620667965564 0
0.02400000000000095 0.002598076211345357 0
0.02137500000000055 0.001948557158508259 0
0.03362500000000307 0.006711696879315715 0
0.03150000000000091 0.002598076211340924 0
0.01137500000000187 0.004113620667972673 0
0.03312500000000179 0.004113620667962464 0
0.01575000000000095 0.002598076211350983 0
0.006125000000002091 0.004546633369867293 0
0.006125000000003525 0.007577722283112837 0
0.01900000000000096 0.002598076211348419 0
0.02275000000000214 0.004763139720805705 0
0.03062500000000306 0.006711696879317352 0
0.0201250000000031 0.006711696879323685 0
0.0272500000000009 0.002598076211343593 0
0.02500000000000097 0.002598076211344814 0
0.01837500000000184 0.004113620667969423 0
0.005125000000002745 0.005845671475544382 0
0.02112500000000313 0.006711696879322829 0
0.01437500000000314 0.00671169687932619 0
0.02637500000000309 0.00671169687931951 0
0.01475000000000216 0.004763139720809428 0
0.01025000000000357 0.007361215932167615 0
0.01737500000000056 0.001948557158510463 0
0.00425000000000118 0.002598076211353217 0
0.02437500000000182 0.004113620667966621 0
0.03325000000000353 0.007361215932154224 0
0.03225000000000215 0.004763139720801302 0
0.02962500000000306 0.006711696879317991 0
0.005875000000003995 0.008443747686897414 0
0.005750000000004085 0.008660254037843609 0
0.01037500000000315 0.006711696879327753 0
0.02762500000000182 0.004113620667965095 0
0.003750000000000767 0.00173205080756905 0
0.01100000000000109 0.002598076211353792 0
0.03087500000000181 0.004113620667963581 0
0.00700000000000362 0.007794228634058535 0
0.004125000000002738 0.005845671475544855 0
0.02862500000000306 0.006711696879318405 0
0.007750000000000958 0.002598076211355411 0
0.03162500000000305 0.006711696879316878 0
0.01475000000000443 0.008227241335949072 0
0.02925000000000089 0.002598076211342352 0
0.03462500000000306 0.006711696879315167 0
0.007000000000000327 0.001299038105678938 0
0.007250000000000319 0.001299038105678816 0
0.03562500000000148 0.003680607966069267 0
0.02925000000000345 0.007361215932156768 0
0.03337500000000054 0.00194855715850157 0
0.006750000000002183 0.004763139720813133 0
0.002250000000003256 0.006928203230276445 0
0.002125000000003128 0.006711696879330393 0
0.002000000000003253 0.006928203230276557 0
0.001875000000003138 0.006711696879330519 0
0.001750000000003263 0.006928203230276693 0
0.001625000000003145 0.00671169687933066 0
0.001750000000002985 0.006495190528384482 0
0.001500000000003242 0.0069282032302768 0
0.001625000000003388 0.00714470958122288 0
0.001500000000003016 0.00649519052838463 0
0.001625000000002871 0.006278684177438449 0
0.001375000000002877 0.006278684177438603 0
0.001500000000002742 0.006062177826492415 0
0.001375000000003349 0.007144709581222966 0
0.001500000000003492 0.007361215932169058 0
0.001250000000002745 0.006062177826492559 0
0.001375000000002624 0.005845671475546384 0
0.001625000000002607 0.005845671475546232 0
0.001500000000002485 0.005629165124600201 0
0.001750000000002472 0.005629165124600067 0
0.001625000000002354 0.00541265877365402 0
0.00137500000000234 0.005412658773654168 0
0.001500000000002229 0.005196152422707956 0
0.001250000000003484 0.007361215932169173 0
0.001375000000003589 0.007577722283115228 0
0.001250000000002173 0.005196152422708159 0
0.001375000000002027 0.004979646071761927 0
0.001625000000003589 0.007577722283115131 0
0.001500000000003672 0.007794228634061283 0
0.001750000000003658 0.00779422863406122 0
0.001625000000003742 0.008010734985007355 0
0.001375000000003769 0.00801073498500742 0
0.001500000000003852 0.008227241335953484 0
0.001750000000003818 0.008227241335953418 0
0.001625000000003905 0.00844374768689956 0
0.001875000000003905 0.008443747686899464 0
0.001375000000003936 0.008443747686899627 0
0.001750000000003978 0.008660254037845615 0
0.002000000000003985 0.008660254037845537 0
0.001250000000003016 0.00649519052838481 0
0.01825000000000371 0.007361215932162412 0
0.01950000000000365 0.007361215932161836 0
0.03725000000000393 0.007361215932152146 0
0.02675000000000345 0.007361215932158254 0
0.03737500000000447 0.008443747686882578 0
0.03762500000000445 0.008443747686882462 0
0.03750000000000456 0.008660254037828625 0
0.03775000000000454 0.008660254037828521 0
0.03787500000000445 0.008443747686882355 0
0.03800000000000456 0.008660254037828417 0
0.03812500000000446 0.008443747686882252 0
0.03825000000000456 0.00866025403782828 0
0.03837500000000447 0.008443747686882143 0
0.03850000000000454 0.008660254037828174 0
0.03862500000000448 0.008443747686882044 0
0.03875000000000455 0.008660254037828113 0
0.03850000000000438 0.008227241335935982 0
0.03875000000000438 0.00822724133593589 0
0.03862500000000431 0.008010734984989831 0
0.03787500000000008 0.00151554445660672 0
0.03799999999999985 0.001299038105660506 0
0.00412500000000094 0.00108253175473149 0
0.03774999999999988 0.001299038105660722 0
0.002500000000001171 0.001299038105677378 0
0.002625000000001237 0.00151554445662347 0
0.005000000000001432 0.002598076211353661 0
0.005625000000000421 0.001515544456625717 0
0.005500000000000296 0.001299038105679684 0
0.006750000000001581 0.003464101615136496 0
0.006500000000001581 0.003464101615136619 0
0.007000000000001692 0.003464101615137327 0
0.03887500000000006 0.001515544456605807 0
0.03874999999999986 0.001299038105659817 0
0.001125000000003637 0.007577722283115331 0
0.001125000000003252 0.007144709581223091 0
0.001125000000001992 0.004979646071762181 0
0.001250000000001771 0.004763139720815968 0
0.03862500000000459 0.008876760388774215 0
0.03512925954193794 0.008874449593702587 0
0.03437631473139344 0.008869565399395523 0
0.03262046651631966 0.008851965102164268 0
0.03037499999902625 0.008876759219386561 0
0.03812500000000461 0.008876760388774441 0
0.03762500000000461 0.008876760388774677 0
0.03737500000000463 0.008876760388774762 0
0.02862500000000474 0.00887676038871154 0
0.02788555241395822 0.008867628051730551 0
0.03587500000000479 0.008876760388775669 0
0.03612500000000481 0.008876760388775514 0
0.02612500000000486 0.008876758405012022 0
0.033876995742122 0.008869463775187755 0
0.02537500000000485 0.008876760359035585 0
0.03337464130743983 0.008848708496197004 0
0.02462500000000484 0.008876760388319731 0
0.032125713912433 0.008870481707943126 0
0.02387500000000467 0.008876760388775681 0
0.03162084474819352 0.008884237108438138 0
0.02312500000000475 0.008876760388783052 0
0.03111539436822556 0.008870647984898604 0
0.02987499999994415 0.008876760318282783 0
0.02937500000000101 0.008876760384405376 0
0.02087500000000483 0.008876760388784467 0
0.02012500000000483 0.008876760388784703 0
0.02736808912782773 0.008901627359763655 0
0.01887500000000485 0.008876760388785637 0
0.02686623086684735 0.008870735619904865 0
0.01762500000000483 0.008876760388786318 0
0.01687500000000485 0.008876760388786696 0
0.01612500000000485 0.00887676038878708 0
0.01537500000000484 0.00887676038878743 0
0.02262500000000482 0.008876760388783473 0
0.02212500000000482 0.008876760388783744 0
0.01412500000000485 0.008876760388788162 0
0.02162500000000483 0.008876760388784165 0
0.01337500000000484 0.008876760388788603 0
0.01262500000000485 0.008876760388789057 0
0.01962500000000484 0.00887676038878512 0
0.006375000000004193 0.008876760388789373 0
0.006625000000004181 0.008876760388789246 0
0.01137500000000488 0.008876760388789854 0
0.01837500000000484 0.008876760388785744 0
0.003375000000004128 0.0088767603887909 0
0.0031250000000041 0.008876760388790962 0
0.008625735026422393 0.008881097166791349 0
0.007875000000004913 0.008876760388792428 0
0.007625000000004279 0.008876760388792284 0
0.01487500000000483 0.008876760388787725 0
0.00587500000000421 0.008876760388789649 0
0.005625000000004206 0.00887676038878981 0
0.01212500000000486 0.008876760388789368 0
0.0108750000000049 0.008876760388790192 0
0.01037500000000489 0.008876760388790553 0
0.009875000000004894 0.00887676038879091 0
0.001875000000004047 0.008876760388791673 0
0.002125000000004044 0.008876760388791607 0
0.00162500000000404 0.008876760388791753 0
0.009375083485821832 0.008876207951673869 0
0.03887500000000463 0.008876760388774167 0
0.03887500000000427 0.008010734984989727 0
0.03875000000000421 0.007794228634043675 0
0.001125000000002631 0.00584567147554651 0
0.03887500000000045 0.001948557158498044 0
0.03875000000000066 0.002165063509444255 0
0.007500000000004493 0.008660254037846161 0
0.005625000000000182 0.001082531754733494 0
0.00537500000000017 0.001082531754733648 0
0.007125000000000213 0.001082531754732769 0
0.00737500000000021 0.00108253175473264 0
0.001875000000001112 0.001082531754731424 0
0.001625000000001129 0.001082531754731488 0
0.008250000000003508 0.007361215932168647 0
0.008000000000003504 0.007361215932168788 0
0.007875000000003379 0.00714470958122276 0
0.001500000000001896 0.004763139720815711 0
0.001375000000001615 0.00454663336986974 0
0.001125000000001524 0.004546633369870003 0
0.001250000000001299 0.004330127018923768 0
0.008500000000004419 0.008227241335953612 0
0.03587500000000424 0.008010734984991207 0
0.01100000000000444 0.008227241335951679 0
0.03475005898652958 0.008227207280051579 0
0.03600000000000417 0.007794228634045042 0
0.01225000000000445 0.008227241335950711 0
0.002250000000003995 0.008660254037845476 0
0.03399999308682423 0.008227234185603675 0
0.01300000000000444 0.008227241335950262 0
0.01375000000000443 0.008227241335949573 0
0.03224997324000145 0.008227213200243534 0
0.001875000000002378 0.005412658773653895 0
0.03149999970000222 0.008227228336663143 0
0.01575000000000442 0.008227241335948401 0
0.01650000000000441 0.008227241335947596 0
0.01000000000000442 0.008227241335952495 0
0.03074999999252437 0.008227233788715664 0
0.0172500000000044 0.00822724133594707 0
0.02825000000000439 0.00822724133592968 0
0.02999999999988369 0.008227241198133672 0
0.0185000000000044 0.008227241335946144 0
0.01050000000000443 0.008227241335952118 0
0.0275000000000044 0.008227241335939682 0
0.002000000000003822 0.008227241335953308 0
0.0197500000000044 0.008227241335945273 0
0.005500000000004083 0.008660254037843764 0
0.005375000000004196 0.008876760388789959 0
0.0205000000000044 0.008227241335944806 0
0.0212500000000044 0.008227241335944283 0
0.02575000000000439 0.008227241102176951 0
0.002000000000002458 0.00562916512459996 0
0.02200000000000438 0.008227241335943745 0
0.02500000000000439 0.008227241332242783 0
0.005250000000003674 0.007794228634059363 0
0.02275000000000438 0.008227241335943214 0
0.02425000000000438 0.008227241335883621 0
0.02350000000000437 0.008227241335941153 0
0.006000000000002734 0.005629165124597851 0
0.03637500000000107 0.00281458256228404 0
0.007000000000003085 0.006495190528381921 0
0.007250000000003084 0.006495190528381793 0
0.01175000000000443 0.008227241335951097 0
0.03349999996237871 0.008227241297022288 0
0.03300002517206924 0.008226645067010213 0
0.01500000000000345 0.007361215932164696 0
0.02949999999999682 0.008227241327230524 0
0.01525000000000442 0.008227241335948741 0
0.02900000000000392 0.008227241335393157 0
0.0180000000000044 0.008227241335946552 0
0.0192500000000044 0.008227241335945686 0
0.02700000000000442 0.008227215347751185 0
0.0265000000000044 0.008227228534680307 0
0.005250000000000305 0.00129903810567984 0
0.005125000000000168 0.001082531754733815 0
0.006625000000001468 0.00324759526419044 0
0.006375000000001484 0.00324759526419058 0
0.03637499999999984 0.001082531754715209 0
0.03612499999999982 0.001082531754715392 0
0.0378749999999997 0.00108253175471451 0
0.0376249999999997 0.001082531754714735 0
0.003875000000004115 0.008876760388790705 0
0.004125000000004139 0.008876760388790586 0
0.004250000000004042 0.008660254037844404 0
0.004375000000004139 0.00887676038879048 0
0.001000000000002173 0.005196152422708365 0
0.03899999999999985 0.001299038105659563 0
0.03887499999999965 0.001082531754713581 0
0.0390000000000042 0.007794228634043571 0
0.03887500000000413 0.007577722283097514 0
0.007750000000004682 0.008227241335954046 0
0.007500000000002857 0.006062177826489473 0
0.007625000000002755 0.005845671475543801 0
0.00750000000000265 0.005629165124597344 0
0.007750000000002656 0.005629165124597239 0
0.002375000000001088 0.001082531754731286 0
0.002625000000001099 0.001082531754731223 0
0.009250000000003502 0.0073612159321681 0
0.03687500000000016 0.001515544456607018 0
0.03525000000000434 0.008227241335937642 0
0.005375000000002898 0.006278684177436508 0
0.01425000000000443 0.008227241335949407 0
0.006125000000002667 0.005412658773651705 0
0.007750000000003381 0.007361215932168735 0
0.005750000000000772 0.002165063509463996 0
0.005875000000000897 0.002381569860410033 0
0.001000000000001326 0.00433012701892401 0
0.00112500000000109 0.004113620667977778 0
0.03900000000000065 0.002165063509444036 0
0.03887500000000085 0.002381569860390262 0
0.03875000000000464 0.009093266739720295 0
0.006500000000004292 0.009093266739735416 0
0.006750000000004284 0.009093266739735307 0
0.03900000000000457 0.008660254037828033 0
0.03900000000000469 0.009093266739720244 0
0.001000000000002728 0.006062177826492655 0
0.0008750000000011283 0.00411362066797802 0
0.001000000000000931 0.003897114317031783 0
0.0012500000000009 0.003897114317031601 0
0.001125000000000757 0.003680607966085571 0
0.007625000000003204 0.007144709581221885 0
0.007875000000002741 0.005845671475543792 0
0.008000000000002661 0.005629165124597151 0
0.008125000000002727 0.005845671475543703 0
0.008250000000002663 0.005629165124597056 0
0.00837500000000271 0.005845671475544036 0
0.008500000000002658 0.005629165124597027 0
0.008625000000002724 0.005845671475543527 0
0.008750000000002655 0.005629165124596863 0
0.008875000000002846 0.005845671475543313 0
0.009000000000002671 0.005629165124596729 0
0.009125000000002919 0.005845671475543155 0
0.009250000000002683 0.005629165124596611 0
0.009375000000002751 0.005845671475542557 0
0.009500000000002657 0.005629165124596417 0
0.009625000000002753 0.00584567147554244 0
0.009750000000002654 0.005629165124596276 0
0.009875000000002751 0.005845671475542321 0
0.01000000000000265 0.005629165124596157 0
0.01012500000000275 0.005845671475542218 0
0.01025000000000265 0.005629165124596047 0
0.01037500000000275 0.005845671475542107 0
0.01050000000000265 0.00562916512459594 0
0.01062500000000275 0.005845671475541991 0
0.01075000000000265 0.005629165124595829 0
0.01087500000000274 0.005845671475541881 0
0.01100000000000265 0.005629165124595719 0
0.01112500000000274 0.005845671475541772 0
0.01125000000000265 0.005629165124595611 0
0.01137500000000274 0.005845671475541659 0
0.01150000000000265 0.005629165124595496 0
0.01162500000000274 0.005845671475541541 0
0.01175000000000264 0.005629165124595374 0
0.01187500000000274 0.005845671475541429 0
0.01200000000000264 0.005629165124595258 0
0.01212500000000274 0.005845671475541314 0
0.01225000000000264 0.005629165124595143 0
0.01237500000000274 0.005845671475541193 0
0.01250000000000264 0.005629165124595022 0
0.01262500000000273 0.005845671475541077 0
0.01275000000000264 0.005629165124594905 0
0.01287500000000273 0.005845671475540971 0
0.01300000000000264 0.005629165124594805 0
0.01312500000000273 0.005845671475540863 0
0.01325000000000264 0.005629165124594696 0
0.01337500000000274 0.005845671475540751 0
0.01350000000000263 0.005629165124594584 0
0.01362500000000273 0.005845671475540637 0
0.01375000000000263 0.00562916512459447 0
0.01387500000000273 0.005845671475540523 0
0.01400000000000263 0.005629165124594358 0
0.01412500000000273 0.005845671475540411 0
0.01425000000000263 0.005629165124594244 0
0.01437500000000273 0.005845671475540296 0
0.01450000000000263 0.005629165124594123 0
0.01462500000000273 0.005845671475540174 0
0.01475000000000263 0.005629165124594003 0
0.01487500000000273 0.005845671475540054 0
0.01500000000000263 0.005629165124593886 0
0.01512500000000273 0.005845671475539936 0
0.01525000000000263 0.005629165124593766 0
0.01537500000000273 0.005845671475539815 0
0.01550000000000262 0.005629165124593646 0
0.01562500000000273 0.005845671475539693 0
0.01575000000000262 0.005629165124593524 0
0.01587500000000273 0.005845671475539571 0
0.01600000000000262 0.005629165124593404 0
0.01612500000000273 0.00584567147553945 0
0.01625000000000261 0.005629165124593273 0
0.01637500000000272 0.005845671475539326 0
0.01650000000000261 0.005629165124593149 0
0.01662500000000272 0.005845671475539205 0
0.01675000000000262 0.005629165124593035 0
0.01687500000000272 0.005845671475539082 0
0.01700000000000261 0.005629165124592907 0
0.01712500000000272 0.00584567147553896 0
0.01725000000000261 0.005629165124592782 0
0.01737500000000272 0.005845671475538838 0
0.01750000000000261 0.005629165124592666 0
0.01762500000000272 0.005845671475538715 0
0.01775000000000261 0.005629165124592546 0
0.01787500000000272 0.005845671475538594 0
0.01800000000000261 0.005629165124592424 0
0.01812500000000272 0.005845671475538472 0
0.01825000000000261 0.005629165124592299 0
0.01837500000000272 0.005845671475538348 0
0.01850000000000261 0.005629165124592177 0
0.01862500000000272 0.00584567147553853 0
0.01875000000000261 0.005629165124592105 0
0.01887500000000272 0.005845671475538466 0
0.01900000000000261 0.005629165124592001 0
0.01912500000000271 0.005845671475538054 0
0.01925000000000261 0.005629165124591814 0
0.01937500000000271 0.005845671475537873 0
0.01950000000000261 0.005629165124591693 0
0.01962500000000271 0.005845671475537741 0
0.01975000000000261 0.00562916512459157 0
0.01987500000000271 0.005845671475537905 0
0.02000000000000261 0.005629165124591495 0
0.02012500000000271 0.005845671475537838 0
0.02025000000000261 0.005629165124591392 0
0.02037500000000271 0.005845671475537441 0
0.0205000000000026 0.005629165124591209 0
0.02062500000000271 0.005845671475537263 0
0.0207500000000026 0.005629165124591084 0
0.02087500000000271 0.005845671475537132 0
0.0210000000000026 0.00562916512459096 0
0.02112500000000271 0.005845671475537008 0
0.0212500000000026 0.005629165124590838 0
0.02137500000000271 0.005845671475536886 0
0.0215000000000026 0.005629165124590716 0
0.0216250000000027 0.005845671475536765 0
0.0217500000000026 0.005629165124590595 0
0.0218750000000027 0.005845671475536643 0
0.0220000000000026 0.005629165124590474 0
0.02212500000000271 0.005845671475536522 0
0.0222500000000026 0.005629165124590353 0
0.0223750000000027 0.005845671475536402 0
0.0225000000000026 0.005629165124590232 0
0.02262500000000267 0.005845671475536263 0
0.02275000000000259 0.005629165124590109 0
0.0228750000000026 0.005845671475536356 0
0.02300000000000258 0.005629165124590025 0
0.02312500000000262 0.005845671475536295 0
0.02325000000000258 0.005629165124589921 0
0.02337500000000267 0.005845671475535947 0
0.02350000000000259 0.005629165124589765 0
0.02362500000000261 0.005845671475535994 0
0.02375000000000259 0.00562916512458965 0
0.02387500000000263 0.005845671475535918 0
0.02400000000000258 0.005629165124589555 0
0.02412500000000269 0.005845671475535835 0
0.02425000000000259 0.005629165124589447 0
0.02437500000000269 0.005845671475535725 0
0.0245000000000026 0.005629165124589333 0
0.0246250000000027 0.005845671475535383 0
0.02475000000000259 0.005629165124589165 0
0.02487500000000275 0.005845671475535366 0
0.0250000000000026 0.005629165124589064 0
0.02512500000000278 0.005845671475535432 0
0.02525000000000261 0.005629165124588978 0
0.02537500000000274 0.0058456714755352 0
0.0255000000000026 0.005629165124588846 0
0.0256250000000027 0.005845671475534893 0
0.02575000000000259 0.005629165124588679 0
0.02587500000000269 0.005845671475534738 0
0.02600000000000259 0.005629165124588567 0
0.02612500000000269 0.005845671475534619 0
0.02625000000000259 0.005629165124588455 0
0.02637500000000269 0.00584567147553451 0
0.02650000000000259 0.005629165124588342 0
0.0266250000000027 0.005845671475534392 0
0.02675000000000259 0.005629165124588222 0
0.0268750000000027 0.005845671475534274 0
0.02700000000000259 0.005629165124588105 0
0.02712500000000269 0.005845671475534167 0
0.02725000000000259 0.005629165124587994 0
0.02737500000000269 0.00584567147553407 0
0.0275000000000026 0.005629165124587886 0
0.02762500000000269 0.005845671475533954 0
0.02775000000000259 0.005629165124587773 0
0.02787500000000269 0.005845671475533851 0
0.02800000000000259 0.005629165124587666 0
0.02812500000000269 0.005845671475533745 0
0.02825000000000259 0.00562916512458756 0
0.02837500000000268 0.00584567147553362 0
0.02850000000000259 0.005629165124587451 0
0.02862500000000268 0.00584567147553351 0
0.02875000000000259 0.005629165124587346 0
0.02887500000000268 0.005845671475533404 0
0.02900000000000259 0.005629165124587243 0
0.02912500000000268 0.005845671475533302 0
0.02925000000000259 0.005629165124587141 0
0.02937500000000268 0.005845671475533212 0
0.02950000000000259 0.005629165124587043 0
0.02962500000000268 0.005845671475533117 0
0.02975000000000259 0.005629165124586956 0
0.02987500000000268 0.005845671475533022 0
0.03000000000000259 0.005629165124586862 0
0.03012500000000268 0.005845671475532925 0
0.03025000000000258 0.005629165124586756 0
0.03037500000000267 0.005845671475532816 0
0.03050000000000258 0.005629165124586662 0
0.03062500000000267 0.005845671475532727 0
0.03075000000000259 0.005629165124586579 0
0.03087500000000267 0.005845671475532645 0
0.03100000000000259 0.005629165124586493 0
0.03112500000000267 0.005845671475532555 0
0.03125000000000259 0.005629165124586406 0
0.03137500000000266 0.005845671475532459 0
0.03150000000000258 0.005629165124586306 0
0.03162500000000266 0.005845671475532365 0
0.03175000000000258 0.005629165124586217 0
0.03187500000000266 0.005845671475532285 0
0.0320000000000026 0.005629165124586143 0
0.03212500000000266 0.005845671475532211 0
0.0322500000000026 0.005629165124586072 0
0.03237500000000265 0.00584567147553214 0
0.0325000000000026 0.005629165124585956 0
0.03262500000000265 0.00584567147553207 0
0.0327500000000026 0.005629165124585883 0
0.03287500000000265 0.005845671475531997 0
0.03300000000000258 0.005629165124585838 0
0.03312500000000265 0.005845671475531899 0
0.03325000000000257 0.005629165124585726 0
0.03337500000000267 0.005845671475531772 0
0.03350000000000257 0.005629165124585604 0
0.03362500000000268 0.005845671475531646 0
0.03375000000000257 0.005629165124585465 0
0.03387500000000268 0.005845671475531515 0
0.03400000000000257 0.005629165124585327 0
0.03412500000000268 0.00584567147553137 0
0.03425000000000256 0.005629165124585203 0
0.03437500000000269 0.005845671475531245 0
0.03450000000000256 0.005629165124585067 0
0.03462500000000269 0.005845671475531115 0
0.03475000000000257 0.005629165124584931 0
0.009500000000002685 0.006062177826489604 0
0.01175000000000283 0.006062177826487594 0
0.01350000000000283 0.006062177826486805 0
0.00725000000000009 0.0008660254037865852 0
0.007000000000000107 0.0008660254037867361 0
0.0075000000000001 0.0008660254037864586 0
0.007625000000000211 0.001082531754732505 0
0.007750000000000107 0.0008660254037863328 0
0.007875000000000208 0.001082531754732387 0
0.008000000000000104 0.0008660254037862582 0
0.008125000000000208 0.00108253175473228 0
0.008250000000000098 0.0008660254037861437 0
0.008375000000000209 0.001082531754732149 0
0.008500000000000091 0.0008660254037859659 0
0.008625000000000207 0.001082531754732001 0
0.01625000000000284 0.006062177826485497 0
0.01700000000000283 0.006062177826485129 0
0.01925000000000288 0.006062177826484318 0
0.008750000000000098 0.0008660254037858254 0
0.008875000000000199 0.001082531754731873 0
0.009000000000000098 0.0008660254037857092 0
0.009125000000000197 0.001082531754731761 0
0.009250000000000098 0.0008660254037855981 0
0.009375000000000197 0.001082531754731654 0
0.008750000000002891 0.006062177826490333 0
0.02250000000000284 0.006062177826482803 0
0.02325000000000264 0.006062177826482856 0
0.02400000000000273 0.006062177826482437 0
0.009500000000000144 0.00086602540378537 0
0.009625000000000201 0.001082531754731535 0
0.009750000000000173 0.0008660254037852564 0
0.009875000000000208 0.001082531754731424 0
0.01000000000000013 0.000866025403785279 0
0.01012500000000019 0.001082531754731331 0
0.0247500000000028 0.006062177826481377 0
0.02550000000000291 0.006062177826481259 0
0.001375000000000744 0.003680607966085373 0
0.001250000000000584 0.003464101615139362 0
0.001000000000000598 0.00346410161513955 0
0.001125000000000646 0.003247595264193225 0
0.02775000000000278 0.006062177826480018 0
0.0102500000000001 0.0008660254037851835 0
0.01037500000000018 0.001082531754731233 0
0.0105000000000001 0.0008660254037850899 0
0.01062500000000019 0.001082531754731153 0
0.0107500000000001 0.0008660254037849988 0
0.01087500000000019 0.001082531754731069 0
0.0110000000000001 0.0008660254037849025 0
0.01112500000000019 0.001082531754730964 0
0.01125000000000009 0.000866025403784795 0
0.01137500000000019 0.001082531754730851 0
0.01150000000000009 0.0008660254037846822 0
0.01162500000000019 0.001082531754730743 0
0.03312500000000251 0.005412658773639537 0
0.002375000000004086 0.008876760388791521 0
0.03187500000000251 0.005412658773640065 0
0.005250000000004076 0.008660254037843923 0
0.004625000000003779 0.008010734985005779 0
0.004500000000003689 0.00779422863405972 0
0.005125000000004185 0.008876760388790095 0
0.03862500000000413 0.007577722283097602 0
0.03875000000000406 0.007361215932151432 0
0.03899815450141546 0.007354821792804454 0
0.03887412567844702 0.007143881137371404 0
0.0386248542797445 0.00714457150723305 0
0.03874982999303453 0.006928042143958192 0
0.03899773438999532 0.006926830748580976 0
0.03887459406384089 0.00671144128464989 0
0.003000000000004006 0.008660254037844994 0
0.03600000000000211 0.0047631397207994 0
0.03775000000000128 0.003031088913229513 0
0.03562500000000265 0.00584567147553013 0
0.002125000000002368 0.00541265877365379 0
0.002000000000002305 0.005196152422707729 0
0.004500000000004035 0.008660254037844324 0
0.002500000000001574 0.002598076211353975 0
0.002625000000001487 0.002381569860407802 0
0.002750000000001564 0.002598076211353884 0
0.002875000000001481 0.002381569860407726 0
0.00300000000000155 0.002598076211353805 0
0.00312500000000146 0.002381569860407611 0
0.003250000000001536 0.002598076211353689 0
0.007125000000003176 0.006711696879327967 0
0.01387500000000253 0.005412658773648305 0
0.00462500000000223 0.004979646071760334 0
0.01312500000000253 0.005412658773648622 0
0.01662500000000248 0.005412658773646943 0
0.01237500000000254 0.005412658773648957 0
0.003125000000003274 0.006711696879329841 0
0.01737500000000249 0.005412658773646586 0
0.03687500000000158 0.003680607966068404 0
0.01112500000000256 0.005412658773649557 0
0.009875000000002552 0.005412658773650113 0
0.03337500000000103 0.002814582562285986 0
0.03350000000000114 0.003031088913232025 0
0.03325000000000114 0.003031088913232165 0
0.03337500000000126 0.003247595264178198 0
0.03362500000000126 0.003247595264178066 0
0.03312500000000127 0.003247595264178338 0
0.01175000000000009 0.0008660254037845677 0
0.01187500000000019 0.001082531754730626 0
0.003125000000001599 0.002814582562299871 0
0.003375000000001599 0.002814582562299806 0
0.003250000000001647 0.003031088913245977 0
0.003500000000001648 0.003031088913245874 0
0.00337500000000172 0.003247595264192066 0
0.003625000000001717 0.003247595264191955 0
0.0035000000000018 0.003464101615138108 0
0.003750000000001773 0.003464101615138011 0
0.003625000000001849 0.003680607966084168 0
0.003875000000001828 0.003680607966084092 0
0.003750000000001884 0.003897114317030239 0
0.00400000000000186 0.003897114317030198 0
0.003875000000001887 0.004113620667976338 0
0.004125000000001877 0.004113620667976295 0
0.004000000000001849 0.00433012701892244 0
0.01862500000000249 0.005412658773645994 0
0.009125000000002558 0.005412658773650496 0
0.006000000000001785 0.003897114317029074 0
0.03362500000000054 0.001948557158501421 0
0.03350000000000041 0.001732050807555383 0
0.03375000000000041 0.001732050807555241 0
0.03362500000000028 0.0015155444566092 0
0.03387500000000028 0.001515544456609056 0
0.03337500000000028 0.001515544456609353 0
0.03350000000000015 0.001299038105663161 0
0.03325000000000015 0.001299038105663315 0
0.03337500000000002 0.001082531754717128 0
0.03312500000000003 0.001082531754717286 0
0.03362500000000002 0.001082531754716963 0
0.00675000000000407 0.008660254037843072 0
0.0291250000000025 0.005412658773641082 0
0.007625000000002538 0.005412658773651125 0
0.007375000000002531 0.005412658773651229 0
0.001625000000001684 0.002814582562300355 0
0.007375000000001498 0.004113620667975187 0
0.00637500000000267 0.005412658773651624 0
0.008375000000002582 0.005412658773650823 0
0.0350000000000021 0.004763139720800029 0
0.02837500000000249 0.00541265877364139 0
0.02187500000000249 0.005412658773644425 0
0.03575000000000127 0.003031088913230649 0
0.001875000000002819 0.006278684177438329 0
0.006125000000000878 0.002381569860409298 0
0.002250000000002441 0.005629165124599855 0
0.02362500000000249 0.005412658773643588 0
0.008250000000000306 0.00129903810567831 0
0.03812499999999966 0.001082531754714277 0
0.03300000000000016 0.001299038105663485 0
0.03287500000000003 0.001082531754717449 0
0.03275000000000015 0.001299038105663645 0
0.03262500000000002 0.001082531754717612 0
0.02437500000000249 0.005412658773643247 0
0.02512500000000249 0.005412658773642871 0
0.009000000000000299 0.001299038105677923 0
0.03562500000000045 0.001948557158500217 0
0.02662500000000249 0.005412658773642174 0
0.02587500000000249 0.005412658773642513 0
0.003000000000001384 0.002165063509461559 0
0.01200000000000009 0.0008660254037844567 0
0.01212500000000018 0.001082531754730496 0
0.003375000000002244 0.004979646071760929 0
0.03250000000000015 0.001299038105663789 0
0.03237500000000001 0.001082531754717759 0
0.003500000000001873 0.003897114317030305 0
0.03225000000000013 0.001299038105663924 0
0.03212500000000001 0.001082531754717907 0
0.03200000000000013 0.00129903810566408 0
0.03187500000000001 0.001082531754718053 0
0.03175000000000014 0.001299038105664238 0
0.03162500000000001 0.001082531754718195 0
0.009750000000000286 0.001299038105677579 0
0.03150000000000014 0.00129903810566438 0
0.03137500000000002 0.001082531754718331 0
0.03125000000000014 0.001299038105664507 0
0.03112500000000003 0.00108253175471846 0
0.03100000000000014 0.001299038105664637 0
0.03087500000000003 0.001082531754718587 0
0.03075000000000015 0.001299038105664761 0
0.03062500000000003 0.001082531754718713 0
0.03050000000000015 0.001299038105664888 0
0.03037500000000003 0.001082531754718842 0
0.03025000000000014 0.001299038105665013 0
0.03012500000000003 0.001082531754718961 0
0.03000000000000014 0.001299038105665133 0
0.02987500000000003 0.00108253175471908 0
0.02975000000000015 0.001299038105665253 0
0.02962500000000004 0.001082531754719206 0
0.02950000000000015 0.001299038105665376 0
0.02937500000000004 0.001082531754719326 0
0.02925000000000015 0.001299038105665496 0
0.02912500000000005 0.00108253175471945 0
0.02900000000000015 0.001299038105665619 0
0.02887500000000005 0.001082531754719578 0
0.02875000000000016 0.00129903810566575 0
0.02862500000000005 0.001082531754719701 0
0.02850000000000016 0.001299038105665872 0
0.02837500000000004 0.001082531754719819 0
0.02825000000000015 0.001299038105665984 0
0.02812500000000005 0.00108253175471994 0
0.02800000000000015 0.001299038105666112 0
0.02787500000000005 0.001082531754720067 0
0.02775000000000016 0.001299038105666245 0
0.02762500000000005 0.001082531754720202 0
0.02750000000000016 0.001299038105666376 0
0.02737500000000005 0.001082531754720336 0
0.02725000000000016 0.00129903810566651 0
0.02712500000000004 0.00108253175472047 0
0.02700000000000016 0.001299038105666644 0
0.02687500000000004 0.001082531754720602 0
0.02675000000000016 0.001299038105666775 0
0.02662500000000004 0.001082531754720733 0
0.02650000000000017 0.001299038105666908 0
0.02637500000000005 0.001082531754720862 0
0.02625000000000017 0.00129903810566704 0
0.02612500000000005 0.001082531754720993 0
0.02600000000000016 0.001299038105667167 0
0.02587500000000005 0.001082531754721122 0
0.02575000000000016 0.001299038105667296 0
0.02562500000000005 0.00108253175472125 0
0.02550000000000016 0.001299038105667424 0
0.02537500000000005 0.001082531754721381 0
0.02525000000000016 0.001299038105667552 0
0.02512500000000005 0.001082531754721509 0
0.02500000000000016 0.001299038105667681 0
0.02487500000000005 0.001082531754721634 0
0.02475000000000016 0.001299038105667808 0
0.02462500000000005 0.001082531754721762 0
0.0245000000000002 0.001299038105667916 0
0.02437500000000005 0.001082531754721889 0
0.02425000000000016 0.001299038105668066 0
0.02412500000000005 0.001082531754722021 0
0.02400000000000023 0.001299038105668236 0
0.02387500000000006 0.001082531754722159 0
0.02375000000000018 0.001299038105668335 0
0.02362500000000006 0.001082531754722286 0
0.02350000000000017 0.00129903810566846 0
0.02337500000000005 0.001082531754722416 0
0.02325000000000017 0.00129903810566859 0
0.02312500000000005 0.001082531754722545 0
0.02300000000000016 0.001299038105668718 0
0.02287500000000005 0.001082531754722673 0
0.02275000000000016 0.001299038105668846 0
0.02262500000000005 0.001082531754722798 0
0.02250000000000016 0.001299038105668972 0
0.02237500000000005 0.001082531754722928 0
0.02225000000000017 0.0012990381056691 0
0.02212500000000006 0.001082531754723054 0
0.02200000000000017 0.001299038105669347 0
0.02187500000000005 0.0010825317547232 0
0.02175000000000017 0.001299038105669497 0
0.02162500000000005 0.001082531754723336 0
0.02150000000000016 0.001299038105669508 0
0.02137500000000005 0.001082531754723434 0
0.02125000000000016 0.001299038105669611 0
0.02112500000000005 0.001082531754723561 0
0.02100000000000016 0.001299038105669734 0
0.02087500000000005 0.001082531754723687 0
0.02075000000000016 0.00129903810566986 0
0.02062500000000005 0.001082531754723815 0
0.02050000000000016 0.001299038105669986 0
0.02037500000000006 0.001082531754723942 0
0.02025000000000016 0.001299038105670112 0
0.02012500000000006 0.001082531754724067 0
0.02000000000000016 0.001299038105670237 0
0.01987500000000006 0.001082531754724191 0
0.01975000000000017 0.001299038105670362 0
0.01962500000000006 0.001082531754724315 0
0.01950000000000017 0.001299038105670485 0
0.01937500000000006 0.001082531754724442 0
0.01925000000000017 0.001299038105670613 0
0.01912500000000006 0.00108253175472457 0
0.01900000000000017 0.001299038105670741 0
0.01887500000000006 0.001082531754724697 0
0.01875000000000017 0.001299038105670868 0
0.01862500000000007 0.001082531754724823 0
0.01850000000000018 0.001299038105670993 0
0.01837500000000007 0.001082531754724948 0
0.01825000000000018 0.001299038105671119 0
0.01812500000000007 0.001082531754725074 0
0.01800000000000018 0.001299038105671245 0
0.01787500000000007 0.001082531754725201 0
0.01775000000000018 0.001299038105671373 0
0.01762500000000007 0.00108253175472533 0
0.01750000000000018 0.001299038105671503 0
0.01737500000000007 0.00108253175472546 0
0.01725000000000019 0.001299038105671633 0
0.01712500000000007 0.001082531754725588 0
0.01700000000000019 0.001299038105671761 0
0.01687500000000007 0.001082531754725715 0
0.01675000000000018 0.001299038105671888 0
0.01662500000000007 0.001082531754725841 0
0.01650000000000018 0.001299038105672014 0
0.01637500000000008 0.001082531754725969 0
0.01625000000000019 0.001299038105672142 0
0.01612500000000008 0.001082531754726097 0
0.01600000000000019 0.001299038105672271 0
0.01587500000000008 0.001082531754726228 0
0.01575000000000019 0.001299038105672398 0
0.01562500000000008 0.001082531754726353 0
0.01550000000000019 0.001299038105672524 0
0.01537500000000008 0.001082531754726478 0
0.01525000000000019 0.001299038105672651 0
0.01512500000000008 0.001082531754726605 0
0.01500000000000019 0.001299038105672778 0
0.01487500000000008 0.001082531754726732 0
0.01475000000000019 0.001299038105672905 0
0.01462500000000008 0.001082531754726861 0
0.01450000000000019 0.001299038105673036 0
0.01437500000000008 0.001082531754726994 0
0.01425000000000019 0.001299038105673169 0
0.01412500000000008 0.001082531754727127 0
0.01400000000000019 0.001299038105673302 0
0.01387500000000008 0.001082531754727261 0
0.01375000000000019 0.001299038105673433 0
0.01362500000000008 0.001082531754727393 0
0.01350000000000019 0.001299038105673565 0
0.01337500000000008 0.001082531754727522 0
0.01325000000000019 0.001299038105673696 0
0.01312500000000008 0.001082531754727653 0
0.0130000000000002 0.001299038105673827 0
0.01287500000000009 0.001082531754727784 0
0.01050000000000026 0.001299038105677302 0
0.004125000000001811 0.003680607966084046 0
0.01125000000000029 0.00129903810567702 0
0.01200000000000029 0.001299038105676676 0
0.01225000000000028 0.00129903810567654 0
0.01350000000000019 0.0008660254037817505 0
0.01225000000000023 0.0008660254037836431 0
0.006000000000001202 0.00259807621135527 0
0.006500000000001352 0.003031088913244399 0
0.01574999999999997 0.0008660254037801815 0
0.02249999999999994 0.0008660254037767528 0
0.02324999999999994 0.0008660254037763729 0
0.02399999999999993 0.0008660254037759791 0
0.02474999999999994 0.0008660254037755888 0
0.02549999999999993 0.0008660254037752054 0
0.02624999999999993 0.0008660254037748177 0
0.02699999999999993 0.0008660254037744239 0
0.02974999999999992 0.0008660254037730335 0
0.03049999999999991 0.0008660254037726718 0
0.03124999999999991 0.0008660254037722885 0
0.03199999999999989 0.0008660254037718765 0
0.03274999999999988 0.0008660254037714263 0
0.03349999999999988 0.0008660254037709397 0
0.03624999999999967 0.0008660254037691929 0
0.03799999999999946 0.0008660254037683203 0
0.03374999999999988 0.0008660254037707871 0
0.03599999999999969 0.000866025403769375 0
0.03649999999999967 0.0008660254037690402 0
0.03824999999999948 0.0008660254037680445 0
0.03912455474230864 0.006711425533256144 0
0.03899985813436083 0.006495102704913606 0
0.03912500000000426 0.008010734984989634 0
0.0008763263013358315 0.004545867629437874 0
0.03912394816668315 0.001949164434746705 0
0.03750000000000468 0.009093266739720829 0
0.03725000000000469 0.009093266739720905 0
0.03600000000000495 0.009093266739721707 0
0.03625000000000496 0.009093266739721533 0
0.03575000000000495 0.009093266739721861 0
0.03912500000000084 0.002381569860390039 0
0.03900000000000103 0.002598076211336254 0
0.03875000000000105 0.002598076211336494 0
0.03887500000000124 0.002814582562282476 0
0.03862500000000124 0.002814582562282711 0
0.03875000000000145 0.003031088913228694 0
0.03900000000000148 0.003031088913228469 0
0.03887500000000166 0.003247595264174688 0
0.03862500000000164 0.003247595264174895 0
0.03875000000000179 0.003464101615120894 0
0.03900000000000179 0.003464101615120694 0
0.03887500000000191 0.003680607966066918 0
0.03862500000000193 0.003680607966067079 0
0.03875000000000207 0.003897114317013092 0
0.03900000000000204 0.003897114317012978 0
0.03887500000000217 0.004113620667959168 0
0.005750000000004345 0.009093266739735839 0
0.005250000000004289 0.00909326673973614 0
0.005000000000004291 0.009093266739736264 0
0.004000000000004236 0.009093266739736771 0
0.003250000000004253 0.00910040198947772 0
0.003000000000004215 0.009091595065279883 0
0.002250000000004099 0.009093266739737689 0
0.001750000000004106 0.009093266739737815 0
0.001500000000004102 0.009093266739737895 0
0.007744649102071961 0.009096789562694378 0
0.007491227391354559 0.009095916064642971 0
0.00799910818368289 0.009093853876897737 0
0.03912500000000223 0.004113620667959018 0
0.03900000000000231 0.004330127018905242 0
0.0008750000000026723 0.005845671475546602 0
0.03912499999999965 0.001082531754713333 0
0.03925000000000235 0.004330127018905061 0
0.03912500000000246 0.004546633369851227 0
0.0008798181666578968 0.00324481349437686 0
0.001000803027776748 0.003030625284944417 0
0.005250000000000031 0.0008660254037876113 0
0.005000000000000036 0.0008660254037877822 0
0.01000000000000245 0.006062177826488602 0
0.01050000000000284 0.006062177826488165 0
0.01100000000000284 0.006062177826487936 0
0.01225000000000285 0.006062177826487362 0
0.01275000000000271 0.006062177826487481 0
0.01400000000000283 0.006062177826486577 0
0.01450000000000284 0.006062177826486345 0
0.01500000000000283 0.006062177826486102 0
0.008000000000002797 0.006495190528384022 0
0.01550000000000283 0.006062177826485863 0
0.01750000000000283 0.006062177826484885 0
0.01800000000000283 0.006062177826484641 0
0.01850000000000282 0.006062177826484398 0
0.01975000000000282 0.006062177826483787 0
0.02025000000000279 0.006062177826484485 0
0.02075000000000282 0.006062177826483317 0
0.02125000000000281 0.006062177826483051 0
0.02175000000000281 0.006062177826482813 0
0.007125000000003814 0.008010734985004623 0
0.02600000000000279 0.006062177826480787 0
0.02650000000000281 0.00606217782648056 0
0.001750000000001049 0.0008660254037853596 0
0.001500000000001046 0.0008660254037854455 0
0.001375000000001132 0.001082531754731606 0
0.001250000000001059 0.0008660254037855374 0
0.001125000000001146 0.001082531754731704 0
0.001000000000001049 0.0008660254037856398 0
0.0008750000000011388 0.001082531754731797 0
0.001000000000001243 0.001299038105677867 0
0.0270000000000028 0.006062177826480331 0
0.02825000000000277 0.006062177826479824 0
0.002500000000001029 0.0008660254037851341 0
0.002750000000000974 0.0008660254037850873 0
0.001500000000001507 0.004330127018923564 0
0.02875000000000277 0.006062177826479612 0
0.02925000000000276 0.006062177826479409 0
0.007875000000004287 0.008010734985007831 0
0.02975000000000276 0.006062177826479187 0
0.03362500000000251 0.00541265877363928 0
0.03025000000000275 0.006062177826478997 0
0.03412500000000249 0.005412658773639071 0
0.03887500000000248 0.004546633369851501 0
0.03900000000000267 0.004763139720797455 0
0.03462500000000245 0.005412658773638899 0
0.03237500000000253 0.005412658773639814 0
0.03575000000000414 0.007794228634045159 0
0.03075000000000275 0.006062177826478795 0
0.03112500000000249 0.005412658773640337 0
0.03125000000000275 0.006062177826478615 0
0.03587500000000406 0.007577722283098999 0
0.0306250000000025 0.005412658773640502 0
0.03012500000000249 0.005412658773640703 0
0.01437500000000253 0.005412658773648043 0
0.01487500000000252 0.005412658773647831 0
0.01537500000000252 0.005412658773647597 0
0.0058750000000028 0.005845671475543993 0
0.00575000000000273 0.005629165124597913 0
0.004375000000003779 0.008010734985005881 0
0.004250000000003702 0.007794228634059814 0
0.01587500000000253 0.005412658773647357 0
0.01162500000000254 0.005412658773649324 0
0.03837500000000432 0.008010734984989941 0
0.03175000000000273 0.006062177826478433 0
0.01037500000000255 0.005412658773649883 0
0.02962500000000251 0.005412658773640904 0
0.005375000000003988 0.008443747686897709 0
0.0178750000000025 0.005412658773646365 0
0.03487500000000245 0.005412658773638761 0
0.0191250000000025 0.005412658773645765 0
0.0196250000000025 0.005412658773645522 0
0.004250000000001867 0.004330127018922422 0
0.004375000000001862 0.004113620667976259 0
0.001875000000003596 0.007577722283115075 0
0.0201250000000025 0.0054126587736453 0
0.00625000000000258 0.005196152422705561 0
0.006000000000002599 0.00519615242270564 0
0.02062500000000249 0.005412658773645034 0
0.02112500000000249 0.005412658773644791 0
0.02237500000000249 0.005412658773644182 0
0.0276250000000025 0.005412658773641716 0
0.02287500000000249 0.005412658773643948 0
0.005500000000003436 0.007361215932166982 0
0.02712500000000249 0.00541265877364194 0
0.00325000000000181 0.003464101615138232 0
0.007750000000000316 0.00129903810567855 0
0.03637500000000478 0.008876760388775329 0
0.03650000000000493 0.009093266739721325 0
0.03225000000000271 0.00606217782647828 0
0.003750000000001641 0.003031088913245781 0
0.0025000000000014 0.002165063509461736 0
0.03500000000000258 0.005629165124584791 0
0.003500000000001519 0.00259807621135359 0
0.03749999999999987 0.001299038105660907 0
0.03737499999999974 0.001082531754714884 0
0.003750000000001863 0.004330127018922411 0
0.003875000000001794 0.004546633369868542 0
0.03275000000000269 0.006062177826478145 0
0.03350000000000138 0.003464101615124227 0
0.03375000000000136 0.003464101615124119 0
0.03387500000000127 0.003247595264177945 0
0.03400000000000136 0.003464101615123998 0
0.003250000000001384 0.002165063509461404 0
0.003125000000001286 0.001948557158515366 0
0.03325000000000276 0.006062177826477952 0
0.03375000000000277 0.006062177826477647 0
0.03425000000000283 0.006062177826477364 0
0.002875000000001082 0.001082531754731134 0
0.005625000000000891 0.002381569860410185 0
0.005500000000000772 0.002165063509464161 0
0.005000000000000306 0.001299038105679996 0
0.00512500000000044 0.001515544456626027 0
0.007250000000003724 0.007794228634058455 0
0.01299999999999998 0.00086602540378161 0
0.006750000000001588 0.003031088913244709 0
0.01399999999999996 0.0008660254037810844 0
0.01449999999999996 0.0008660254037808146 0
0.01499999999999997 0.0008660254037805588 0
0.01624999999999996 0.0008660254037799265 0
0.01674999999999997 0.0008660254037796697 0
0.01724999999999996 0.0008660254037794165 0
0.01774999999999996 0.0008660254037795943 0
0.01824999999999996 0.000866025403778903 0
0.01875000000000041 0.0008660254037793687 0
0.01924999999999995 0.0008660254037783964 0
0.01974999999999995 0.000866025403778144 0
0.02024999999999995 0.0008660254037778968 0
0.02074999999999994 0.0008660254037776418 0
0.02124999999999994 0.0008660254037773842 0
0.02174999999999995 0.0008660254037771379 0
0.02749999999999993 0.0008660254037741576 0
0.02799999999999993 0.0008660254037738905 0
0.02849999999999994 0.0008660254037736494 0
0.02899999999999994 0.0008660254037743354 0
0.03749999999999956 0.0008660254037687175 0
0.03724999999999963 0.0008660254037688182 0
0.03899999999999944 0.000866025403767341 0
0.03924441952201224 0.00649562782905644 0
0.03912173551917338 0.006277408307513615 0
0.03887443227559152 0.006278456895194122 0
0.03899936129913002 0.006061927301119103 0
0.03924999999999985 0.001299038105659306 0
0.0007500000000012393 0.001299038105677982 0
0.0008750000000011943 0.001515544456624171 0
0.0007583047575107152 0.003025994247418121 0
0.000876797939999039 0.002813494535851411 0
0.0007500000000008958 0.003897114317032036 0
0.03925000000000211 0.003897114317012766 0
0.03925000000000421 0.007794228634043483 0
0.03924703871282843 0.006060589311151008 0
0.03912440000199564 0.005845364968748729 0
0.03887500000000386 0.00584567147552864 0
0.03899990000033575 0.005629114040119207 0
0.03937440645247325 0.005845355638511351 0
0.03925000000000393 0.006928203230259162 0
0.03924999999999942 0.0008660254037670852 0
0.0007500000000010346 0.0008660254037857508 0
0.03887500000000473 0.009316020849651791 0
0.03912500000000471 0.009317062142815994 0
0.0392500000000047 0.009094481581745169 0
0.0386250000000047 0.009310814383830645 0
0.03637500000000509 0.009310306038955763 0
0.03662500000000506 0.009309861915382037 0
0.03587500000000509 0.009309773090667897 0
0.03562379513737077 0.009315435315009474 0
0.007868608649696338 0.009313980906992956 0
0.008129585433378373 0.009314433635799303 0
0.00662500000000439 0.009316020849664739 0
0.00687500000000439 0.009317062142828503 0
0.006375000000004408 0.009310814383845459 0
0.03925000000000102 0.00259807621133604 0
0.03925000000000267 0.004763139720797198 0
0.03912500000000291 0.004979646071743422 0
0.03887500000000289 0.004979646071743685 0
0.0007500000000027103 0.006062177826492736 0
0.007375000000003171 0.006711696879327858 0
0.008500000000003016 0.006495190528384067 0
0.005124999999999946 0.0006495190528415353 0
0.00537500000000005 0.0006495190528412647 0
0.004874999999999907 0.0006495190528417356 0
0.004750000000000037 0.00086602540378794 0
0.00462499999999991 0.0006495190528419187 0
0.007374999999999991 0.0006495190528403956 0
0.001125433494629791 0.002814323953175414 0
0.001000371905771326 0.002597851772092485 0
0.0007506416167461019 0.002597695822975348 0
0.0008751689204193371 0.002381469055801988 0
0.007000000000003767 0.009094481581760017 0
0.001125000000000886 0.0006495190528395117 0
0.007875000000000194 0.0006495190528399628 0
0.0131250000000003 0.001515544456619868 0
0.01287500000000015 0.001515544456620286 0
0.0138750000000003 0.001515544456619476 0
0.01437500000000031 0.001515544456619211 0
0.03874998333339229 0.005629156610505287 0
0.01487500000000031 0.001515544456619192 0
0.01562500000000029 0.00151554445661857 0
0.008874999999999994 0.0006495190528396505 0
0.001250034942055486 0.002598055254444989 0
0.01612500000000037 0.001515544456618738 0
0.0166250000000003 0.001515544456618059 0
0.0171250000000003 0.001515544456617806 0
0.0176250000000003 0.001515544456617547 0
0.007250000000003257 0.006928203230274019 0
0.0181250000000003 0.001515544456617476 0
0.00150000000000082 0.003464101615139026 0
0.001625000000000813 0.0036806079660851 0
0.009375000000000145 0.0006495190528389618 0
0.01862500000000028 0.001515544456617039 0
0.01912500000000028 0.001515544456616786 0
0.01962500000000029 0.001515544456616847 0
0.02012500000000029 0.001515544456616436 0
0.02062500000000027 0.001515544456616032 0
0.02112500000000028 0.001515544456615779 0
0.01012500000000006 0.0006495190528390659 0
0.02162500000000028 0.001515544456615599 0
0.004875000000000211 0.001515544456625726 0
0.02237500000000028 0.001515544456615143 0
0.02312500000000028 0.001515544456614763 0
0.003375000000000246 0.0006495190528386626 0
0.03850000000000212 0.00389711431701327 0
0.03837500000000192 0.003680607966067283 0
0.02387500000000036 0.001515544456614419 0
0.03475000000000232 0.005196152422692716 0
0.01087500000000002 0.0006495190528388387 0
0.02462500000000034 0.001515544456614119 0
0.01274999999999999 0.0008660254037817271 0
0.008125000000003674 0.007577722283114811 0
0.0008750000000027659 0.0062786841774388 0
0.02537500000000027 0.001515544456613596 0
0.03850000000000392 0.006928203230259304 0
0.0383749757132941 0.007144686568876745 0
0.002250000000002302 0.005196152422707669 0
0.02612500000000028 0.001515544456613214 0
0.002125000000002257 0.00497964607176159 0
0.02687500000000029 0.001515544456612897 0
0.002500000000004152 0.009093266739737559 0
0.002380350897936697 0.009313832797403131 0
0.002636335444074919 0.00930862070118242 0
0.03775000000000468 0.009093266739720749 0
0.03762500000000474 0.009309773090666912 0
0.03787500000000475 0.009310306038955078 0
0.00475000000000388 0.008227241335951891 0
0.02737500000000028 0.001515544456612552 0
0.003750000000004253 0.009093266739736885 0
0.03850000000000108 0.002598076211336704 0
0.03837500000000124 0.002814582562282919 0
0.02787500000000025 0.001515544456612343 0
0.01187499999999999 0.000649519052838405 0
0.002875000000002643 0.005845671475545581 0
0.03675000000000121 0.003031088913230007 0
0.006875000000003146 0.006711696879328086 0
0.03675000000000032 0.001732050807553231 0
0.03700000000000033 0.001732050807553021 0
0.0368750000000005 0.001948557158499236 0
0.03800000000000438 0.008227241335936206 0
0.005625000000002801 0.005845671475544064 0
0.005500000000002735 0.005629165124597995 0
0.005750000000002857 0.006062177826490143 0
0.0007692666357213898 0.003449669945237642 0
0.02837500000000026 0.001515544456612037 0
0.002125000000003322 0.007144709581222615 0
0.007375000000000412 0.001515544456624851 0
0.02962500000000026 0.001515544456611425 0
0.03412500000000128 0.003247595264177848 0
0.03425000000000135 0.003464101615123907 0
0.03437500000000129 0.00324759526417777 0
0.03450000000000135 0.00346410161512384 0
0.0346250000000013 0.003247595264177713 0
0.03475000000000134 0.003464101615123791 0
0.03487500000000132 0.003247595264177665 0
0.03500000000000134 0.003464101615123758 0
0.03512500000000132 0.003247595264177639 0
0.002125891816326254 0.009310449708470381 0
0.005000000000004069 0.008660254037844078 0
0.007125000000003524 0.007577722283112367 0
0.006125000000003751 0.008010734985005093 0
0.03387500000000002 0.001082531754716829 0
0.03399999999999988 0.0008660254037706518 0
0.03412500000000002 0.001082531754716692 0
0.03424999999999988 0.0008660254037705217 0
0.034375 0.001082531754716568 0
0.03449999999999991 0.0008660254037704028 0
0.034625 0.001082531754716445 0
0.03450000000000011 0.001299038105662603 0
0.0347500000000001 0.001299038105662501 0
0.034875 0.001082531754716333 0
0.0350000000000001 0.001299038105662381 0
0.03512499999999999 0.001082531754716223 0
0.03462500000000021 0.001515544456608643 0
0.03499999999999993 0.000866025403770166 0
0.03524999999999992 0.0008660254037700672 0
0.03525000000000009 0.001299038105662269 0
0.0351250000000002 0.001515544456608435 0
0.007500000000002406 0.005196152422705061 0
0.007250000000002413 0.005196152422705204 0
0.02887500000000028 0.001515544456611792 0
0.007500000000003082 0.006495190528381685 0
0.004500000000002826 0.006062177826490819 0
0.03587499999999983 0.001082531754715566 0
0.03037500000000026 0.001515544456611057 0
0.007750000000002415 0.005196152422704934 0
0.03300000000000115 0.003031088913232298 0
0.03287500000000128 0.003247595264178489 0
0.03300000000000141 0.003464101615124525 0
0.03275000000000142 0.003464101615124698 0
0.03262500000000126 0.003247595264178676 0
0.03250000000000142 0.003464101615124882 0
0.03237500000000126 0.003247595264178869 0
0.03225000000000142 0.003464101615125064 0
0.03212500000000126 0.003247595264179037 0
0.03200000000000142 0.003464101615125242 0
0.03187500000000126 0.003247595264179215 0
0.03175000000000142 0.003464101615125412 0
0.03162500000000126 0.003247595264179392 0
0.03150000000000141 0.003464101615125594 0
0.03137500000000126 0.003247595264179574 0
0.0312500000000014 0.003464101615125777 0
0.03112500000000125 0.003247595264179754 0
0.03100000000000141 0.003464101615125944 0
0.03087500000000126 0.003247595264179925 0
0.03075000000000141 0.003464101615126112 0
0.03062500000000126 0.00324759526418009 0
0.03050000000000142 0.00346410161512629 0
0.03037500000000126 0.00324759526418026 0
0.03025000000000142 0.003464101615126457 0
0.03012500000000127 0.003247595264180435 0
0.03000000000000141 0.003464101615126626 0
0.02987500000000127 0.003247595264180594 0
0.02975000000000141 0.003464101615126789 0
0.02962500000000127 0.003247595264180766 0
0.02950000000000142 0.003464101615126957 0
0.02937500000000128 0.003247595264180934 0
0.02925000000000142 0.003464101615127132 0
0.02912500000000127 0.003247595264181113 0
0.02900000000000142 0.00346410161512731 0
0.02887500000000127 0.003247595264181283 0
0.02875000000000142 0.003464101615127482 0
0.02862500000000127 0.00324759526418146 0
0.02850000000000142 0.003464101615127653 0
0.02837500000000128 0.003247595264181628 0
0.02825000000000142 0.003464101615127821 0
0.02812500000000128 0.003247595264181797 0
0.02800000000000142 0.003464101615127987 0
0.02787500000000128 0.00324759526418196 0
0.02775000000000142 0.00346410161512815 0
0.02762500000000128 0.003247595264182121 0
0.02750000000000143 0.003464101615128313 0
0.02737500000000129 0.003247595264182286 0
0.02725000000000143 0.003464101615128479 0
0.02712500000000129 0.003247595264182454 0
0.02700000000000143 0.003464101615128646 0
0.02687500000000129 0.00324759526418262 0
0.02675000000000143 0.003464101615128812 0
0.02662500000000129 0.003247595264182787 0
0.02650000000000143 0.003464101615128977 0
0.02637500000000129 0.003247595264182951 0
0.02625000000000143 0.003464101615129143 0
0.02612500000000128 0.003247595264183116 0
0.02600000000000143 0.00346410161512931 0
0.02587500000000128 0.003247595264183285 0
0.02575000000000143 0.003464101615129324 0
0.02562500000000128 0.003247595264183432 0
0.0255000000000013 0.003464101615129385 0
0.02537500000000126 0.00324759526418358 0
0.02525000000000127 0.00346410161512969 0
0.02512500000000126 0.003247595264183771 0
0.0250000000000014 0.003464101615129965 0
0.02487500000000129 0.003247595264183963 0
0.02475000000000143 0.003464101615130155 0
0.02462500000000129 0.003247595264183996 0
0.02450000000000143 0.003464101615130299 0
0.02437500000000129 0.003247595264184134 0
0.02425000000000143 0.003464101615130455 0
0.02412500000000129 0.003247595264184289 0
0.02400000000000143 0.003464101615130613 0
0.02387500000000129 0.00324759526418445 0
0.02375000000000143 0.003464101615130774 0
0.02362500000000129 0.003247595264184747 0
0.02350000000000143 0.003464101615130971 0
0.02337500000000129 0.003247595264184938 0
0.02325000000000143 0.003464101615131132 0
0.02312500000000126 0.003247595264184968 0
0.02300000000000143 0.003464101615131273 0
0.02287500000000124 0.003247595264185113 0
0.02275000000000143 0.003464101615131427 0
0.02262500000000129 0.003247595264185428 0
0.02250000000000144 0.003464101615131617 0
0.02237500000000127 0.003247595264185449 0
0.02225000000000143 0.003464101615131754 0
0.02212500000000124 0.003247595264185592 0
0.02200000000000142 0.003464101615131908 0
0.0218750000000013 0.00324759526418591 0
0.02175000000000143 0.003464101615132094 0
0.0216250000000013 0.00324759526418607 0
0.02150000000000143 0.003464101615132259 0
0.0213750000000013 0.003247595264186231 0
0.02125000000000144 0.00346410161513242 0
0.0211250000000013 0.003247595264186392 0
0.02100000000000144 0.003464101615132581 0
0.0208750000000013 0.00324759526418639 0
0.02075000000000144 0.003464101615132714 0
0.02062500000000132 0.003247595264186358 0
0.02050000000000144 0.003464101615132837 0
0.02037500000000131 0.003247595264186642 0
0.02025000000000144 0.003464101615133012 0
0.02012500000000131 0.003247595264186986 0
0.02000000000000144 0.003464101615133217 0
0.0198750000000013 0.003247595264187185 0
0.01975000000000144 0.003464101615133382 0
0.0196250000000013 0.003247595264187353 0
0.01950000000000144 0.003464101615133542 0
0.0193750000000013 0.003247595264187514 0
0.01925000000000144 0.003464101615133702 0
0.01912500000000131 0.003247595264187674 0
0.01900000000000145 0.003464101615133863 0
0.01887500000000131 0.003247595264187835 0
0.01875000000000145 0.003464101615134023 0
0.01862500000000131 0.003247595264187996 0
0.01850000000000145 0.003464101615134185 0
0.01837500000000131 0.003247595264188156 0
0.01825000000000145 0.003464101615134345 0
0.01812500000000131 0.003247595264188304 0
0.01800000000000145 0.003464101615134505 0
0.01787500000000131 0.003247595264188463 0
0.01775000000000145 0.003464101615134664 0
0.01762500000000131 0.003247595264188666 0
0.01750000000000145 0.003464101615134831 0
0.01737500000000131 0.003247595264188835 0
0.01725000000000145 0.003464101615134989 0
0.01712500000000132 0.003247595264188965 0
0.01700000000000145 0.003464101615135149 0
0.01687500000000132 0.00324759526418912 0
0.01675000000000145 0.003464101615135309 0
0.01662500000000132 0.003247595264189281 0
0.01650000000000146 0.00346410161513547 0
0.01637500000000132 0.003247595264189441 0
0.01625000000000146 0.003464101615135629 0
0.01612500000000132 0.003247595264189601 0
0.01600000000000146 0.003464101615135791 0
0.01587500000000132 0.003247595264189763 0
0.01575000000000146 0.003464101615135954 0
0.01562500000000132 0.003247595264189926 0
0.01550000000000146 0.003464101615136116 0
0.01537500000000132 0.003247595264190089 0
0.01525000000000146 0.003464101615136279 0
0.01512500000000132 0.003247595264190251 0
0.01500000000000146 0.00346410161513644 0
0.01487500000000132 0.003247595264190411 0
0.01475000000000146 0.0034641016151366 0
0.01462500000000132 0.00324759526419057 0
0.01450000000000146 0.003464101615136759 0
0.01437500000000132 0.00324759526419073 0
0.01425000000000146 0.003464101615136917 0
0.01412500000000132 0.00324759526419089 0
0.01400000000000146 0.003464101615137081 0
0.01387500000000132 0.003247595264191054 0
0.01375000000000147 0.003464101615137247 0
0.01362500000000132 0.003247595264191221 0
0.01350000000000147 0.003464101615137411 0
0.01337500000000133 0.003247595264191384 0
0.01325000000000147 0.003464101615137575 0
0.01312500000000133 0.003247595264191548 0
0.01300000000000177 0.003464101615137563 0
0.01287500000000138 0.00324759526419168 0
0.01275000000000147 0.003464101615137899 0
0.01262500000000133 0.003247595264191872 0
0.01250000000000118 0.003464101615137894 0
0.01237500000000127 0.003247595264192017 0
0.01225000000000142 0.003464101615138216 0
0.01212500000000132 0.003247595264192224 0
0.01200000000000147 0.003464101615138424 0
0.01187500000000132 0.003247595264192406 0
0.01175000000000147 0.003464101615138596 0
0.01162500000000133 0.003247595264192573 0
0.01150000000000147 0.003464101615138762 0
0.01137500000000133 0.00324759526419273 0
0.01125000000000148 0.003464101615138921 0
0.01112500000000136 0.003247595264192907 0
0.01100000000000148 0.003464101615139086 0
0.01087500000000137 0.00324759526419307 0
0.01075000000000149 0.003464101615139248 0
0.01062500000000134 0.003247595264193215 0
0.01050000000000148 0.003464101615139409 0
0.01037500000000133 0.003247595264193374 0
0.01025000000000148 0.003464101615139569 0
0.01012500000000133 0.003247595264193535 0
0.01000000000000148 0.003464101615139723 0
0.009875000000001339 0.003247595264193687 0
0.00975000000000183 0.003464101615139674 0
0.0096250000000014 0.003247595264193802 0
0.009500000000001892 0.003464101615139382 0
0.009375000000001375 0.003247595264193943 0
0.009250000000001545 0.003464101615139651 0
0.009125000000001358 0.003247595264194031 0
0.009000000000001493 0.003464101615139799 0
0.008875000000001347 0.003247595264194175 0
0.00875000000000113 0.00346410161513974 0
0.008625000000001284 0.003247595264194289 0
0.008500000000001062 0.003464101615140264 0
0.008375000000001267 0.003247595264194487 0
0.008250000000001409 0.003464101615140704 0
0.008125000000001331 0.003247595264194715 0
0.008000000000001482 0.003464101615140929 0
0.007875000000001346 0.003247595264194904 0
0.007750000000001495 0.003464101615141109 0
0.007625000000001339 0.0032475952641951 0
0.008000000000001129 0.003031088913248243 0
0.01025000000000118 0.003031088913247343 0
0.008750000000001201 0.003031088913248231 0
0.009500000000001221 0.003031088913247792 0
0.01200000000000116 0.003031088913246206 0
0.01075000000000135 0.003031088913246856 0
0.01125000000000127 0.003031088913246519 0
0.01275000000000123 0.003031088913245477 0
0.007500000000001877 0.003464101615141076 0
0.01450000000000119 0.00303108891324454 0
0.01325000000000121 0.003031088913244963 0
0.01675000000000118 0.003031088913243098 0
0.01375000000000121 0.003031088913244832 0
0.01500000000000124 0.003031088913243858 0
0.01550000000000118 0.003031088913243898 0
0.01600000000000118 0.003031088913243573 0
0.01725000000000113 0.003031088913242832 0
0.02100000000000118 0.003031088913239854 0
0.01775000000000103 0.003031088913242301 0
0.01825000000000115 0.003031088913241913 0
0.02175000000000114 0.00303108891323989 0
0.01875000000000119 0.003031088913241467 0
0.02250000000000113 0.003031088913238947 0
0.01925000000000118 0.003031088913241147 0
0.02325000000000114 0.003031088913238463 0
0.01975000000000116 0.003031088913241164 0
0.02025000000000117 0.003031088913240746 0
0.02375000000000118 0.003031088913238137 0
0.02425000000000117 0.003031088913237835 0
0.0265000000000011 0.003031088913236657 0
0.02475000000000117 0.003031088913237828 0
0.02525000000000112 0.003031088913237297 0
0.02575000000000113 0.00303108891323726 0
0.02700000000000114 0.003031088913236427 0
0.02750000000000111 0.003031088913235994 0
0.02800000000000114 0.003031088913235767 0
0.02850000000000114 0.003031088913235434 0
0.02900000000000113 0.00303108891323508 0
0.03025000000000111 0.003031088913234236 0
0.02950000000000114 0.003031088913234739 0
0.03075000000000113 0.00303108891323381 0
0.03125000000000111 0.003031088913233547 0
0.03175000000000115 0.003031088913233121 0
0.0325000000000011 0.003031088913232662 0
0.008375000000003635 0.007577722283114666 0
0.002750000000001838 0.003464101615138376 0
0.006250000000001584 0.003464101615136739 0
0.006125000000001487 0.003247595264190702 0
0.006000000000001591 0.003464101615136852 0
0.005875000000001485 0.003247595264190806 0
0.03400000000000042 0.001732050807555097 0
0.002250000000003027 0.006495190528384242 0
0.03112500000000025 0.00151554445661068 0
0.03450000000000233 0.005196152422692863 0
0.007875000000002897 0.006711696879329647 0
0.007000000000003863 0.008227241335950755 0
0.03262500000000029 0.001515544456609808 0
0.005625000000002621 0.005412658773651856 0
0.03874999999999946 0.0008660254037675622 0
0.00200000000000107 0.0008660254037852963 0
0.001875000000001008 0.0006495190528393235 0
0.008125000000004183 0.008010734985007515 0
0.004125000000003785 0.008010734985005973 0
0.004000000000003712 0.00779422863405989 0
0.004125000000003657 0.007577722283113744 0
0.00387500000000365 0.007577722283113796 0
0.004000000000003608 0.007361215932167667 0
0.003750000000003625 0.007361215932167689 0
0.00387500000000357 0.007144709581221581 0
0.004125000000003577 0.007144709581221525 0
0.004000000000003515 0.006928203230275424 0
0.003750000000003521 0.006928203230275506 0
0.003875000000003469 0.006711696879329371 0
0.004250000000003494 0.006928203230275341 0
0.006500000000002594 0.005196152422705475 0
0.006625000000002672 0.005412658773651529 0
0.002500000000004034 0.008660254037845417 0
0.002375000000004009 0.00844374768689935 0
0.001375000000004043 0.008876760388791843 0
0.001250000000004109 0.009093266739737982 0
0.001125000000004039 0.008876760388791937 0
0.001000000000004126 0.009093266739738093 0
0.000875000000004067 0.008876760388791991 0
0.001125000000004206 0.009309773090684146 0
0.0008750000000042057 0.00930977309068425 0
0.001000000000004019 0.008660254037845851 0
0.0007500000000040287 0.008660254037845875 0
0.0008750000000040357 0.008443747686899761 0
0.03187500000000028 0.001515544456610266 0
0.002625000000000953 0.0006495190528389991 0
0.002375000000000977 0.0006495190528390832 0
0.03662500000000474 0.008876760388775121 0
0.003625000000003441 0.006711696879329468 0
0.003750000000003369 0.006495190528383307 0
0.004000000000003362 0.006495190528383186 0
0.003500000000003459 0.006928203230275657 0
0.002000000000003669 0.007794228634061196 0
0.002875000000001293 0.001948557158515519 0
0.006500000000002219 0.004763139720813237 0
0.0371250000000005 0.001948557158499037 0
0.0370000000000007 0.002165063509445239 0
0.03675000000000067 0.002165063509445438 0
0.03687500000000085 0.002381569860391435 0
0.03662500000000082 0.002381569860391622 0
0.03500000000000229 0.005196152422692561 0
0.03412500000000143 0.003680607966070058 0
0.0008750000000020026 0.004979646071762408 0
0.0007500000000021621 0.005196152422708594 0
0.007125000000002584 0.005412658773651341 0
0.03612500000000408 0.007577722283098878 0
0.03600000000000398 0.007361215932152844 0
0.03625000000000403 0.007361215932152765 0
0.03612500000000397 0.007144709581206686 0
0.036375000000004 0.007144709581206649 0
0.03625000000000394 0.006928203230260572 0
0.03650000000000389 0.0069282032302605 0
0.03662500000000399 0.007144709581206572 0
0.03675000000000393 0.006928203230260385 0
0.03662500000000377 0.006711696879314336 0
0.03687500000000379 0.00671169687931421 0
0.03675000000000368 0.006495190528368186 0
0.03650000000000367 0.006495190528368279 0
0.03662500000000361 0.006278684177422141 0
0.03687500000000359 0.006278684177422042 0
0.03675000000000351 0.006062177826476004 0
0.0370000000000035 0.006062177826475913 0
0.0368750000000034 0.005845671475529834 0
0.03712500000000341 0.005845671475529749 0
0.03700000000000331 0.005629165124583672 0
0.03725000000000332 0.005629165124583559 0
0.03712500000000322 0.0054126587736375 0
0.03687500000000322 0.005412658773637596 0
0.0370000000000031 0.00519615242269143 0
0.03725000000000311 0.005196152422691315 0
0.03712500000000299 0.004979646071745274 0
0.03687500000000295 0.004979646071745399 0
0.03700000000000283 0.004763139720799235 0
0.0367500000000028 0.004763139720799383 0
0.03687500000000262 0.004546633369853156 0
0.03662500000000267 0.004546633369853366 0
0.03675000000000246 0.004330127018907122 0
0.007250000000004309 0.008227241335951171 0
0.007125000000004045 0.008443747686896874 0
0.002125000000002542 0.005845671475546017 0
0.002375000000002521 0.005845671475545904 0
0.03650000000000277 0.004763139720799515 0
0.03637500000000263 0.00454663336985352 0
0.03537500000000017 0.001515544456608296 0
0.03525000000000031 0.001732050807554445 0
0.03500000000000032 0.001732050807554582 0
0.03712500000000465 0.008876760388774853 0
0.00675000000000256 0.005196152422705364 0
0.03574999999999973 0.0008660254037695485 0
0.003000000000001207 0.001732050807569375 0
0.03287500000000156 0.003680607966070715 0
0.03700000000000393 0.006928203230260233 0
0.003875000000003247 0.006278684177437144 0
0.003250000000001151 0.001732050807569188 0
0.03237500000000156 0.003680607966071066 0
0.003625000000001842 0.004546633369868568 0
0.003500000000001908 0.004330127018922514 0
0.03312500000000155 0.003680607966070539 0
0.03737500000000338 0.005845671475529611 0
0.03462500000000147 0.003680607966069865 0
0.03162500000000157 0.003680607966071581 0
0.003125000000001002 0.001515544456623163 0
0.01212500000000039 0.00151554445662267 0
0.03725000000000035 0.001732050807552863 0
0.01187500000000041 0.001515544456622806 0
0.03112500000000155 0.003680607966071969 0
0.03062500000000158 0.003680607966072271 0
0.002625000000004006 0.008443747686899282 0
0.002500000000003964 0.008227241335953268 0
0.03712500000000248 0.004546633369852955 0
0.03012500000000157 0.003680607966072579 0
0.002875000000000738 0.0006495190528388707 0
0.03737500000000288 0.004979646071745043 0
0.003750000000001835 0.004763139720814761 0
0.004000000000001835 0.004763139720814743 0
0.02937500000000157 0.003680607966073154 0
0.01237500000000025 0.00151554445662235 0
0.02887500000000157 0.003680607966073505 0
0.02837500000000157 0.003680607966073847 0
0.004125000000000417 0.0006495190528394267 0
0.02787500000000157 0.003680607966074179 0
0.02737500000000157 0.003680607966074504 0
0.02687500000000157 0.003680607966074838 0
0.02637500000000157 0.00368060796607517 0
0.02587500000000148 0.003680607966075103 0
0.02512500000000154 0.003680607966075903 0
0.02462500000000158 0.003680607966076347 0
0.02412500000000157 0.003680607966076674 0
0.02362500000000158 0.003680607966076999 0
0.0228750000000014 0.003680607966077379 0
0.02212500000000157 0.003680607966077751 0
0.02137500000000158 0.003680607966078231 0
0.02062500000000158 0.003680607966078929 0
0.02012500000000158 0.00368060796607925 0
0.01287499999999987 0.0006495190528355618 0
0.01962500000000158 0.00368060796607957 0
0.01912500000000159 0.003680607966079891 0
0.01862500000000159 0.003680607966080213 0
0.01812500000000159 0.003680607966080534 0
0.01762500000000159 0.003680607966080855 0
0.01712500000000159 0.003680607966081176 0
0.0166250000000016 0.00368060796608121 0
0.0158750000000016 0.003680607966081981 0
0.0153750000000016 0.003680607966082307 0
0.006625000000000976 0.002814582562298448 0
0.0148750000000016 0.003680607966082629 0
0.01437500000000159 0.003680607966082947 0
0.00500000000000083 0.00173205080757198 0
0.005250000000000605 0.001732050807572031 0
0.005125000000000877 0.001948557158518153 0
0.01387500000000161 0.003680607966083273 0
0.0131250000000017 0.003680607966083533 0
0.01237500000000153 0.003680607966084028 0
0.01162500000000161 0.003680607966084789 0
0.01112500000000162 0.00368060796608511 0
0.01062500000000131 0.003680607966085245 0
0.007122470105609983 0.009309729771167315 0
0.009875000000001719 0.003680607966085641 0
0.01262499999999993 0.0006495190528358202 0
0.009125000000001864 0.003680607966084926 0
0.008375000000001432 0.003680607966086676 0
0.007625000000001663 0.00368060796608731 0
0.01312500000000015 0.0006495190528362938 0
0.004750000000000086 0.001299038105679322 0
0.007125000000001682 0.003680607966084324 0
0.007375000000001568 0.003247595264194435 0
0.007500000000001249 0.003031088913248946 0
0.007250000000001318 0.003031088913247812 0
0.03362499999999973 0.0006495190528259037 0
0.03437499999999978 0.0006495190528255368 0
0.03512499999999986 0.0006495190528251872 0
0.0363749999999995 0.000649519052822992 0
0.03812499999999922 0.0006495190528233901 0
0.0373749999999995 0.0006495190528233441 0
0.03887499999999824 0.0006495190528221367 0
0.03337499999999972 0.0006495190528249218 0
0.0348750000000009 0.0006495190528248949 0
0.03787500000000039 0.000649519052823266 0
0.0386249999999991 0.0006495190528231385 0
0.03537499999999984 0.0006495190528245801 0
0.03712499999999952 0.0006495190528234907 0
0.0369999999999996 0.0008660254037689752 0
0.03687499999999954 0.0006495190528236078 0
0.03936881279958029 0.009307618224531532 0
0.0006300461336899293 0.006275770790796246 0
0.0007508410222840274 0.00649470496394449 0
0.0004645342386599589 0.006496267661990611 0
0.0006250000000028837 0.006711696879331082 0
0.0008751401703831312 0.006711615951924239 0
0.000750023361733021 0.006928189742376027 0
0.0006250000000011663 0.004113620667978311 0
0.03937053848569749 0.008008945820824669 0
0.03924925641428654 0.008226943141908208 0
0.0006251350895273636 0.002381489661578079 0
0.0007500506683241134 0.002165033342223374 0
0.001000036598123588 0.002165041680821747 0
0.03937500000000081 0.002381569860389814 0
0.0006250000000040459 0.008876760388792065 0
0.03874992445737314 0.009531536399512628 0
0.006499934019404402 0.009529880425831475 0
0.005125000000004404 0.009316020849665431 0
0.004875000000004402 0.009317062142829414 0
0.005375000000004425 0.009310814383846032 0
0.003877757775695816 0.009317361063198125 0
0.004125459629286246 0.009317285511751748 0
0.003633164669536205 0.009329739022779723 0
0.00312787438089485 0.009314829677968119 0
0.001617154310244895 0.0093123924286714 0
0.00800549830832775 0.009531618888071421 0
0.0006250000000026582 0.005845671475546703 0
0.03937030313180009 0.004982357809864393 0
0.03924921718863606 0.005196604379043054 0
0.004999999999999808 0.0004330127018955555 0
0.008000000000002797 0.006062177826490795 0
0.008375000000002866 0.006278684177438014 0
0.007625000000004385 0.008010734985007435 0
0.008375000000000033 0.0006495190528398613 0
0.00150000000000149 0.003031088913246474 0
0.001750000000000754 0.003464101615138783 0
0.01262500000000009 0.001082531754727912 0
0.03662500000000339 0.005845671475529951 0
0.007750000000003691 0.007794228634060377 0
0.03862499722223474 0.005845670056515679 0
0.0008750145444080745 0.001948548492536662 0
0.0006236343962204918 0.001950222038067445 0
0.001125008523755071 0.001948552076079956 0
0.03575000000000378 0.007361215932152901 0
0.03887498055562359 0.005412648840546153 0
0.03862499692934089 0.005412657204999746 0
0.03825000000000212 0.003897114317013521 0
0.03824999595221894 0.006928199394871298 0
0.00187500000000225 0.004979646071761636 0
0.00200000000000207 0.004763139720815459 0
0.011375 0.0006495190528386296 0
0.03475000000000125 0.00303108891323158 0
0.03675000000000098 0.00259807621133765 0
0.002500000000002479 0.005629165124599701 0
0.003625000000003632 0.007577722283113859 0
0.03725000000000071 0.002165063509445125 0
0.004250000000003879 0.008227241335952085 0
0.002125000000003617 0.00757772228311507 0
0.002250000000003659 0.007794228634061139 0
0.005750000000003017 0.006495190528382426 0
0.03550021343774442 0.009093971277481511 0
0.03537175909283021 0.00931526845932973 0
0.005375000000002562 0.005412658773651991 0
0.004750000000004284 0.009094481581760907 0
0.004625000000004402 0.009311190406377828 0
0.004749934019404423 0.009529941915649773 0
0.03400000000000118 0.003031088913231781 0
0.008250615602846904 0.009094141353450613 0
0.008389842629872432 0.00933048452896099 0
0.007625000000002283 0.004979646071758876 0
0.00262500000000164 0.002814582562300042 0
0.005000000000003894 0.008227241335951787 0
0.03837499999999965 0.001082531754714055 0
0.03550000000000002 0.001299038105662063 0
0.003000000000001658 0.003031088913246066 0
0.03562500000000424 0.008010734984991321 0
0.03550000000000399 0.007794228634045242 0
0.00225000000000268 0.006062177826492071 0
0.0365000000000046 0.008660254037829124 0
0.03412500000000029 0.001515544456608914 0
0.03425000000000041 0.001732050807554924 0
0.006125000000002412 0.004979646071759471 0
0.005875000000002493 0.004979646071759575 0
0.006000000000004349 0.009093266739735661 0
0.005872928100469549 0.00932210443336075 0
0.002500000000001262 0.001732050807569606 0
0.004500000000001888 0.004330127018922334 0
0.00462500000000185 0.004113620667976201 0
0.004500000000001843 0.003897114317030137 0
0.004375000000001862 0.00454663336986852 0
0.001125000000000778 0.001515544456624295 0
0.001000000000002554 0.005629165124600471 0
0.004375000000003557 0.007144709581221426 0
0.004500000000003404 0.006928203230275239 0
0.004375000000003361 0.00671169687932913 0
0.03700000000000471 0.009093266739720988 0
0.03712340348248561 0.009315209192955424 0
0.03712500000000372 0.006711696879314038 0
0.03525000000000127 0.003464101615123723 0
0.03512500000000137 0.003680607966069823 0
0.03537500000000128 0.003247595264177366 0
0.03362500000000145 0.00368060796607027 0
0.03700000000000001 0.001299038105660945 0
0.03750000000000318 0.005629165124583321 0
0.00412500000000323 0.006278684177437035 0
0.03712500000000349 0.006278684177421955 0
0.003250000000000516 0.000866025403784808 0
0.01200000000000054 0.001732050807568654 0
0.03750000000000298 0.005196152422691025 0
0.007375000000003512 0.007577722283112233 0
0.007250000000003204 0.007361215932166335 0
0.006375000000001418 0.002814582562298884 0
0.006500000000000766 0.002598076211353389 0
0.006875000000001432 0.00281458256229987 0
0.005375000000001205 0.002381569860409866 0
0.00550000000000089 0.002598076211355535 0
0.004750000000000379 0.001732050807570526 0
0.004500000000000037 0.0008660254037880909 0
0.006000000000001615 0.003031088913245138 0
0.005750000000001358 0.003031088913244957 0
0.0335000000000016 0.000433012701883494 0
0.0350000000000011 0.0004330127018824228 0
0.03587499999999959 0.000649519052823345 0
0.03800000000000052 0.0004330127018813117 0
0.03874999999999698 0.0004330127018815078 0
0.0006250000000013745 0.001515544456624182 0
0.0004992796070427304 0.001301659298136989 0
0.0006318451313011529 0.004983598110160785 0
0.0005058377234203534 0.005199522833895745 0
0.0006259729539054154 0.005413220508852559 0
0.0006310714340880437 0.008447253031002544 0
0.0007510119056847661 0.008227825559970786 0
0.001000168650950792 0.008227338706623125 0
0.0008751967594419728 0.008010848584121938 0
0.0006296629584968128 0.008009062124694835 0
0.0007508099529925372 0.007793968757195006 0
0.0005056534127751491 0.003901724829652377 0
0.03953249857632907 0.005215072799164479 0
0.03937500000000348 0.005412658773635344 0
0.03953566940597833 0.004759258060541023 0
0.0395355120725361 0.008234916628731069 0
0.03937500000000441 0.008443747686881768 0
0.0003796879519408249 0.004121030073632246 0
0.0005017303941680651 0.004338636311092069 0
0.0003938788215832392 0.004565300994291898 0
0.0005016838718217217 0.007796945791780504 0
0.0006254156374714687 0.007578131829923972 0
0.0394984021313471 0.00779695800035487 0
0.03937497974522693 0.007572990598124728 0
0.0005000000000029529 0.006928203230277229 0
0.0006250038936247218 0.007144707333239626 0
0.03949476615219276 0.006071515716189187 0
0.03961957833075274 0.005858672094252716 0
0.03959622618805895 0.006301782570426117 0
0.03849998740956555 0.009532434281783821 0
0.03837499790159815 0.009310972446222376 0
0.03824999755186242 0.009533143220848181 0
0.0062496644520432 0.009529481459761586 0
0.004500000000004518 0.009526279441628756 0
0.007748565510461521 0.009530839128958008 0
0.03949467921017303 0.009092049790779339 0
0.03937411320169943 0.008876760037621457 0
0.03961891787954087 0.008878776010870832 0
0.03924972922916916 0.009529731266592307 0
0.03953701593535916 0.009522490987936243 0
0.035748361455465 0.009534239130751659 0
0.03599972690924785 0.009532706918005281 0
0.0377500000000042 0.009531469127862971 0
0.03749967350694984 0.00952951590451445 0
0.03650014343603155 0.009531204298958868 0
0.03675098054978532 0.009531762748104588 0
0.03688042724046325 0.009754279960094748 0
0.006999887378744331 0.009529822258039534 0
0.007249160822384998 0.009529335801781027 0
0.005249997137455754 0.009529824137444541 0
0.00550000000000452 0.00952627944162821 0
0.004000977103069316 0.009533646968376811 0
0.002256391350311211 0.009536233667424648 0
0.001995862963173268 0.00953721608726962 0
0.001000000000003817 0.009530802036143315 0
0.001247505208179414 0.009525592838650726 0
0.0007500000000037477 0.00953209268565787 0
0.0006311872004284846 0.009307169782858359 0
0.0004628716579574942 0.009523280191466154 0
0.03949608960304159 0.002595889672870964 0
0.03937737679746348 0.002809632164921015 0
0.03962270891740913 0.002377838990781794 0
0.03949967894839418 0.002157823568018416 0
0.03961145103526092 0.001930655531336999 0
0.0004972730782682386 0.002602781411802318 0
0.000375828934125938 0.002380778993908757 0
0.0003795105202160851 0.002831421488956656 0
0.0003753000060646092 0.007142993659340077 0
0.0002396582158912322 0.003890146563584454 0
0.0003794887349383019 0.00540858151517952 0
0.0003763091635305901 0.007589972584134918 0
0.03962446253523191 0.007589483542309048 0
0.0395139828362966 0.007357334196092587 0
0.03964611234366658 0.007140323205090414 0
0.0002416544837024401 0.005170165888975157 0
0.03862484144441296 0.00976260981289967 0
0.03937500000000481 0.009742785792558568 0
0.007875666306365934 0.009764159636136648 0
0.007124697785012613 0.009762210643004992 0
0.006374718875612254 0.00976202793168417 0
0.005996976335633038 0.009551312709132212 0
0.004624865067432069 0.009756408326631383 0
0.001124584201364846 0.009761517004504153 0
0.03812499970855592 0.009761122134821108 0
0.03637516734203446 0.009766028145610738 0
0.03899986020354378 0.009552951570515392 0
0.00187001827517368 0.009763670175847833 0
0.001743743788923214 0.009534508735218883 0
0.007493911282365553 0.009548316436558705 0
0.00674984988019973 0.009552789391993667 0
0.00425012217112164 0.009552232659237849 0
0.002379582944989449 0.009765592536516866 0
0.002509702836035518 0.009535980967608711 0
0.002759263844724743 0.009535557988140972 0
0.002881529863641527 0.009765790278804164 0
0.003010236475407629 0.009546308230864168 0
0.003258972777548708 0.009557853532701265 0
0.00338091612087545 0.00933243353627713 0
0.00351790626575494 0.009556701443256512 0
0.007617797094931667 0.009314475229878615 0
0.03762492585100699 0.009760962635965617 0
0.03724277082419881 0.009560252787662902 0
0.03587379310483697 0.009767858488620681 0
0.03548983350699995 0.009536747443418543 0
0.03523735283061661 0.009526536993229792 0
0.03512228413409332 0.009304173578443565 0
0.03499121966026047 0.009519831537472382 0
0.03487379408478566 0.009293812836597002 0
0.03474358070992453 0.009515447887093072 0
0.03462457224609239 0.009285330659784754 0
0.03448844201231746 0.009489310844320035 0
0.03437401397656598 0.009269336499048974 0
0.03475617171421526 0.009075230720541696 0
0.03424109784677258 0.009464593401389096 0
0.03412434718747216 0.009257043179211707 0
0.03399010311133839 0.009449230479315826 0
0.03387456084124575 0.009245312985809566 0
0.0337400565327312 0.009438951257779627 0
0.03362481041817517 0.009233828285680951 0
0.03349028615796203 0.00942724769609414 0
0.03336797345812953 0.0092279641468801 0
0.03323927046069616 0.009418516370807622 0
0.03311722714195726 0.00920989741312726 0
0.0329891725838143 0.009405973786339405 0
0.03287376664605069 0.009203770025238589 0
0.03274033327408663 0.009397026582587065 0
0.03286582233878958 0.009623516508600698 0
0.03262575682858472 0.009188097102484249 0
0.03249107831657493 0.009385394277977167 0
0.03237642960846929 0.009170086395027283 0
0.03224143244993409 0.009372940374833221 0
0.03299161814293772 0.009025727222188942 0
0.03461961823682148 0.009747436904938084 0
0.03212672329650514 0.009157972033085427 0
0.03199162934606087 0.009362972192199424 0
0.031877016984541 0.009145857671143532 0
0.03174190690211189 0.009351215526808898 0
0.03211187348630878 0.00959637384703034 0
0.03336522856826381 0.009636091470353214 0
0.03162731067257683 0.009133743309201678 0
0.03149209201278177 0.009341343403315373 0
0.03139486916589256 0.009115274584264848 0
0.03123925660021856 0.00934721421735616 0
0.03157508626973208 0.009556335412057059 0
0.03536673825979144 0.009759214749768734 0
0.005374994145993866 0.009756612023857887 0
0.004999859213423514 0.009552794780533268 0
0.0006250000000044414 0.009746007095150274 0
0.03385774938259849 0.009656783582107503 0
0.03939081945164369 0.007135220042155116 0
0.03925256453384424 0.007355925522257542 0
0.001372204356487858 0.009756404330259358 0
0.00813367992170611 0.009770971257641653 0
0.008262774094512874 0.009552786457812431 0
0.008515072011693907 0.009560683434839203 0
0.008642139851004007 0.009343008512314774 0
0.008758627262603208 0.009569859167978242 0
0.008883874806659364 0.009341190926913347 0
0.008754670873154848 0.009114630570089809 0
0.009005247303774361 0.009101870279264309 0
0.009123811277022331 0.009331320863096865 0
0.007373783984860658 0.00976992948142642 0
0.00662490613243618 0.009770735292787139 0
0.00487451694478765 0.009773010293679076 0
0.03887492869105135 0.0097711376701024 0
0.03432593694482427 0.009730229619224271 0
0.004125642841647417 0.009773756997007535 0
0.0362500062812209 0.009536701960706606 0
0.03799999954340556 0.009536001147532478 0
0.00587355583739194 0.009779845986032428 0
0.007375000000004187 0.008443747686897318 0
0.007500000000003254 0.006928203230274316 0
0.008625000000002894 0.006278684177437612 0
0.008750000000003016 0.006495190528383866 0
0.008875000000003033 0.006278684177437436 0
0.009000000000003431 0.006062177826491257 0
0.009125000000003094 0.006278684177437059 0
0.01250000000000013 0.001299038105675757 0
0.001250007520313293 0.002165059024282976 0
0.0130000000000004 0.001732050807566539 0
0.0127500000000003 0.001732050807567355 0
0.01325000000000044 0.001732050807566397 0
0.007375000000001157 0.002814582562302014 0
0.007625000000001103 0.00281458256230258 0
0.007250000000003441 0.008660254037844008 0
0.007373537898562021 0.008877201942941894 0
0.03949203198756532 0.005635300774488282 0
0.03975000000000384 0.005629165124582457 0
0.001875000000001022 0.003680607966084807 0
0.001750000000001133 0.003897114317031069 0
0.002500000000000918 0.0004330127018928945 0
0.001374999999999418 0.001948557158516592 0
0.001375007077062056 0.002381565620060318 0
0.03600000000000372 0.006928203230260587 0
0.03625000000000277 0.004763139720799642 0
0.03637500000000343 0.006278684177422183 0
0.03625000000000346 0.006495190528368293 0
0.002000000000001386 0.003464101615138519 0
0.03550000000000356 0.007361215932152986 0
0.03525000000000127 0.003031088913231306 0
0.03837500000000219 0.004113620667959548 0
0.007500000000003636 0.007794228634058814 0
0.008250000000003786 0.007794228634060869 0
0.008500000000003925 0.007794228634061032 0
0.00200000000000148 0.003897114317030854 0
0.001875000000001594 0.004113620667977012 0
0.002000000000001806 0.00433012701892316 0
0.001750000000001625 0.004330127018923327 0
0.001750000000002003 0.004763139720815549 0
0.03462500000000221 0.004979646071746532 0
0.03437500000000221 0.004979646071746721 0
0.001375078072781966 0.002814535967961362 0
0.001625001179511504 0.002381569153683582 0
0.004750000000001819 0.003897114317030075 0
0.004875000000001859 0.004113620667976067 0
0.03812500000000185 0.003680607966067517 0
0.03825000000000171 0.003464101615121285 0
0.03800000000000169 0.003464101615121514 0
0.03812500000000158 0.003247595264175321 0
0.03837499932537297 0.006711696240081892 0
0.0008750045425617789 0.007144706958575678 0
0.00362500000000323 0.006278684177437264 0
0.003750000000003011 0.00606217782649112 0
0.002250000000000675 0.0004330127018930784 0
0.0021250000000002 0.000216506350946756 0
0.002750000000003965 0.008227241335953131 0
0.002375000000003617 0.007577722283115016 0
0.002500000000003694 0.007794228634061011 0
0.03537500000000372 0.007577722283099175 0
0.03512500000000358 0.007577722283099312 0
0.03525000000000386 0.007794228634045364 0
0.03500000000000374 0.0077942286340455 0
0.03487500000000359 0.007577722283099438 0
0.03475000000000372 0.007794228634045629 0
0.03512500000000393 0.00801073498499153 0
0.0377500000000016 0.003464101615121691 0
0.03949276707945784 0.008664095260422125 0
0.03975958274356048 0.008643950146113664 0
0.003375000000003427 0.006711696879329598 0
0.03812499527758818 0.00714470510658611 0
0.03824999516514977 0.007361211350993643 0
0.008500000000002807 0.006062177826490933 0
0.001250219099198514 0.003030960774619004 0
0.002375000000002264 0.004979646071761539 0
0.002500000000002337 0.005196152422707479 0
0.03899986629071202 0.005196226093233766 0
0.03712500000000089 0.002381569860391318 0
0.03875000000000233 0.004330127018905439 0
0.03862500000000241 0.004546633369851804 0
0.002250000000003853 0.008227241335953275 0
0.03537500000000138 0.003680607966069622 0
0.03525000000000164 0.003897114317015678 0
0.03800000000000193 0.003897114317013735 0
0.005250000000002676 0.005629165124598179 0
0.03912500000000169 0.003247595264174448 0
0.03925000000000181 0.003464101615120498 0
0.03937500000000171 0.003247595264174283 0
0.03953478018262001 0.003475939043881067 0
0.03937500000000196 0.003680607966066498 0
0.03587500000000369 0.00714470958120674 0
0.03687500000000404 0.00714470958120641 0
0.03675000000000401 0.007361215932152585 0
0.03650000000000397 0.007361215932152681 0
0.0006176751249657442 0.00364776744060832 0
0.005500000000002857 0.006062177826490239 0
0.001625000000000969 0.0006495190528393174 0
0.001750000000000699 0.0004330127018930333 0
0.00150000000000055 0.000433012701893238 0
0.001375000000000206 0.0002165063509467057 0
0.004000000000003862 0.008227241335952215 0
0.003875000000002085 0.004979646071760883 0
0.003375000000001224 0.001948557158515247 0
0.003500000000001301 0.002165063509461336 0
0.001625000000002118 0.004979646071761768 0
0.001625000000001719 0.004546633369869545 0
0.03837500000000155 0.003247595264175103 0
0.001500000000000883 0.003897114317031465 0
0.002625000000002587 0.005845671475545738 0
0.03650000000000096 0.002598076211337791 0
0.03637500000000081 0.002381569860391788 0
0.004125000000001783 0.004546633369868639 0
0.004250000000001992 0.004763139720814616 0
0.0356249999999999 0.001082531754715824 0
0.004625000000001959 0.004546633369868333 0
0.03675000000000331 0.005629165124583769 0
0.03662500000000322 0.005412658773637683 0
0.03650000000000323 0.005629165124583851 0
0.03637500000000295 0.005412658773637728 0
0.03650000000000294 0.005196152422691624 0
0.002250000000001886 0.004330127018923027 0
0.03825000000000107 0.002598076211336881 0
0.03837500000000093 0.002381569860390696 0
0.003500000000003525 0.007361215932167914 0
0.03725000000000268 0.004763139720799077 0
0.003500000000002831 0.00606217782649138 0
0.004375000000003966 0.00844374768689821 0
0.004125000000003959 0.008443747686898317 0
0.004625000000003964 0.008443747686898135 0
0.03762500000000012 0.001515544456606944 0
0.03412500000000078 0.0006495190528252532 0
0.03425000000000199 0.0004330127018832841 0
0.005625000000002914 0.006278684177436333 0
0.03800000000000468 0.009093355564435308 0
0.03450000000000122 0.003031088913231625 0
0.03462500000000109 0.002814582562285436 0
0.005875000000002926 0.006278684177436231 0
0.0385000000000023 0.004330127018905643 0
0.03837500000000221 0.004546633369852005 0
0.03850000000000227 0.00476313972079825 0
0.003125000000001741 0.003247595264192167 0
0.004749999999999824 0.0004330127018954723 0
0.004499999999999796 0.0004330127018953196 0
0.003750000000003695 0.007794228634060024 0
0.002750000000002369 0.00519615242270728 0
0.004375096966737567 0.009315586916411569 0
0.0005000000000026684 0.00606217782649286 0
0.0003753918990600062 0.005850855567992771 0
0.002751889240682689 0.009089935179663524 0
0.0008750000000009132 0.0006495190528395802 0
0.0006250000000008887 0.0006495190528396774 0
0.0004936880315174336 0.0008670632822596024 0
0.0003724572811460956 0.0006408006860643212 0
0.0004976901865712362 0.0004245372510960207 0
0.0003700307219272787 0.001103917834959476 0
0.001000000000000716 0.0004330127018933403 0
0.0007496150310956663 0.0004316001267602003 0
0.003625000000004069 0.008876760388790848 0
0.03637500000000315 0.005845671475529959 0
0.03799999925423848 0.006928202523626225 0
0.00112500000000287 0.006278684177438751 0
0.006875000000001531 0.003247595264191301 0
0.001750000000002291 0.005196152422707832 0
0.001750000000003502 0.00736121593216895 0
0.006625000000003118 0.006711696879328184 0
0.003625000000000021 0.0002165063509461367 0
0.003500000000000048 0.0004330127018922951 0
0.003250000000000204 0.0004330127018923671 0
0.0393766724848518 0.001082531754713072 0
0.0394976675616089 0.001297501215557526 0
0.03936826257386213 0.001511622892449499 0
0.03950657081377443 0.0008669752724658666 0
0.0393760951356296 0.0006496773642714398 0
0.03962774848015969 0.0006407243932222608 0
0.03950252662958562 0.0004245509208567521 0
0.03962418877019414 0.001090653184247206 0
0.03976057316617657 0.001329885401323112 0
0.03662500000000107 0.002814582562283889 0
0.03687500000000106 0.002814582562283713 0
0.003250000000003458 0.00692820323027586 0
0.003500000000003285 0.006495190528383432 0
0.03274975765098655 0.008226527545147855 0
0.03287500000000428 0.008010734984992872 0
0.03262495960850123 0.008010616019858932 0
0.0331250041953484 0.008010635606837943 0
0.03300000069922814 0.007794212071020835 0
0.03325000081576538 0.007794209310516409 0
0.03825000000000067 0.002165063509444691 0
0.0328750000000003 0.001515544456609668 0
0.0316250000000025 0.005412658773640157 0
0.03175000000000242 0.005196152422693952 0
0.03200000000000242 0.005196152422693875 0
0.03150000000000239 0.005196152422694027 0
0.03187500000000228 0.004979646071747649 0
0.03212500000000228 0.004979646071747564 0
0.03225000000000243 0.005196152422693706 0
0.03237500000000229 0.004979646071747425 0
0.03250000000000243 0.005196152422693546 0
0.03262500000000255 0.005412658773639672 0
0.03275000000000243 0.005196152422693478 0
0.002125000000003929 0.008443747686899402 0
0.03725000000000342 0.006062177826475789 0
0.03750000000000332 0.006062177826475508 0
0.03862493135503204 0.006711647198337493 0
0.0384999884467366 0.006495182141665896 0
0.03837499807445887 0.006278682779637362 0
0.03862490313279958 0.006278644666302286 0
0.0384999830715838 0.006062170771822247 0
0.002000000000003502 0.00736121593216888 0
0.003000000000002553 0.005629165124599379 0
0.002750000000002542 0.005629165124599525 0
0.0348750000000022 0.004979646071746369 0
0.03512500000000218 0.00497964607174621 0
0.001625000000001282 0.004113620667977311 0
0.03874978456806023 0.006495079148510548 0
0.03275000000000112 0.003031088913232468 0
0.03262500000000091 0.002814582562286429 0
0.03237500000000099 0.002814582562286566 0
0.03462500000000358 0.0075777222830996 0
0.03450000000000372 0.007794228634045802 0
0.03462500983109146 0.008010729309010757 0
0.03437500163851851 0.008010734038995136 0
0.0342500002730895 0.007794228476379825 0
0.006625000000000641 0.001948557158517454 0
0.03874997396261424 0.00519616278415967 0
0.03849999514866086 0.005196153888162441 0
0.007375000000003046 0.007144709581220591 0
0.03937263666934634 0.006715667530135484 0
0.03650000000000247 0.004330127018907337 0
0.03662500000000232 0.004113620667961141 0
0.03687500000000235 0.004113620667960943 0
0.0362500000000024 0.004330127018907452 0
0.03637500000000218 0.004113620667961209 0
0.03650000000000191 0.003897114317014852 0
0.03600000000000229 0.004330127018907615 0
0.03662500000000168 0.003680607966068593 0
0.03675000000000211 0.003897114317014865 0
0.03700000000000207 0.003897114317014653 0
0.03425000000000118 0.003031088913231685 0
0.006250000000000751 0.002165063509463321 0
0.03437500004551786 0.007577722256822087 0
0.03412500005310357 0.00757772225244263 0
0.03400000005436801 0.007794228602658908 0
0.03387500000000356 0.007577722283100175 0
0.03375000000906449 0.007794228628815123 0
0.03362500000151375 0.007577722282228338 0
0.03387499885837816 0.008010733787166803 0
0.03425000001643914 0.007361215922664525 0
0.006500000000002759 0.00562916512459769 0
0.006750000000002768 0.005629165124597578 0
0.0007510312000748587 0.009092832855100491 0
0.0005054926565134232 0.009091700262736693 0
0.0003809629651951862 0.008878717814732805 0
0.000508077167300558 0.008664669843622647 0
0.0002405208409396072 0.008644023915695982 0
0.003875000000001693 0.003247595264191844 0
0.004000000000001627 0.003031088913245699 0
0.004125000000001648 0.003247595264191684 0
0.003875000000001523 0.00281458256229955 0
0.03837499999999923 0.0006495190528234447 0
0.004750000000004043 0.008660254037844223 0
0.001000000757096539 0.007361215495061242 0
0.001000028012447876 0.006928187057284434 0
0.001250004668743983 0.006928200534778144 0
0.03475000000000344 0.007361215932153387 0
0.006250000000000335 0.001299038105679276 0
0.006375000000000255 0.001082531754733105 0
0.006625000000000247 0.001082531754733007 0
0.006500000000000183 0.0008660254037869478 0
0.006250000000000184 0.000866025403787031 0
0.006375000000000131 0.000649519052840877 0
0.006125000000000144 0.0006495190528409316 0
0.006625000000000106 0.0006495190528408214 0
0.006500000000000068 0.0004330127018938989 0
0.006000000000000163 0.0008660254037871394 0
0.005875000000000135 0.000649519052841014 0
0.006000000000000099 0.0004330127018941062 0
0.005750000000000092 0.000433012701894317 0
0.006750000000000056 0.0004330127018940186 0
0.005625000000000087 0.0006495190528410426 0
0.005500000000000036 0.0004330127018945928 0
0.005249999999999887 0.0004330127018947819 0
0.005124999999999899 0.0002165063509478593 0
0.005625000000000019 0.0002165063509475124 0
0.006125000000000217 0.001082531754733221 0
0.005875000000000212 0.001082531754733352 0
0.005750000000000137 0.0008660254037872435 0
0.007125000000001434 0.004113620667974988 0
0.03787500000000461 0.008876775192893685 0
0.007625000000000623 0.001948557158516921 0
0.007750000000000506 0.001732050807570741 0
0.008000000000000498 0.001732050807570586 0
0.03487500000000271 0.005845671475530965 0
0.03475000000000285 0.006062177826477154 0
0.03512500000000274 0.005845671475530712 0
0.03525000000000257 0.005629165124584625 0
0.03150000000000112 0.00303108891323337 0
0.031375000000001 0.002814582562287306 0
0.03112500000000099 0.002814582562287477 0
0.005623787646514354 0.009318670981661691 0
0.007875000000002547 0.005412658773651011 0
0.008000000000002443 0.005196152422704812 0
0.03500000000000288 0.006062177826476885 0
0.03487500000000297 0.006278684177423048 0
0.03462500000000292 0.006278684177423225 0
0.004250000000003598 0.007361215932167582 0
0.03625000000000095 0.002598076211338007 0
0.03712500000000402 0.007577722283098322 0
0.0330000000000027 0.006062177826478088 0
0.03287500000000277 0.006278684177424162 0
0.03262500000000276 0.006278684177424224 0
0.0331250000000028 0.006278684177424063 0
0.03337500000000285 0.006278684177423884 0
0.03924845640706284 0.005630075494856556 0
0.03762500000000422 0.008010734984990258 0
0.03462500000000104 0.0006495190528263235 0
0.008506333997217589 0.009106687086733262 0
0.03675000000000407 0.007794228634044577 0
0.01225000000000115 0.003031088913246015 0
0.01212500000000102 0.002814582562299904 0
0.01187500000000103 0.00281458256230018 0
0.01237500000000112 0.002814582562299698 0
0.01250000000000119 0.002598076211353403 0
0.01200000000000094 0.002598076211353572 0
0.03612500000000236 0.004979646071745497 0
0.03237500000000053 0.001948557158502105 0
0.0322500000000004 0.001732050807556105 0
0.03262500000000055 0.001948557158501982 0
0.005125000000003797 0.008010734985005572 0
0.005375000000003811 0.008010734985005406 0
0.005500000000003681 0.007794228634059186 0
0.005625000000003828 0.008010734985005236 0
0.005750000000003681 0.007794228634059092 0
0.005500000000003995 0.008227241335951421 0
0.005750000000003967 0.008227241335951273 0
0.03712500000000167 0.003680607966068252 0
0.03512500000000311 0.006711696879314857 0
0.02999999999999992 0.0008660254037729034 0
0.0298749999999998 0.0006495190528278344 0
0.02962499999999905 0.0006495190528294902 0
0.03012499999999981 0.0006495190528272819 0
0.0297499999999989 0.0004330127018866209 0
0.01100000000000029 0.001299038105677133 0
0.01112500000000041 0.001515544456623166 0
0.01137500000000039 0.001515544456623035 0
0.01087500000000039 0.001515544456623242 0
0.01125000000000056 0.001732050807569053 0
0.007625000000000102 0.0006495190528399905 0
0.00749999999999992 0.0004330127018940793 0
0.007249999999999888 0.0004330127018943438 0
0.007374999999999875 0.0002165063509474872 0
0.007750000000000238 0.0004330127018930124 0
0.008000000000000123 0.0004330127018934106 0
0.007875000000000063 0.0002165063509463579 0
0.007125000000000017 0.000649519052840164 0
0.003000000000002036 0.004330127018922704 0
0.008125000000001596 0.003680607966086517 0
0.008250000000001046 0.003897114317031214 0
0.03537500000000424 0.00801073498499142 0
0.01125000000000284 0.006062177826487824 0
0.01112500000000293 0.006278684177433991 0
0.01137500000000294 0.006278684177434287 0
0.01087500000000294 0.006278684177434104 0
0.01100000000000304 0.006495190528380779 0
0.01075000000000304 0.006495190528380575 0
0.00950000000000442 0.00822724133595285 0
0.009375000000004253 0.008010734985006826 0
0.009125000000004267 0.008010734985007003 0
0.009625000000004248 0.008010734985006644 0
0.009500000000004071 0.007794228634060631 0
0.009750000000004075 0.007794228634060444 0
0.009625000000003906 0.007577722283114418 0
0.009875000000003889 0.007577722283114203 0
0.01000000000000407 0.007794228634060251 0
0.009375000000003814 0.007577722283114407 0
0.01012500000000391 0.007577722283114048 0
0.01025000000000407 0.007794228634060051 0
0.01037500000000389 0.007577722283113833 0
0.01050000000000408 0.007794228634059834 0
0.01037500000000425 0.008010734985006072 0
0.01062500000000426 0.008010734985005869 0
0.01075000000000407 0.007794228634059613 0
0.01087500000000426 0.008010734985005648 0
0.01100000000000407 0.007794228634059388 0
0.01112500000000427 0.008010734985005371 0
0.01125000000000407 0.007794228634059179 0
0.01137500000000426 0.008010734985005217 0
0.01150000000000408 0.007794228634058981 0
0.01112500000000382 0.00757772228311317 0
0.01162500000000426 0.008010734985005041 0
0.01175000000000406 0.007794228634058773 0
0.01187500000000426 0.008010734985004729 0
0.01200000000000404 0.007794228634058547 0
0.01212500000000426 0.008010734985004538 0
0.01225000000000405 0.007794228634058297 0
0.01237500000000426 0.008010734985004306 0
0.01250000000000406 0.0077942286340581 0
0.01262500000000426 0.00801073498500415 0
0.01275000000000406 0.007794228634057929 0
0.01237500000000384 0.007577722283112216 0
0.01287500000000426 0.008010734985004025 0
0.01300000000000406 0.007794228634057671 0
0.01312500000000425 0.008010734985003834 0
0.01325000000000399 0.007794228634057446 0
0.01337500000000425 0.008010734985003536 0
0.01350000000000405 0.007794228634057184 0
0.01312500000000372 0.00757772228311158 0
0.01362500000000425 0.008010734985003237 0
0.01375000000000411 0.007794228634056963 0
0.01387500000000426 0.008010734985003175 0
0.01400000000000398 0.00779422863405679 0
0.01387500000000376 0.007577722283110932 0
0.01412500000000424 0.008010734985003039 0
0.01425000000000396 0.007794228634056676 0
0.01437500000000424 0.00801073498500288 0
0.01450000000000405 0.007794228634056444 0
0.01462500000000425 0.008010734985002689 0
0.01475000000000396 0.007794228634056214 0
0.01462500000000366 0.007577722283110456 0
0.01487500000000423 0.0080107349850025 0
0.01500000000000389 0.007794228634056101 0
0.01512500000000422 0.008010734985002328 0
0.01525000000000401 0.007794228634055891 0
0.01537500000000423 0.00801073498500215 0
0.01550000000000414 0.007794228634055746 0
0.01562500000000426 0.008010734985001969 0
0.01575000000000417 0.007794228634055426 0
0.01587500000000426 0.00801073498500177 0
0.01600000000000408 0.007794228634055295 0
0.01612500000000424 0.008010734985001421 0
0.01625000000000406 0.007794228634054963 0
0.01587500000000396 0.007577722283109544 0
0.01637500000000423 0.008010734985001046 0
0.01650000000000405 0.007794228634054802 0
0.01662500000000423 0.008010734985000819 0
0.01675000000000405 0.00779422863405464 0
0.01687500000000423 0.008010734985000491 0
0.01700000000000405 0.007794228634054341 0
0.0166250000000038 0.007577722283109041 0
0.01712500000000423 0.008010734985000394 0
0.01725000000000405 0.007794228634054198 0
0.01737500000000423 0.008010734985000528 0
0.01750000000000405 0.0077942286340541 0
0.01762500000000423 0.008010734985000257 0
0.01775000000000405 0.007794228634053732 0
0.01737500000000395 0.007577722283108592 0
0.01787500000000422 0.008010734984999865 0
0.01800000000000405 0.00779422863405341 0
0.01812500000000423 0.008010734984999948 0
0.01825000000000419 0.007794228634053566 0
0.01837500000000426 0.008010734984999853 0
0.01850000000000422 0.007794228634053259 0
0.01862500000000424 0.008010734984999176 0
0.01875000000000403 0.007794228634053054 0
0.01887500000000423 0.00801073498499889 0
0.01900000000000398 0.007794228634052904 0
0.01862500000000408 0.007577722283107575 0
0.01912500000000421 0.008010734984998862 0
0.01925000000000397 0.007794228634052739 0
0.01937500000000421 0.008010734984999074 0
0.01950000000000415 0.00779422863405266 0
0.01962500000000424 0.008010734984998961 0
0.01975000000000423 0.007794228634052316 0
0.01987500000000423 0.008010734984998163 0
0.02000000000000408 0.007794228634052124 0
0.02012500000000423 0.00801073498499791 0
0.02025000000000423 0.007794228634052018 0
0.01987500000000422 0.007577722283106754 0
0.02037500000000425 0.008010734984997912 0
0.02050000000000425 0.007794228634051645 0
0.02062500000000426 0.008010734984997714 0
0.02075000000000388 0.007794228634051434 0
0.0208750000000042 0.00801073498499732 0
0.02100000000000403 0.007794228634051108 0
0.02062500000000377 0.007577722283105929 0
0.02112500000000421 0.008010734984997273 0
0.02125000000000422 0.007794228634050994 0
0.02137500000000425 0.008010734984997112 0
0.02150000000000407 0.007794228634050958 0
0.02162500000000423 0.008010734984996739 0
0.02175000000000425 0.007794228634050869 0
0.02137500000000405 0.007577722283105534 0
0.02187500000000425 0.008010734984996746 0
0.02200000000000428 0.007794228634050469 0
0.02212500000000426 0.008010734984997017 0
0.02225000000000408 0.007794228634050465 0
0.02237500000000423 0.008010734984996711 0
0.02250000000000404 0.007794228634050009 0
0.02212500000000407 0.007577722283105012 0
0.02262500000000421 0.008010734984996206 0
0.02275000000000403 0.007794228634049962 0
0.02287500000000421 0.00801073498499648 0
0.02300000000000399 0.007794228634049876 0
0.0231250000000042 0.008010734984996149 0
0.02325000000000401 0.00779422863404948 0
0.0228750000000038 0.007577722283104812 0
0.0233750000000042 0.008010734984995375 0
0.02350000000000402 0.007794228634049342 0
0.02362500000000421 0.008010734984995082 0
0.02375000000000402 0.007794228634049168 0
0.02387500000000421 0.008010734984994879 0
0.02400000000000427 0.007794228634049105 0
0.02362500000000359 0.00757772228310414 0
0.02412500000000425 0.0080107349849852 0
0.02425000000000431 0.007794228634047044 0
0.02437500000000426 0.008010734984983104 0
0.02450000000000408 0.007794228634046385 0
0.02462500000000423 0.008010734984992 0
0.02475000000000404 0.007794228634047908 0
0.02437500000000411 0.007577722283102694 0
0.02487500000000422 0.008010734984377392 0
0.02500000000000403 0.007794228633945268 0
0.02512500000000421 0.008010734984258311 0
0.02525000000000373 0.007794228633908042 0
0.02537500000000416 0.008010734984848313 0
0.02550000000000395 0.007794228634000188 0
0.02512500000000363 0.007577722283081506 0
0.02562500000000419 0.008010734946000866 0
0.02575000000000428 0.007794228627540664 0
0.02587500000000425 0.008010734938449563 0
0.02600000000000408 0.007794228625205576 0
0.02612500000000423 0.008010734975762081 0
0.02625000000000399 0.007794228631035332 0
0.02587500000000399 0.007577722281796404 0
0.02637500000000421 0.008010732849409247 0
0.02650000000000397 0.007794228277614675 0
0.02662500000000421 0.008010732436113506 0
0.02675000000000401 0.007794228149828487 0
0.02687500000000421 0.008010730148111586 0
0.02700000000000401 0.007794227747196992 0
0.02712500000000422 0.008010729699672524 0
0.02725000000000401 0.007794227605351733 0
0.02737500000000421 0.008010733932656474 0
0.02750000000000401 0.007794228287207642 0
0.02762500000000421 0.00801073475179705 0
0.02775000000000401 0.007794228537373604 0
0.02787500000000421 0.008010734930014321 0
0.02800000000000401 0.007794228608771043 0
0.0276250000000041 0.007577722209182741 0
0.02812500000000421 0.008010734971614634 0
0.02825000000000401 0.007794228627603438 0
0.02837500000000422 0.00801073498168659 0
0.02850000000000402 0.007794228632420699 0
0.02862500000000423 0.008010734984169168 0
0.02875000000000397 0.007794228633637583 0
0.02837500000000345 0.007577722281756153 0
0.02887500000000416 0.008010734984779404 0
0.02900000000000392 0.00779422863394193 0
0.0291250000000041 0.008010734984848188 0
0.02925000000000394 0.007794228634003982 0
0.02937500000000292 0.008010734983509467 0
0.02950000000000377 0.007794228633791068 0
0.02962500000000269 0.008010734983250733 0
0.02975000000000409 0.007794228633712069 0
0.02987499999998385 0.008010734961678222 0
0.03000000000000101 0.007794228630102862 0
0.0301249999999802 0.0080107349574802 0
0.03024999999999908 0.007794228628801501 0
0.0303749999999994 0.008010734979531337 0
0.03050000000000236 0.007794228632259861 0
0.03012500000000328 0.007577722282539613 0
0.03062499999875646 0.008010733725912943 0
0.03074999999979616 0.007794228423899431 0
0.03087499999851494 0.008010733482248678 0
0.0309999999997211 0.007794228348562058 0
0.03112499999970885 0.008010734686952363 0
0.03124999999990801 0.007794228536789863 0
0.03087499999996243 0.00757772224095219 0
0.03137499994993861 0.008010732752562363 0
0.03149999999164416 0.007794228245762173 0
0.03162499994026627 0.008010732381658243 0
0.03174999998865433 0.007794228135440298 0
0.03187499998815627 0.008010734467998833 0
0.03199999999613813 0.007794228464776862 0
0.03162499999832821 0.007577722207681281 0
0.03212499553738474 0.008010730181329964 0
0.0322499992555902 0.007794227805220786 0
0.02550000000000437 0.008227241231565896 0
0.01900000000000439 0.008227241335945591 0
0.03024999999949848 0.008227240765825648 0
0.0202500000000044 0.008227241335944675 0
0.03237498794024766 0.008010709529438791 0
0.03249999113405795 0.007794204425792581 0
0.03237499839827705 0.007577718110251451 0
0.03274999190696609 0.007794202011310273 0
0.03287500000000408 0.00757772228310056 0
0.02100000000000439 0.008227241335944119 0
0.02250000000000438 0.008227241335943226 0
0.03099999996988391 0.008227216562444215 0
0.0177500000000044 0.008227241335946609 0
0.02325000000000437 0.008227241335942687 0
0.02400000000000439 0.008227241335916079 0
0.02175000000000439 0.008227241335943592 0
0.0170000000000044 0.008227241335947034 0
0.01625000000000441 0.008227241335947676 0
0.03174999971766328 0.008227238434325251 0
0.01200000000000443 0.008227241335950895 0
0.02475000000000439 0.008227241334296382 0
0.01125000000000444 0.008227241335951447 0
0.02625000000000439 0.008227235315802418 0
0.02862500000000249 0.005412658773641283 0
0.02850000000000239 0.005196152422695234 0
0.0287500000000024 0.005196152422695128 0
0.02825000000000241 0.005196152422695327 0
0.02837500000000228 0.004979646071749166 0
0.002125000000001882 0.00454663336986923 0
0.03825000000000439 0.008227241335936095 0
0.007375000000002281 0.004979646071759007 0
0.007125000000002308 0.004979646071759103 0
0.009000000000001205 0.003031088913248072 0
0.00887500000000109 0.00281458256230193 0
0.008625000000001083 0.002814582562301942 0
0.00912500000000115 0.002814582562301752 0
0.009250000000001033 0.002598076211355241 0
0.008750000000000974 0.002598076211355457 0
0.01062500000000003 0.0006495190528389271 0
0.01074999999999999 0.0004330127018926343 0
0.01099999999999999 0.0004330127018925068 0
0.01049999999999997 0.0004330127018927314 0
0.01037499999999997 0.0002165063509464498 0
0.01024999999999998 0.000433012701892806 0
0.00337500000000359 0.00757772228311414 0
0.03799999840712563 0.007361214422855524 0
0.03812499892871527 0.007577721268022141 0
0.03799999982145602 0.007794228464864727 0
0.03812499997024626 0.008010734956793521 0
0.03837499901564695 0.007577721350392108 0
0.02800000000000438 0.008227241324543638 0
0.01187500000000163 0.003680607966084622 0
0.0004654223843588157 0.008235560066740632 0
0.008125000000000623 0.001948557158516607 0
0.008250000000000507 0.001732050807570411 0
0.02837770581656626 0.008875198184831292 0
0.02850315678599331 0.009091444168469704 0
0.02875052613100298 0.009092962977838445 0
0.02861981452502214 0.009313280088019592 0
0.02836655461059903 0.009302695069902037 0
0.02887422344267425 0.0093103069632486 0
0.02874320703347226 0.009530814306143623 0
0.02900000000000492 0.009093266739725738 0
0.02912487057378326 0.00930986206943455 0
0.01075000000000028 0.001299038105677215 0
0.01062500000000033 0.001515544456623339 0
0.01037500000000033 0.001515544456623392 0
0.01050000000000042 0.001732050807569392 0
0.005125000000001885 0.004113620667975688 0
0.03650000000000121 0.003031088913230139 0
0.03712500000000023 0.001515544456606973 0
0.03012500000000027 0.001515544456611185 0
0.03025000000000039 0.001732050807557214 0
0.008500000000000325 0.00129903810567815 0
0.008625000000003149 0.006711696879330094 0
0.0388750000000045 0.008443747686881954 0
0.02850000000000437 0.008227241335214946 0
0.005750000000000529 0.00173205080757177 0
0.009250000000000307 0.001299038105677815 0
0.009125000000000383 0.001515544456623972 0
0.008875000000000417 0.001515544456624076 0
0.00937500000000039 0.001515544456623829 0
0.009000000000000494 0.001732050807570126 0
0.003000000000003347 0.006928203230276089 0
0.03137500000000155 0.003680607966071765 0
0.03262500000000228 0.004979646071747299 0
0.03287500000000231 0.004979646071747213 0
0.03300000000000242 0.005196152422693352 0
0.03312500000000229 0.004979646071747027 0
0.0332500000000024 0.005196152422693214 0
0.03300000000000213 0.004763139720800966 0
0.03737499999999996 0.0002165063509449016 0
0.0356250000000024 0.005412658773637914 0
0.03537500000000239 0.005412658773638183 0
0.03500000000000123 0.00303108891323147 0
0.03537500000000114 0.002814582562284912 0
0.02600000000000113 0.003031088913237088 0
0.025875000000001 0.002814582562291009 0
0.02612500000000103 0.002814582562290828 0
0.02625000000000104 0.002598076211344575 0
0.02562500000000099 0.002814582562291057 0
0.03562500000000001 0.0002165063509452798 0
0.03387500000000306 0.00671169687931556 0
0.03400000000000294 0.006495190528369403 0
0.03425000000000299 0.006495190528369343 0
0.03375000000000294 0.006495190528369552 0
0.03200000000000214 0.004763139720801396 0
0.006875000000003847 0.008876962862460085 0
0.03237500000000305 0.006711696879316461 0
0.03225000000000294 0.006495190528370439 0
0.03200000000000293 0.006495190528370569 0
0.03100000000000275 0.006062177826478709 0
0.03087500000000283 0.006278684177424863 0
0.03062500000000283 0.006278684177424958 0
0.03075000000000294 0.006495190528371103 0
0.03050000000000294 0.006495190528371178 0
0.03100000000000296 0.006495190528371062 0
0.00312500000000393 0.008443747686898803 0
0.0117500000000003 0.001299038105676797 0
0.01162500000000041 0.001515544456622905 0
0.02812500000000229 0.004979646071749266 0
0.0280000000000024 0.005196152422695431 0
0.002250000000001369 0.002165063509461774 0
0.0348750000000002 0.001515544456608544 0
0.03475000000000034 0.001732050807554696 0
0.005500000000000073 0.0008660254037874023 0
0.002750000000001151 0.001299038105677309 0
0.01037500000000158 0.003680607966085179 0
0.01050000000000105 0.003897114317029971 0
0.01012500000000163 0.003680607966085433 0
0.009750000000004411 0.008227241335952666 0
0.008624999999999987 0.0006495190528397737 0
0.008749999999999881 0.0004330127018933472 0
0.0089999999999999 0.0004330127018933733 0
0.008874999999999883 0.000216506350946789 0
0.009250000000000078 0.0004330127018926915 0
0.009375000000000031 0.0002165063509461948 0
0.00950000000000013 0.0004330127018924868 0
0.009625000000000241 0.0006495190528386851 0
0.008499999999999994 0.0004330127018931824 0
0.009750000000000106 0.0004330127018925935 0
0.0288750000000025 0.005412658773641184 0
0.02900000000000243 0.005196152422695023 0
0.02925000000000243 0.005196152422694932 0
0.02912500000000235 0.004979646071748863 0
0.02887500000000228 0.004979646071748955 0
0.03312500000000103 0.002814582562286121 0
0.03037500000000282 0.006278684177425082 0
0.03025000000000293 0.006495190528371286 0
0.03012500000000283 0.006278684177425182 0
0.03000000000000294 0.006495190528371474 0
0.02987500000000284 0.006278684177425302 0
0.02975000000000294 0.006495190528371629 0
0.02962500000000282 0.006278684177425399 0
0.02950000000000294 0.006495190528371768 0
0.02937500000000283 0.006278684177425524 0
0.02925000000000294 0.006495190528371903 0
0.02912500000000283 0.006278684177425638 0
0.02900000000000294 0.00649519052837203 0
0.02887500000000283 0.00627868417742576 0
0.02875000000000294 0.006495190528372119 0
0.02862500000000284 0.006278684177425851 0
0.02850000000000293 0.006495190528372039 0
0.02837500000000284 0.006278684177425945 0
0.02825000000000293 0.006495190528372158 0
0.02812500000000284 0.006278684177426058 0
0.0280000000000029 0.006495190528372295 0
0.02787500000000301 0.006711696879318627 0
0.0277500000000029 0.006495190528372363 0
0.02787500000000284 0.006278684177426161 0
0.02762500000000283 0.00627868417742625 0
0.02750000000000291 0.006495190528372475 0
0.02737500000000282 0.006278684177426326 0
0.02725000000000295 0.006495190528372604 0
0.02750000000000277 0.006062177826480158 0
0.03000000000000276 0.006062177826479116 0
0.03074999999999991 0.0008660254037725348 0
0.03062499999999979 0.0006495190528264909 0
0.03087500000000046 0.0006495190528288744 0
0.02950000000000352 0.00736121593215607 0
0.03050000000000112 0.003031088913234038 0
0.03037500000000097 0.002814582562288015 0
0.03012500000000097 0.002814582562288202 0
0.03025000000000087 0.002598076211341877 0
0.03062500000000101 0.002814582562287719 0
0.01050000000000126 0.003031088913246967 0
0.01037500000000107 0.002814582562300945 0
0.01012500000000105 0.002814582562301279 0
0.01025000000000096 0.002598076211354573 0
0.01062500000000128 0.002814582562300095 0
0.01087500000000122 0.002814582562300327 0
0.03037500000000249 0.005412658773640594 0
0.03025000000000237 0.005196152422694533 0
0.03000000000000237 0.005196152422694666 0
0.03012500000000224 0.004979646071748472 0
0.02987500000000225 0.004979646071748611 0
0.03050000000000238 0.005196152422694422 0
0.0307500000000024 0.005196152422694341 0
0.0306250000000023 0.004979646071748251 0
0.03087500000000228 0.004979646071748144 0
0.03037500000000225 0.004979646071748348 0
0.0310000000000024 0.005196152422694251 0
0.03112500000000228 0.004979646071748069 0
0.003375000000001446 0.002381569860407517 0
0.003625000000001367 0.002381569860407477 0
0.03037500000000158 0.003680607966072438 0
0.01200000000000285 0.006062177826487481 0
0.01187500000000295 0.006278684177433659 0
0.01212500000000298 0.006278684177433534 0
0.01237500000000293 0.006278684177433413 0
0.01225000000000307 0.006495190528380251 0
0.01250000000000301 0.006495190528380693 0
0.01200000000000307 0.006495190528380506 0
0.01175000000000306 0.006495190528380814 0
0.004000000000000701 0.0008660254037853041 0
0.01250000000000446 0.008227241335950413 0
0.004250000000003279 0.006495190528383066 0
0.00362500000000273 0.005845671475545128 0
0.002250000000002111 0.004763139720815396 0
0.004875000000003125 0.006711696879329022 0
0.01087500000000255 0.005412658773649666 0
0.01100000000000245 0.005196152422703491 0
0.01075000000000242 0.005196152422703566 0
0.01125000000000245 0.005196152422703385 0
0.01112500000000231 0.004979646071757287 0
0.01137500000000232 0.004979646071757176 0
0.03750000000000199 0.004330127018906452 0
0.004875000000001621 0.002381569860408083 0
0.03587500000000338 0.006711696879314495 0
0.004250000000002328 0.005196152422706648 0
0.009625000000000605 0.001948557158515827 0
0.01325000000000284 0.006062177826486921 0
0.01337500000000293 0.006278684177433356 0
0.01312500000000284 0.00627868417743426 0
0.01362500000000294 0.006278684177432919 0
0.01350000000000353 0.006495190528380147 0
0.01375000000000332 0.006495190528379859 0
0.008125000000002566 0.005412658773650927 0
0.00825000000000249 0.005196152422704733 0
0.008500000000002492 0.005196152422704626 0
0.008375000000002398 0.00497964607175855 0
0.01187500000000254 0.005412658773649204 0
0.01175000000000244 0.005196152422703137 0
0.01200000000000243 0.005196152422703026 0
0.01187500000000231 0.004979646071756951 0
0.01212500000000231 0.004979646071756832 0
0.01225000000000219 0.004763139720810627 0
0.01237500000000232 0.004979646071756684 0
0.01225000000000243 0.005196152422702895 0
0.01250000000000243 0.005196152422702745 0
0.01262500000000255 0.005412658773648811 0
0.01275000000000243 0.005196152422702643 0
0.02937500000000026 0.001515544456611546 0
0.02950000000000038 0.001732050807557598 0
0.02975000000000038 0.001732050807557479 0
0.01425000000000284 0.006062177826486463 0
0.01412500000000294 0.006278684177432636 0
0.01437500000000295 0.006278684177432515 0
0.01462500000000295 0.006278684177432389 0
0.01450000000000305 0.006495190528379168 0
0.01475000000000305 0.006495190528379233 0
0.01425000000000304 0.006495190528379404 0
0.01400000000000311 0.006495190528379715 0
0.02612500000000249 0.005412658773642401 0
0.0260000000000024 0.005196152422696354 0
0.02625000000000239 0.005196152422696256 0
0.02575000000000239 0.005196152422696464 0
0.02587500000000227 0.004979646071750318 0
0.00362500000000068 0.001515544456622997 0
0.005625000000001703 0.003680607966083112 0
0.03300000000000089 0.002598076211340072 0
0.00912597195075286 0.008877549802075621 0
0.01162500000000384 0.007577722283112779 0
0.0363750000000016 0.003680607966068639 0
0.01212500000000254 0.00541265877364908 0
0.02899871684165694 0.009531661655443299 0
0.02924976456924196 0.009532250785327424 0
0.02937493919050756 0.00931078314441703 0
0.02949995062662678 0.009532548139519734 0
0.02962498163619241 0.009310986215946074 0
0.02974998871047172 0.009532631543806548 0
0.02987499505778072 0.009311033961915299 0
0.02999999729471067 0.009532607748801224 0
0.03012499872541858 0.009311037953742522 0
0.03024999933669103 0.009532067564507685 0
0.03037499967702162 0.009310948588331359 0
0.03050024189027026 0.009527859295990784 0
0.03062502875801477 0.009310101108770202 0
0.03075030774557656 0.009531574916416501 0
0.03086447164149075 0.009304599408792719 0
0.0307482500665875 0.009092459129094944 0
0.03101321222611994 0.009506248480852828 0
0.03037528225914267 0.009762524919733976 0
0.03112499999999999 0.009746007095145493 0
0.02987499766753077 0.009767559322032878 0
0.02937495253264516 0.009767485927406141 0
0.02887365397918931 0.009762530518967048 0
0.02861794047274446 0.009768867381185327 0
0.0284900943261638 0.009531990196672235 0
0.02822658624581997 0.009552691022939914 0
0.02812365718373507 0.009285816123718368 0
0.02797342496637614 0.009476154352346401 0
0.02787949163497304 0.009240628030633236 0
0.02772708330618911 0.009422595319602257 0
0.02763263871432375 0.009200807201738392 0
0.02747809050885174 0.009382110603788114 0
0.02801617370103233 0.009726160325078281 0
0.0273864314264021 0.009156315745085419 0
0.02722289982250505 0.009351165833795711 0
0.02715607443081955 0.009113434986480817 0
0.02698531549356878 0.009312856420620522 0
0.02730827642466457 0.009578189179402688 0
0.03062515923204337 0.009765349065889533 0
0.03024999973358019 0.009093673271614925 0
0.03098783809919081 0.009086291065809743 0
0.02974999611565533 0.009093679060729019 0
0.03849999999999983 0.001299038105660068 0
0.008875000000002561 0.005412658773650615 0
0.009000000000002457 0.005196152422704408 0
0.009250000000002458 0.005196152422704314 0
0.00912500000000236 0.004979646071758222 0
0.008875000000002351 0.004979646071758327 0
0.009375000000002369 0.004979646071758135 0
0.009500000000002447 0.005196152422704216 0
0.009625000000002347 0.004979646071758004 0
0.009750000000002215 0.004763139720811799 0
0.009875000000002326 0.004979646071757855 0
0.009250000000002194 0.004763139720811999 0
0.03024999999999992 0.0008660254037728844 0
0.02625000000000112 0.003031088913236904 0
0.01400000000000442 0.008227241335949537 0
0.007625000000004784 0.008443747686899606 0
0.02962499935258731 0.008876829078932634 0
0.02825000000000114 0.003031088913235603 0
0.02812500000000101 0.002814582562289519 0
0.027875000000001 0.002814582562289588 0
0.02837500000000102 0.002814582562289252 0
0.02862500000000102 0.002814582562289048 0
0.03237635989320554 0.008857100637205019 0
0.0273750000000025 0.005412658773641828 0
0.0272500000000024 0.00519615242269578 0
0.02700000000000238 0.005196152422695906 0
0.0275000000000024 0.005196152422695669 0
0.03212500000000158 0.003680607966071215 0
0.03225000000000173 0.00389711431701722 0
0.03187500000000157 0.0036806079660714 0
0.02937500000000232 0.00497964607174875 0
0.002875314873450573 0.008875926516369308 0
0.009250000000001224 0.003031088913247912 0
0.00887500000000181 0.004113620667974428 0
0.008750000000000991 0.003897114317030089 0
0.03075000000000213 0.004763139720802023 0
0.01012500000000424 0.008010734985006263 0
0.009124999999999999 0.0006495190528395438 0
0.011625 0.0006495190528385143 0
0.01174999999999996 0.0004330127018923064 0
0.01199999999999998 0.0004330127018922422 0
0.01149999999999998 0.0004330127018923931 0
0.002375000000001647 0.002814582562300121 0
0.03337500082891748 0.008010715194892392 0
0.02487500000000159 0.003680607966076192 0
0.02987500000000156 0.003680607966072715 0
0.03000000000000169 0.003897114317018488 0
0.03162500000000182 0.004113620667963244 0
0.03175000000000093 0.002598076211340795 0
0.03187500000000102 0.00281458256228684 0
0.03162500000000103 0.002814582562287007 0
0.03200000000000112 0.003031088913232964 0
0.02099999999999994 0.00086602540377751 0
0.02087499999999982 0.0006495190528314652 0
0.02062499999999982 0.0006495190528315996 0
0.02112499999999982 0.0006495190528313316 0
0.02137499999999982 0.0006495190528312033 0
0.0352500000000021 0.004763139720799783 0
0.03450000000000283 0.006062177826477238 0
0.0348750000000031 0.006711696879315063 0
0.02725000000000439 0.008227214375044319 0
0.01100000000000218 0.004763139720811171 0
0.01087500000000229 0.004979646071757364 0
0.01062500000000228 0.004979646071757469 0
0.01050000000000243 0.005196152422703685 0
0.01037500000000231 0.004979646071757597 0
0.01337500000000162 0.003680607966083602 0
0.004875000000003356 0.007144709581221208 0
0.01125000000000103 0.002598076211353521 0
0.01137500000000112 0.002814582562299684 0
0.009875000000000592 0.001948557158515665 0
0.01000000000000046 0.00173205080756954 0
0.009750000000000484 0.001732050807569674 0
0.02574999999999993 0.0008660254037750736 0
0.02562499999999981 0.0006495190528297955 0
0.02537500000000049 0.0006495190528296758 0
0.02587500000000052 0.0006495190528301963 0
0.02550000000000055 0.0004330127018859296 0
0.03775000000000228 0.004763139720798499 0
0.006000000000002862 0.006062177826490073 0
0.006125000000002941 0.006278684177436142 0
0.01425000000000118 0.0030310889132447 0
0.01437500000000105 0.002814582562298315 0
0.01462500000000107 0.002814582562298225 0
0.01412500000000107 0.002814582562298319 0
0.01450000000000093 0.002598076211351955 0
0.01487500000000111 0.002814582562297563 0
0.01062500000000294 0.006278684177434265 0
0.01050000000000304 0.006495190528380643 0
0.01037500000000294 0.006278684177434385 0
0.01025000000000304 0.00649519052838118 0
0.008500000000000962 0.002598076211355428 0
0.03087500000000026 0.001515544456610804 0
0.03100000000000039 0.001732050807556842 0
0.01362500000000485 0.008876760388788459 0
0.01350000000000498 0.009093266739734641 0
0.01325000000000497 0.009093266739734797 0
0.01337500000000511 0.00930977309068083 0
0.01312500000000511 0.009309773090680991 0
0.01362500000000512 0.009309773090680675 0
0.01350000000000524 0.009526279441626862 0
0.01300000000000497 0.009093266739734963 0
0.01287500000000511 0.009309773090681145 0
0.01375000000000465 0.009530756382758993 0
0.01387500000000502 0.009310519247535912 0
0.01400000000000453 0.009531626899090127 0
0.01412500000000499 0.009310788693066886 0
0.014250242054653 0.009527759202549824 0
0.01437504034244639 0.009310188984565248 0
0.0145003097037122 0.009531572880147176 0
0.01462505834102983 0.00931072464608112 0
0.01450001644724932 0.009093494647948407 0
0.01475008192367051 0.009532415402814472 0
0.01487502337745346 0.009310954343444901 0
0.01500001755018928 0.009532558455562083 0
0.01512500682127718 0.009311016468463365 0
0.01525000406191391 0.009532055768092804 0
0.01537500181386856 0.009310943041388126 0
0.01550024303394849 0.009527856405436762 0
0.01562502914855353 0.009310100104312897 0
0.01575030800127938 0.009531528613871375 0
0.01587505619164221 0.009310702454992699 0
0.01575001422336923 0.00909347613605781 0
0.01600008128170139 0.009531821789441973 0
0.01612502291222732 0.009310851709367686 0
0.01625025942030619 0.009527802186991322 0
0.01637504705542564 0.009310206651354999 0
0.01650031371681768 0.009531537335303963 0
0.01662506012871061 0.009310721666404915 0
0.016500017864026 0.009093497095799987 0
0.01675008289046917 0.009531826444915912 0
0.01687502383653335 0.009310855687181811 0
0.01700025984248516 0.009527803625872435 0
0.0171250472798398 0.009310207554137301 0
0.01725031382458321 0.009531537725581006 0
0.01737506018407389 0.009310721881914565 0
0.01725001791065557 0.009093497282181739 0
0.01750008291765731 0.009531826545880162 0
0.01762502385029191 0.009310855739927227 0
0.01775025984930961 0.009527803651490484 0
0.0178750472832703 0.009310207567197644 0
0.0180003138262923 0.009531583385408472 0
0.01812506018493048 0.009310729494062224 0
0.01800001791137006 0.009093498553049431 0
0.01825008291808396 0.009532417961687327 0
0.01837502385050579 0.009310955577919382 0
0.0185000177947669 0.009532559087785757 0
0.01862500694088216 0.009311016779578638 0
0.018750004122611 0.009532055925315039 0
0.01887500184391891 0.009310943119443313 0
0.01900024304907307 0.009527856444648588 0
0.01912502915393149 0.009310100118272005 0
0.01925030800469641 0.009531574276113562 0
0.01937505619310803 0.0093107100676918 0
0.01925001422450988 0.009093477407166387 0
0.01950008128251424 0.009532413205742787 0
0.0196250229126071 0.009310951547533227 0
0.0197500173658555 0.009532557623396991 0
0.01987500671308048 0.009311015863782317 0
0.02000000401315882 0.009532055528617193 0
0.02012500178770994 0.00931094290069379 0
0.02025024302146288 0.009527856342073643 0
0.02037502914395302 0.009310100080018643 0
0.02050030799843171 0.009531528599260604 0
0.02062505619040084 0.009310702448507024 0
0.0205000142223956 0.009093476130926408 0
0.02075008128101988 0.009531821785924648 0
0.02087502291190683 0.009310851707699018 0
0.02100025942013921 0.009527802186125532 0
0.02112504705534439 0.009310206650931087 0
0.02125031371677626 0.009531582988469067 0
0.02137506012869015 0.009310729275193608 0
0.02125001786400904 0.009093498363859349 0
0.0215000828904579 0.009532417859051841 0
0.02162502383652805 0.009310955524334408 0
0.02175001778783285 0.009532604715129456 0
0.02187500693739686 0.00931102437520406 0
0.02200000412087348 0.009532647332953923 0
0.02212500184304843 0.009311042953319667 0
0.02225000099398885 0.009532657532277215 0
0.02237500047284292 0.009311047749559404 0
0.02250000024447382 0.009532660031537646 0
0.02262500011955616 0.009311048965476017 0
0.0227500000606736 0.009532614997352508 0
0.02287500003004167 0.009311041662431185 0
0.02300000001512202 0.009532069390717133 0
0.02312500000753065 0.009310949510817564 0
0.02325024205842687 0.009527859754110003 0
0.02337502881737975 0.009310101273131727 0
0.02350030778349684 0.009531529366784745 0
0.02362505610014947 0.009310702775278765 0
0.02350001415292459 0.009093476384239015 0
0.0237500812301555 0.009531821968306492 0
0.02387502288838753 0.009310851792556814 0
0.02400025940774194 0.009527802230664534 0
0.02412504704935828 0.009310206672496251 0
0.02425031371371245 0.009531537346104391 0
0.02437506012718182 0.009310721671726056 0
0.02425001786275996 0.00909349710020798 0
0.02450008288969683 0.009531826447600786 0
0.02462502383614981 0.00931085568851368 0
0.02475025984229254 0.009527803626539506 0
0.02487504727974377 0.009310207554467997 0
0.02500031382453513 0.009531537725745335 0
0.02512506018404986 0.009310721881994617 0
0.02500001791063556 0.009093497282247598 0
0.02525008291764528 0.009531826545918859 0
0.0253750238502859 0.009310855739944572 0
0.02550025984930663 0.009527803651497468 0
0.0256250472832688 0.009310207567199271 0
0.02575031382629165 0.009531537732026718 0
0.02587506018493012 0.009310721885162992 0
0.02575001791136978 0.009093497284897105 0
0.02600008291808474 0.009531826547493665 0
0.02612502385050585 0.00931085574073471 0
0.02625025984941654 0.00952780365189145 0
0.02637504728332378 0.009310207567396443 0
0.02650031382631906 0.009531583385506363 0
0.02661322997688649 0.009303899320302674 0
0.02649804621003835 0.009092360190786845 0
0.02677635947158111 0.009498264310744086 0
0.01299975816286031 0.00953603753152747 0
0.01274975240483331 0.009534868281409186 0
0.01262495873414313 0.009311204563978277 0
0.01249995185649893 0.009533054625465977 0
0.01237498509844374 0.009311140866870706 0
0.0122499894924924 0.009532741733290504 0
0.01212499576515942 0.009311078101990299 0
0.01200001821156554 0.009532669079321559 0
0.01187500232945756 0.009311055532182172 0
0.01175026715511858 0.009532535085846507 0
0.01162504491409943 0.009311029438301734 0
0.01150029507453012 0.009528487084949636 0
0.01137502065043147 0.009309983488576928 0
0.01175000787392946 0.009093689871255755 0
0.01125005262082979 0.009531787580156204 0
0.01112501221188028 0.009310726180086007 0
0.01100001080545364 0.009532461444608458 0
0.01087500383622574 0.009310962272746325 0
0.01075000244028178 0.009532613104127247 0
0.010625001046088 0.009311026898109611 0
0.01050000058106352 0.009532649151607687 0
0.01037500027119533 0.009311043676917005 0
0.01025000014204503 0.009532657955989059 0
0.0101250000688768 0.009311047940781908 0
0.01000000003515552 0.009532660134030211 0
0.009875000017342119 0.009311049014433035 0
0.009750000008751493 0.009532660675978921 0
0.009626448571867816 0.009310212952854779 0
0.009496343758394683 0.009535775867780427 0
0.02612531976544425 0.009762465473425441 0
0.02537531976535269 0.009762465473097365 0
0.0246253197595256 0.00976246545255142 0
0.02387531941051027 0.009762464473356613 0
0.02312528240024054 0.009762525300456444 0
0.02087531942105387 0.009762464435536761 0
0.020125283227086 0.009762522421434014 0
0.01887528324992972 0.009762522504646265 0
0.01762531976535515 0.009762465473090485 0
0.01687531975968638 0.009762465451993505 0
0.01612531942119525 0.009762464436267736 0
0.01537528323729275 0.00976252247190759 0
0.01412528239709202 0.009762389139878187 0
0.01262481672946015 0.009763080315949409 0
0.01137530101221803 0.009762628050521579 0
0.02688747124135422 0.00976749156505851 0
0.02262500005085828 0.009767565278080478 0
0.02212500085247735 0.009767615904185262 0
0.02162503736259372 0.009767558852886575 0
0.00937074599083876 0.009765560228843024 0
0.01962503702427363 0.009767504575331827 0
0.01837503736835382 0.00976750561205411 0
0.0148750371618553 0.009767505080204866 0
0.01212502195263173 0.009767623517622989 0
0.01087500220762295 0.009767577518103332 0
0.01037500012051839 0.009767616277913501 0
0.009875000007318138 0.009767618561648856 0
0.01362500000000285 0.00976157817605422 0
0.01337496545183929 0.009762819624179341 0
0.02637516948974176 0.009765331295670067 0
0.02562516948970368 0.009765278033255199 0
0.02487516948727074 0.009765278024624333 0
0.02412516933820597 0.009765277565505898 0
0.0233751592899059 0.009765295960710194 0
0.02112516934254001 0.009765330812221543 0
0.02037515962404196 0.009765294784279784 0
0.01912515963349498 0.009765348081434434 0
0.01787516948970463 0.009765331295531303 0
0.01712516948733765 0.009765278024392983 0
0.01637516934259838 0.009765277550245682 0
0.01562515962829863 0.009765294805687819 0
0.01437515960878798 0.009765309414295683 0
0.0116251645422663 0.009765630872416935 0
0.01287453988653108 0.009770473984253205 0
0.009240980625423743 0.009552644785731462 0
0.02673260845315596 0.009083247299327798 0
0.02275000002493623 0.009093690814155675 0
0.02225000038598516 0.009093690826651157 0
0.02175000512899075 0.009093672359427925 0
0.01975000493761787 0.009093670278058004 0
0.01850000513190127 0.009093671102422209 0
0.01500000503312505 0.009093670844825194 0
0.01249999063876776 0.009093733281316303 0
0.01425000946495256 0.009093543307148511 0
0.02624968622398046 0.009093368172073322 0
0.02637462207233965 0.008876617498561647 0
0.02475001483775731 0.009093558007010229 0
0.02487500545806866 0.008876847355152054 0
0.01950001637797543 0.009093721679669934 0
0.025250016990831 0.009093643731955498 0
0.02550001767262754 0.00909362084530246 0
0.0256250059306694 0.008876857706026618 0
0.005625000000000656 0.001948557158517968 0
0.03850000000000141 0.003031088913228921 0
0.03825000000000142 0.003031088913229104 0
0.03800000000000141 0.003031088913229273 0
0.03337500000000177 0.004113620667962369 0
0.002500000000002715 0.006062177826491918 0
0.01600001555454224 0.00909363630295428 0
0.01625001723103849 0.009093618756175176 0
0.0163750058491806 0.00887685745087172 0
0.00962500000000192 0.004113620667973905 0
0.0095000000000025 0.003897114317029139 0
0.009875000000001863 0.004113620667973697 0
0.00100016353211313 0.006495096113076981 0
0.008500000000001191 0.003031088913248293 0
0.008375000000001045 0.002814582562301929 0
0.008125000000001038 0.002814582562301657 0
0.009125000000002255 0.004113620667974455 0
0.004375000000001322 0.002814582562299254 0
0.002625000000002219 0.004979646071761228 0
0.0106250000000049 0.008876760388790369 0
0.0117500000000022 0.004763139720810858 0
0.01037500000000004 0.0006495190528389679 0
0.006625000000003283 0.007144709581220392 0
0.006875000000003285 0.00714470958122028 0
0.03400000000000279 0.006062177826477465 0
0.02874999999999994 0.0008660254037736858 0
0.02862499999999984 0.0006495190528274866 0
0.02837499999999984 0.000649519052827602 0
0.03174999999999989 0.0008660254037720101 0
0.03187500000000068 0.0006495190528263591 0
0.03212499999999992 0.0006495190528268292 0
0.03162499999999999 0.0006495190528291398 0
0.03200000000000082 0.0004330127018836397 0
0.01337500000000031 0.001515544456619823 0
0.01350000000000051 0.001732050807566033 0
0.01362500000000085 0.001948557158512181 0
0.03187500000000053 0.001948557158502404 0
0.02200000238257181 0.009093825215361694 0
0.02862500000000028 0.001515544456611933 0
0.0285000000000004 0.001732050807558116 0
0.02825000000000036 0.001732050807558225 0
0.02875000000000041 0.001732050807557976 0
0.02900000000000041 0.001732050807557834 0
0.02887500000000054 0.001948557158504043 0
0.02775000000000239 0.005196152422695553 0
0.007500000000002179 0.004763139720812792 0
0.02462500000000307 0.006711696879321128 0
0.02450000000000296 0.006495190528374866 0
0.02425000000000296 0.006495190528375199 0
0.02475000000000303 0.006495190528374672 0
0.02437500000000284 0.006278684177428925 0
0.02412500000000285 0.006278684177429041 0
0.02400000000000296 0.006495190528375347 0
0.02387500000000279 0.006278684177429137 0
0.02375000000000248 0.006062177826483061 0
0.02362500000000276 0.006278684177429151 0
0.004500000000003876 0.008227241335951997 0
0.03062500000000027 0.001515544456610926 0
0.005875000000003312 0.007144709581220712 0
0.006000000000003418 0.007361215932166759 0
0.03087500000000308 0.006711696879317345 0
0.03125000000000299 0.006495190528371018 0
0.02925000000000113 0.003031088913234905 0
0.029125000000001 0.002814582562288736 0
0.02937500000000101 0.002814582562288552 0
0.029625000000001 0.002814582562288401 0
0.02975000000000114 0.003031088913234551 0
0.02862500000000157 0.003680607966073684 0
0.03525000000000299 0.006495190528368686 0
0.0236250000000003 0.001515544456614513 0
0.02375000000000041 0.001732050807560555 0
0.02350000000000041 0.001732050807560723 0
0.0240000000000005 0.001732050807560596 0
0.02387500000000056 0.001948557158506811 0
0.02425000000000055 0.001732050807560554 0
0.02437500000000059 0.001948557158506754 0
0.0245000000000005 0.001732050807560431 0
0.02937500000000182 0.004113620667964362 0
0.0288750000000018 0.00411362066796454 0
0.03387500000000103 0.002814582562285713 0
0.03412500000000104 0.0028145825622856 0
0.0278750000000025 0.005412658773641603 0
0.03350000000000275 0.006062177826477765 0
0.01012500000000248 0.006278684177434818 0
0.01000000000000257 0.006495190528382249 0
0.01262500000000062 0.00194855715851389 0
0.005625000000004009 0.008443747686897533 0
0.009750000000001202 0.003031088913247637 0
0.00962500000000111 0.002814582562301487 0
0.02800000000000092 0.002598076211343286 0
0.02762500000000091 0.002814582562289389 0
0.02813520189971287 0.0088703847570247 0
0.02675000000000439 0.008227194272211172 0
0.001625000000001108 0.001515544456623774 0
0.005499797941089303 0.009094923270426578 0
0.02637500000000182 0.004113620667965679 0
0.01987500000000311 0.006711696879323819 0
0.02000000000000298 0.006495190528377654 0
0.02025000000000297 0.006495190528377515 0
0.02012500000000288 0.006278684177431335 0
0.02037500000000287 0.00627868417743097 0
0.01987500000000285 0.006278684177431621 0
0.02562500000000249 0.005412658773642636 0
0.02550000000000238 0.005196152422696582 0
0.0253750000000025 0.005412658773642767 0
0.02525000000000239 0.005196152422696699 0
0.02500000000000239 0.005196152422696814 0
0.02512500000000226 0.004979646071750653 0
0.02287500000000028 0.001515544456614893 0
0.0230000000000004 0.001732050807561042 0
0.0227500000000004 0.001732050807561259 0
0.0156250000000016 0.003680607966082144 0
0.0151250000000016 0.00368060796608247 0
0.01250000000000121 0.003031088913245788 0
0.02400001463342005 0.009093557180424799 0
0.02412500541603315 0.008876847188948486 0
0.03137500000000025 0.001515544456610546 0
0.03162500000000028 0.001515544456610396 0
0.002625000000000183 0.0002165063509463215 0
0.01075000000000443 0.008227241335951933 0
0.02487500000000249 0.005412658773642992 0
0.02475000000000239 0.005196152422696946 0
0.02562500000000169 0.004113620667966134 0
0.02550000000000142 0.003897114317020655 0
0.03350000000025517 0.007361215932008803 0
0.02774999999999993 0.0008660254037740197 0
0.02762499999999981 0.0006495190528279741 0
0.02737499999999986 0.0006495190528306681 0
0.02787499999999981 0.0006495190528278232 0
0.02812499999999982 0.0006495190528277199 0
0.02587500000000027 0.001515544456613342 0
0.02600000000000039 0.001732050807559386 0
0.0257500000000004 0.001732050807559544 0
0.0262500000000004 0.001732050807559269 0
0.02612500000000054 0.001948557158505546 0
0.02650000000000043 0.001732050807559237 0
0.02662500000000056 0.001948557158505388 0
0.02675000000000042 0.001732050807559143 0
0.0173750000000003 0.001515544456617677 0
0.01725000000000042 0.001732050807563951 0
0.01700000000000042 0.001732050807564099 0
0.01750000000000042 0.001732050807564027 0
0.01775000000000043 0.001732050807564014 0
0.0168750000000003 0.001515544456617952 0
0.01675000000000043 0.001732050807564437 0
0.01650000000000042 0.00173205080756448 0
0.003750000000001426 0.002598076211353498 0
0.02437500000000157 0.003680607966076517 0
0.01750001699083933 0.009093643736888112 0
0.03037500000000001 0.0002165063509455495 0
0.03637500000000275 0.004979646071745598 0
0.01600000000000283 0.006062177826485621 0
0.01612500000000293 0.006278684177432011 0
0.01637500000000294 0.0062786841774316 0
0.01587500000000292 0.006278684177432188 0
0.01625000000000304 0.006495190528377911 0
0.01650000000000304 0.006495190528377805 0
0.01662500000000295 0.00627868417743147 0
0.01675000000000315 0.006495190528377728 0
0.01687500000000355 0.006711696879323797 0
0.01700000000000318 0.006495190528377784 0
0.003000000000001841 0.00346410161513833 0
0.003125000000001904 0.003680607966084378 0
0.002875000000001744 0.003247595264192214 0
0.007375000000004262 0.008010734985005062 0
0.02700000000000349 0.007361215932157794 0
0.01325000000000099 0.00259807621135194 0
0.0133750000000011 0.002814582562298308 0
0.0136250000000011 0.002814582562298258 0
0.0131250000000011 0.002814582562298519 0
0.01287500000000113 0.002814582562298606 0
0.0232500000000004 0.001732050807560877 0
0.02312500000000052 0.001948557158507151 0
0.03550000000000278 0.006062177826476321 0
0.01312500000000483 0.008876760388788759 0
0.02025000752567888 0.009093551104823266 0
0.02037500362468226 0.00887684268149941 0
0.027625 0.0002165063509456536 0
0.01887500000000028 0.001515544456616913 0
0.01875000000000041 0.001732050807563377 0
0.01850000000000042 0.001732050807563554 0
0.01900000000000041 0.001732050807563291 0
0.01925000000000041 0.0017320508075632 0
0.02763610674708725 0.008864146871524224 0
0.02800000000000277 0.006062177826479963 0
0.02712500000000028 0.001515544456612742 0
0.02725000000000041 0.001732050807558844 0
0.0275000000000004 0.001732050807558629 0
0.001750000000002704 0.006062177826492291 0
0.01587500496298843 0.008876856882044742 0
0.02450001944397643 0.00909369220742683 0
0.0245000000000028 0.006062177826481624 0
0.02462500000000292 0.006278684177427957 0
0.0248750000000031 0.006278684177428426 0
0.02500000000000299 0.00606217782648192 0
0.02512500000000319 0.006278684177428243 0
0.01575000000000118 0.003031088913243735 0
0.01562500000000106 0.002814582562297611 0
0.01537500000000104 0.002814582562297863 0
0.02100001463854583 0.009093557373298315 0
0.02112500541709566 0.008876847431733836 0
0.02512500000000182 0.004113620667966359 0
0.00937500000000315 0.0067116968793297 0
0.009625000000003135 0.00671169687932948 0
0.009500000000002836 0.006495190528383642 0
0.009750000000002333 0.006495190528383031 0
0.009875000000002404 0.006278684177435858 0
0.02325000000000095 0.002598076211345811 0
0.02337500000000106 0.002814582562292066 0
0.02312500000000103 0.002814582562292116 0
0.02300000000000101 0.003031088913238369 0
0.02362500000000106 0.002814582562291945 0
0.007875000000003411 0.007577722283114418 0
0.01362500000000253 0.005412658773648414 0
0.01375000000000244 0.005196152422702253 0
0.0135000000000024 0.005196152422702304 0
0.01400000000000244 0.005196152422702139 0
0.0138750000000023 0.004979646071756019 0
0.01412500000000233 0.00497964607175594 0
0.009000000000003529 0.007361215932168279 0
0.008875000000003753 0.007577722283114641 0
0.008750000000004424 0.008227241335953407 0
0.00862500000000423 0.008010734985007331 0
0.009000000000004428 0.008227241335953216 0
0.008875000000004254 0.008010734985007189 0
0.009000000000004111 0.007794228634060965 0
0.008750000000003968 0.007794228634060943 0
0.009125000000003783 0.007577722283114527 0
0.02349999999999994 0.0008660254037762402 0
0.02337499999999983 0.0006495190528308936 0
0.02312500000000041 0.0006495190528307791 0
0.02362500000000044 0.0006495190528312328 0
0.0232500000000011 0.0004330127018870528 0
0.018375 0.000216506350946109 0
0.0185 0.0004330127018919707 0
0.01875000000000035 0.0004330127018904884 0
0.01824999999999999 0.0004330127018919621 0
0.01799999999999997 0.0004330127018908336 0
0.03978349364905398 0.008124999999999999 0
0.004500000000002348 0.005196152422706471 0
0.03599999999999999 0.001299038105661605 0
0.01775000000000283 0.006062177826484764 0
0.01762500000000293 0.006278684177430933 0
0.01737500000000294 0.006278684177431043 0
0.01750000000000305 0.006495190528377642 0
0.01775000000000311 0.006495190528377947 0
0.01949999999999995 0.0008660254037782698 0
0.01937499999999984 0.000649519052832225 0
0.01912499999999984 0.0006495190528323499 0
0.01962499999999984 0.0006495190528320958 0
0.01987499999999984 0.0006495190528319683 0
0.02237500006433486 0.008876831069937148 0
0.02087500000000028 0.001515544456615906 0
0.0207500000000004 0.001732050807562285 0
0.02050000000000041 0.001732050807562475 0
0.02100000000000041 0.001732050807562057 0
0.02125000000000041 0.001732050807561917 0
0.02762500000000227 0.004979646071749512 0
0.02812500000000157 0.003680607966074008 0
0.01375000000000497 0.009093391099210389 0
0.01875000231945283 0.009093736419791212 0
0.01900000792363714 0.009093629640374055 0
0.01912500369136102 0.00887685598346492 0
0.03062500000000182 0.004113620667963794 0
0.02250000000000095 0.002598076211346283 0
0.02262500000000104 0.002814582562292538 0
0.02237500000000102 0.002814582562292586 0
0.02225000000000101 0.003031088913238838 0
0.02274999999999994 0.0008660254037766244 0
0.02262499999999933 0.00064951905283093 0
0.0223750000000003 0.0006495190528310862 0
0.02249999999999984 0.0004330127018866486 0
0.008125000000002351 0.004979646071758656 0
0.005500000000003006 0.006495190528382557 0
0.01287500000000319 0.006711696879327665 0
0.01300000000000301 0.006495190528381265 0
0.01325000000000318 0.006495190528381087 0
0.01287500000000254 0.006278684177434943 0
0.01012500000000309 0.006711696879328707 0
0.01012500000000256 0.005412658773650001 0
0.01424999999999996 0.0008660254037809482 0
0.01412499999999984 0.0006495190528349078 0
0.01387499999999991 0.0006495190528352278 0
0.01437499999999983 0.0006495190528347655 0
0.01462499999999984 0.0006495190528346302 0
0.03912500000000194 0.003680607966066725 0
0.03949161842402705 0.003892854821303868 0
0.03936612424049352 0.004108592847389992 0
0.03946996817308654 0.004308304249867398 0
0.01112500000000185 0.004113620667973262 0
0.01162500000000314 0.006711696879328141 0
0.01150000000000304 0.006495190528381311 0
0.02412500000000249 0.005412658773643364 0
0.02425000000000239 0.005196152422697182 0
0.02400000000000238 0.005196152422697308 0
0.0002214301971499577 0.009382674451977054 0
0.02425000000000215 0.004763139720805001 0
0.005250000000002834 0.006062177826490446 0
0.02375001796248171 0.009093684818343033 0
0.02362500535257073 0.008876865009300548 0
0.02025000000000214 0.004763139720806871 0
0.02037500000000224 0.004979646071752927 0
0.02062500000000226 0.00497964607175281 0
0.02050000000000237 0.005196152422698987 0
0.01800000000000365 0.007361215932162723 0
0.02050000000000281 0.006062177826483633 0
0.02062500000000292 0.006278684177429552 0
0.02087500000000294 0.006278684177429363 0
0.02075000000000302 0.006495190528376345 0
0.02100000000000306 0.00649519052837586 0
0.01000000000000244 0.005196152422703937 0
0.01462500000000159 0.003680607966082793 0
0.01287500000000002 0.0002165063509457048 0
0.01400000000000217 0.004763139720809785 0
0.01437500000000231 0.004979646071755747 0
0.0141250000000003 0.001515544456619348 0
0.01400000000000047 0.001732050807565912 0
0.01425000000000045 0.001732050807565577 0
0.01450000000000044 0.001732050807565407 0
0.02375000000000293 0.006495190528375426 0
0.02350000000000292 0.006495190528375609 0
0.02337500000000278 0.006278684177429203 0
0.02325000000000293 0.006495190528375766 0
0.02312500000000274 0.006278684177429536 0
0.02300000000000244 0.006062177826483507 0
0.02287500000000283 0.006278684177429539 0
0.01587500000000031 0.001515544456618511 0
0.01575000000000042 0.001732050807564759 0
0.0155000000000004 0.001732050807564739 0
0.01562500000000053 0.001948557158511091 0
0.01600000000000047 0.001732050807565239 0
0.007000000000002185 0.004763139720813025 0
0.01500000000000098 0.0025980762113509 0
0.01300000000000274 0.006062177826487573 0
0.0308750000000025 0.005412658773640417 0
0.01474999999999996 0.0008660254037806854 0
0.01487499999999986 0.0006495190528345123 0
0.01512499999999987 0.0006495190528345556 0
0.01012500000000488 0.008876760388790707 0
0.01562500000000254 0.005412658773647463 0
0.01550000000000244 0.005196152422701413 0
0.01525000000000242 0.005196152422701543 0
0.01537500000000231 0.004979646071755369 0
0.0151250000000023 0.004979646071755459 0
0.01562500000000233 0.004979646071755194 0
0.01500000000000242 0.005196152422701654 0
0.01487500000000231 0.00497964607175557 0
0.01475000000000241 0.005196152422701769 0
0.01375000000000217 0.004763139720809905 0
0.01362500000000226 0.004979646071756077 0
0.01337500000000227 0.004979646071756215 0
0.0132500000000024 0.005196152422702425 0
0.01312500000000229 0.004979646071756338 0
0.02537500000000054 0.001948557158506033 0
0.01799999999999996 0.0008660254037790287 0
0.02312500000000138 0.003680607966077012 0
0.01475001719981122 0.009093727543312535 0
0.02449999999999994 0.0008660254037757163 0
0.02462499999999983 0.0006495190528302839 0
0.02487499999999983 0.0006495190528303003 0
0.02437499999999983 0.0006495190528300792 0
0.02475000000000026 0.0004330127018859495 0
0.02424999999999994 0.0008660254037759132 0
0.02412499999999983 0.000649519052830584 0
0.02387500000000054 0.0006495190528306117 0
0.02400000000000058 0.0004330127018864691 0
0.006750000000003057 0.006495190528382029 0
0.02200000000000281 0.006062177826482692 0
0.02187500000000292 0.00627868417742886 0
0.02162500000000292 0.006278684177428983 0
0.02212500000000291 0.00627868417742874 0
0.02175000000000301 0.006495190528375483 0
0.02150000000000302 0.006495190528375448 0
0.01700001483784058 0.009093558006801221 0
0.01712500545808588 0.008876847357039421 0
0.02149999999999994 0.0008660254037772645 0
0.02162499999999983 0.0006495190528310905 0
0.02187499999999983 0.0006495190528309595 0
0.02199999999999995 0.0008660254037770087 0
0.01849999999999999 0.0008660254037791632 0
0.02375000000000095 0.002598076211345544 0
0.02387500000000107 0.002814582562291632 0
0.02412500000000106 0.00281458256229148 0
0.01662500000000057 0.001948557158511075 0
0.01649999999999997 0.0008660254037797972 0
0.01637499999999987 0.0006495190528339493 0
0.01612499999999987 0.0006495190528340803 0
0.02650000000000214 0.004763139720803944 0
0.02937500000000307 0.006711696879318146 0
0.01262500000000231 0.004979646071756567 0
0.00675000000000384 0.008227241335950868 0
0.02850000000000276 0.006062177826479727 0
0.01362499999999994 0.0002165063509458158 0
0.01337500000000022 0.0002165063509458826 0
0.01350000000000035 0.0004330127018911337 0
0.01862500000000184 0.004113620667969307 0
0.01825000000000091 0.002598076211349039 0
0.01837500000000103 0.002814582562295389 0
0.01862500000000107 0.002814582562295121 0
0.01875000000000096 0.002598076211348633 0
0.02337500000000249 0.005412658773643711 0
0.02350000000000238 0.005196152422697536 0
0.02325000000000239 0.005196152422697662 0
0.02375000000000238 0.00519615242269742 0
0.02362500000000227 0.004979646071751378 0
0.03737500000000311 0.005412658773637286 0
0.02912500000000091 0.000216506350945422 0
0.02925000000000006 0.000433012701889321 0
0.03175000000000212 0.004763139720801427 0
0.03162500000000228 0.004979646071747731 0
0.01812500298523235 0.008876799024338832 0
0.02562500000000027 0.00151554445661347 0
0.0255000000000004 0.001732050807559712 0
0.0252500000000004 0.001732050807559883 0
0.01512499999999999 0.000216506350945932 0
0.0397845413606961 0.002879089923804702 0
0.03954606581310421 0.003013474245626249 0
0.01300000000000218 0.004763139720810263 0
0.01987500082294032 0.008876827645172634 0
0.01512500083885819 0.008876827739636148 0
0.0163750000000016 0.003680607966081315 0
0.01650000000000148 0.003897114317026269 0
0.02187500000000312 0.006711696879322075 0
0.01950000000000441 0.008227241335946014 0
0.01549999999999997 0.0008660254037803064 0
0.01562499999999986 0.0006495190528341341 0
0.01537499999999986 0.0006495190528342546 0
0.0191250000000031 0.006711696879324259 0
0.01900000000000299 0.006495190528377914 0
0.01875000000000305 0.006495190528378349 0
0.01925000000000307 0.006495190528377699 0
0.01887500000000287 0.006278684177432006 0
0.01862500000000285 0.006278684177432324 0
0.02237500000000054 0.001948557158507769 0
0.02012500000000056 0.001948557158509207 0
0.02000000000000042 0.00173205080756291 0
0.01975000000000042 0.00173205080756318 0
0.01912500000000055 0.00194855715850971 0
0.01950000000000042 0.001732050807563215 0
0.01825000000000441 0.008227241335946815 0
0.02987500000000027 0.001515544456611306 0
0.02487500000000029 0.001515544456613956 0
0.03049971303903919 0.009093450284329448 0
0.03062466051348053 0.008876651247032994 0
0.03087297133926007 0.008875558242759832 0
0.02837500000000182 0.00411362066796475 0
0.02987500000000307 0.006711696879317811 0
0.01862500124189553 0.008876906062577235 0
0.0182500183439908 0.009093735690096303 0
0.01500000000000441 0.008227241335948918 0
0.01887500000000107 0.002814582562294956 0
0.01912500000000107 0.002814582562294784 0
0.0262500000000028 0.006062177826480676 0
0.02612500000000289 0.006278684177426842 0
0.02587500000000288 0.006278684177426943 0
0.02600000000000297 0.006495190528373111 0
0.02575000000000291 0.006495190528373254 0
0.0256250000000028 0.006711696879319439 0
0.02550000000000296 0.006495190528373604 0
0.02625000000000299 0.00649519052837301 0
0.02637500000000291 0.00627868417742674 0
0.02662500000000292 0.006278684177426607 0
0.026500000000003 0.006495190528373086 0
0.02675000000000299 0.006495190528373038 0
0.03978333830098821 0.003373357228288399 0
0.03974774248961997 0.003883493628105696 0
0.005750000000001795 0.003897114317029173 0
0.03375000000000213 0.004763139720800507 0
0.03387500000000226 0.00497964607174655 0
0.03362500000000228 0.00497964607174675 0
0.03375000000000242 0.005196152422692899 0
0.03400000000000245 0.005196152422692613 0
0.03350000000000247 0.005196152422693043 0
0.01112500000000314 0.006711696879327701 0
0.0295000000000009 0.002598076211342174 0
0.01962500000000056 0.001948557158509559 0
0.01812500000000056 0.001948557158510346 0
0.01800000000000043 0.00173205080756407 0
0.03912511646341653 0.007574986244061882 0
0.01575000000000283 0.006062177826485808 0
0.01562500000000293 0.006278684177431985 0
0.01537500000000294 0.006278684177432045 0
0.01550000000000303 0.006495190528378674 0
0.01525000000000304 0.006495190528378733 0
0.02962500000000156 0.00368060796607292 0
0.02075001799387647 0.009093684739666721 0
0.02887500000000306 0.006711696879318478 0
0.02150000000000281 0.006062177826482933 0
0.02137500000000292 0.006278684177429425 0
0.02200000000000307 0.006495190528375406 0
0.02225000000000326 0.006495190528375959 0
0.02237500000000304 0.006278684177429257 0
0.02250000000000333 0.006495190528375836 0
0.01612500000000311 0.00671169687932573 0
0.016000000000003 0.006495190528379227 0
0.01237500000000315 0.006711696879327347 0
0.01050000000000357 0.007361215932167472 0
0.02925000000000091 0.008227241331945516 0
0.01950000000000117 0.003031088913241099 0
0.01962500000000104 0.00281458256229495 0
0.01987500000000105 0.002814582562294848 0
0.01900000000000119 0.003031088913241311 0
0.019375 0.0002165063509461142 0
0.02075000000000096 0.002598076211347347 0
0.02062500000000108 0.002814582562293532 0
0.02037500000000108 0.002814582562293766 0
0.02087500000000107 0.002814582562293449 0
0.0205000000000012 0.003031088913239991 0
0.02012500000000106 0.002814582562294569 0
0.01975000000000094 0.002598076211348539 0
0.01825000000000282 0.00606217782648448 0
0.01812500000000312 0.006278684177430921 0
0.02000000000000118 0.003031088913240916 0
0.01937500000000158 0.003680607966079731 0
0.01850000000000118 0.003031088913241674 0
0.01812500000000092 0.002814582562295697 0
0.01787500000000086 0.002814582562295631 0
0.01850000000000215 0.004763139720807691 0
0.01837500000000225 0.004979646071753858 0
0.01812500000000225 0.004979646071753975 0
0.01862500000000225 0.00497964607175374 0
0.01825000000000237 0.005196152422700042 0
0.01800000000000236 0.005196152422700154 0
0.01875000000000214 0.004763139720807574 0
0.01912500000000184 0.004113620667969073 0
0.01637500000000312 0.006711696879324327 0
0.01900000000000282 0.006062177826484336 0
0.01912500000000296 0.006278684177430778 0
0.01937500000000322 0.006278684177431465 0
0.01749999999999996 0.0008660254037793583 0
0.01737499999999984 0.0006495190528332407 0
0.01712499999999986 0.0006495190528335928 0
0.01762499999999994 0.0006495190528345027 0
0.01887500000000158 0.003680607966080052 0
0.01837500000000159 0.003680607966080373 0
0.01625000000000118 0.003031088913243412 0
0.01612500000000107 0.002814582562297112 0
0.01637500000000111 0.002814582562297083 0
0.01650000000000115 0.002598076211350811 0
0.01150000000000121 0.003031088913246385 0
0.0180000000000011 0.003031088913242052 0
0.01762500000000063 0.002814582562296383 0
0.02887500000000102 0.002814582562288849 0
0.03977853878088179 0.009382533628890945 0
0.01762500000000317 0.006711696879324534 0
0.01800000000000333 0.006495190528378098 0
0.02850000000000092 0.002598076211342788 0
0.007500000000001018 0.002598076211355648 0
0.0102500000000027 0.006062177826488382 0
0.01987500000000158 0.00368060796607941 0
0.01212500000000186 0.004113620667972321 0
0.01237500000000186 0.004113620667972404 0
0.01800000000000215 0.004763139720807925 0
0.01887500000000224 0.004979646071753623 0
0.01912500000000224 0.004979646071753507 0
0.01900000000000234 0.005196152422699674 0
0.01925000000000235 0.005196152422699561 0
0.01925000000000214 0.00476313972080734 0
0.01937500000000224 0.00497964607175339 0
0.01962500000000224 0.004979646071753273 0
0.01950000000000235 0.005196152422699444 0
0.01512500000000314 0.006711696879326049 0
0.02837500000000055 0.00194855715850436 0
0.02800000000000038 0.001732050807558427 0
0.03575000000000028 0.001732050807554057 0
0.01737500000000159 0.003680607966081016 0
0.01300000000000123 0.003031088913245132 0
0.01712500000000185 0.004113620667970253 0
0.01750000000000215 0.004763139720808158 0
0.01762500000000225 0.004979646071754208 0
0.01737500000000225 0.004979646071754324 0
0.01750000000000235 0.005196152422700375 0
0.01725000000000236 0.005196152422700517 0
0.01712500000000249 0.005412658773646712 0
0.01700000000000236 0.005196152422700648 0
0.01775000000000237 0.005196152422700282 0
0.02737500000000182 0.004113620667965214 0
0.0176250000000025 0.00541265877364649 0
0.01887500000000248 0.005412658773645888 0
0.02824999999999993 0.0008660254037737673 0
0.01212500000000162 0.003680607966084468 0
0.02300000001042051 0.009093744917449898 0
0.03266218264528979 0.009801968555315921 0
0.01312500000000185 0.00411362066797186 0
0.01725000000000215 0.004763139720808277 0
0.02012500000000184 0.004113620667968603 0
0.02575000000000214 0.004763139720804278 0
0.02725000000000215 0.004763139720803596 0
0.03625000000000182 0.003897114317014922 0
0.005375000000003557 0.007577722283113158 0
0.01712500000000225 0.004979646071754453 0
0.01687500000000225 0.004979646071754561 0
0.01675000000000234 0.005196152422700733 0
0.01662500000000223 0.004979646071754677 0
0.01650000000000233 0.005196152422700878 0
0.01637500000000248 0.005412658773647066 0
0.01625000000000235 0.005196152422701055 0
0.02300000000000094 0.002598076211345975 0
0.02025000000000095 0.002598076211347811 0
0.01712500000000057 0.001948557158510598 0
0.02287500000589594 0.008876910764140968 0
0.01412500000000253 0.005412658773648185 0
0.01987500000000249 0.005412658773645406 0
0.02000000000000236 0.005196152422699224 0
0.02387500000000248 0.005412658773643481 0
0.02637500000000249 0.005412658773642299 0
0.02649999999999993 0.000866025403774685 0
0.02637499999999987 0.0006495190528294391 0
0.02662500000000066 0.0006495190528315042 0
0.02612500000000064 0.0006495190528295232 0
0.02625000000000136 0.0004330127018860909 0
0.02499999999999994 0.0008660254037756113 0
0.01662499999999986 0.0006495190528336267 0
0.02150000000000116 0.003031088913240042 0
0.02162500000000102 0.002814582562293858 0
0.02187500000000102 0.002814582562293588 0
0.02137500000000102 0.002814582562294013 0
0.02175000000000091 0.002598076211347394 0
0.01700000000000117 0.003031088913242932 0
0.01687500000000108 0.002814582562296632 0
0.01712500000000102 0.002814582562296652 0
0.0172500000000009 0.002598076211350241 0
0.01687500000000159 0.003680607966081174 0
0.0140000000000012 0.003031088913244774 0
0.03980648950607672 0.006621996703315651 0
0.01387500000000186 0.004113620667971513 0
0.01362500000000186 0.004113620667971628 0
0.01550000000000218 0.004763139720809131 0
0.01587500000000232 0.004979646071755071 0
0.02487500000000309 0.006711696879320931 0
0.01975000000000302 0.006495190528377471 0
0.0307500000000009 0.002598076211341423 0
0.03650000000000033 0.00173205080755342 0
0.03662500000000047 0.001948557158499436 0
0.029125000000004 0.008876760387850263 0
0.02887508768850409 0.008876709761359191 0
0.01999999999999995 0.0008660254037780209 0
0.02012499999999984 0.0006495190528318486 0
0.01875000000000281 0.006062177826485699 0
0.02000000000000281 0.006062177826485065 0
0.01425000000000243 0.005196152422701983 0
0.02762500000000156 0.003680607966074342 0
0.01500000000000218 0.004763139720809354 0
0.01587500000000185 0.004113620667970579 0
0.02062500000000183 0.004113620667968512 0
0.02075000000000215 0.004763139720806641 0
0.01937500000000312 0.00671169687932405 0
0.009500000000003514 0.007361215932167986 0
0.03249973881659753 0.008226845065046286 0
0.02212500000000249 0.005412658773644304 0
0.02200000000000239 0.005196152422698257 0
0.02175000000000239 0.005196152422698377 0
0.02187500000000228 0.004979646071752211 0
0.02162500000000228 0.004979646071752328 0
0.02150000000000238 0.0051961524226985 0
0.02225000000000238 0.005196152422698136 0
0.02250000000000238 0.005196152422698016 0
0.02237500000000227 0.004979646071751971 0
0.02162500000000249 0.005412658773644546 0
0.02137500000000249 0.00541265877364467 0
0.02087500000000158 0.003680607966078768 0
0.01650000000000119 0.003031088913243237 0
0.01487500000000185 0.004113620667971041 0
0.02587500000000166 0.004113620667966157 0
0.03025000000000213 0.004763139720802251 0
0.02087500000000313 0.006711696879322803 0
0.01862500000000322 0.006711696879324523 0
0.020500000000003 0.006495190528376844 0
0.0203750000000031 0.006711696879323479 0
0.0208750000000025 0.005412658773644912 0
0.02100000000000238 0.005196152422698747 0
0.02262500000000249 0.005412658773644064 0
0.02275000000000237 0.005196152422697898 0
0.01150000000000029 0.001299038105676897 0
0.01987499999999997 0.0002165063509458314 0
0.02125000000000214 0.004763139720806415 0
0.02137500000000226 0.004979646071752459 0
0.02975000000000214 0.004763139720802436 0
0.02512500000000028 0.001515544456613761 0
0.01787500000000302 0.006278684177431217 0
0.01825000000000362 0.006495190528376997 0
0.02725000000000112 0.003031088913236246 0
0.027125000000001 0.002814582562290047 0
0.026875000000001 0.002814582562290048 0
0.02112500000000158 0.003680607966078346 0
0.02125000000000171 0.003897114317023668 0
0.03737500000000056 0.001948557158499063 0
0.01737499999999998 0.0002165063509457915 0
0.01787499999999999 0.0002165063509454515 0
0.02812499999999999 0.0002165063509456345 0
0.03387500000000174 0.00411362066796213 0
0.03412500000000172 0.00411362066796202 0
0.02512500000000054 0.001948557158506189 0
0.02062500000000055 0.00194855715850877 0
0.0161250000000006 0.001948557158511752 0
0.01600000000000096 0.002598076211350773 0
0.0195000000000029 0.006062177826484161 0
0.02037500000000028 0.001515544456616227 0
0.01637500000000033 0.001515544456618534 0
0.02375000000000016 0.0008660254037764189 0
0.01587500000000107 0.002814582562297298 0
0.02300000000000214 0.004763139720805595 0
0.01562500000000313 0.006711696879325418 0
0.02737500000000054 0.001948557158504926 0
0.01862500000000056 0.001948557158509955 0
0.02100000000000282 0.006062177826483177 0
0.01000000000000028 0.001299038105677441 0
0.02675000000000111 0.003031088913236406 0
0.02662500000000158 0.003680607966074934 0
0.03978126736973423 0.005118115897548533 0
0.005625000000002121 0.004546633369867519 0
0.005500000000002232 0.004763139720813699 0
0.005625000000002369 0.004979646071759688 0
0.005750000000002259 0.004763139720813537 0
0.02387500000000307 0.006711696879321516 0
0.02425000000000095 0.002598076211345212 0
0.02437500000000106 0.002814582562291326 0
0.02462500000000109 0.002814582562291269 0
0.02100000000000095 0.002598076211347206 0
0.01762500000000056 0.001948557158510527 0
0.0312500000000009 0.00259807621134123 0
0.01350000000000444 0.008227241335949691 0
0.01325000000000442 0.008227241335950007 0
0.01524999999999997 0.0008660254037804599 0
0.02400000000000118 0.003031088913237971 0
0.01087500000000387 0.007577722283113385 0
0.03125000000000212 0.004763139720801874 0
0.02712500000000308 0.006711696879319121 0
0.02575000000000092 0.002598076211344714 0
0.02537500000000102 0.002814582562290904 0
0.02450000000000117 0.00303108891323761 0
0.02487500000000126 0.002814582562291689 0
0.03978220555420595 0.004631002847224195 0
0.015875 0.0002165063509459129 0
0.01562499999999998 0.0002165063509457239 0
0.02362500000000183 0.004113620667966974 0
0.02337500000000182 0.004113620667967333 0
0.01487500000000058 0.001948557158512254 0
0.01500000000000043 0.001732050807565695 0
0.02974999999994912 0.008227241272627741 0
0.008124953964424862 0.008877004013937512 0
0.03212500000000251 0.005412658773639945 0
0.02425000000000278 0.006062177826482607 0
0.02350000000000117 0.003031088913238488 0
0.006375000000000032 0.0002165063509469625 0
0.006625000000000025 0.0002165063509468983 0
0.03980526876318866 0.004382896790567326 0
0.02412500000000182 0.00411362066796674 0
0.02225000000000094 0.002598076211346462 0
0.01462500560784661 0.008876875174086699 0
0.02712500000000158 0.00368060796607467 0
0.03637500000000404 0.007577722283098725 0
0.03625000000000415 0.007794228634044901 0
0.02862500000000006 0.0002165063509450126 0
0.0002212225742478854 0.003368416700368795 0
0.0004414065184238092 0.003267205388696203 0
0.0004146006154922138 0.00350227409265396 0
0.02612500000000308 0.006711696879319617 0
0.01787500348277026 0.008876805463597832 0
0.02462500000000249 0.005412658773643124 0
0.01987500000000029 0.001515544456616663 0
0.01962500000000184 0.004113620667968837 0
0.01337500000000353 0.006711696879327257 0
0.02162500000000055 0.00194855715850832 0
0.02175000000000043 0.001732050807562235 0
0.02200000000000043 0.00173205080756215 0
0.02187500000000029 0.001515544456615959 0
0.02150000000000041 0.001732050807561868 0
0.02112500000000055 0.001948557158508391 0
0.02187500000000157 0.00368060796607787 0
0.02200000000000189 0.003897114317023126 0
0.02162500000000158 0.003680607966078027 0
0.0002165063509461801 0.00812499999999996 0
0.0002155275537028684 0.00187318586251951 0
0.00045411139120273 0.001741329058344473 0
0.03462500000000179 0.004113620667961859 0
0.008000000000003216 0.006928203230276427 0
0.02212500000000055 0.001948557158508024 0
0.0338750000000025 0.005412658773639109 0
0.02262500000000028 0.001515544456615052 0
0.02250000000000041 0.001732050807561364 0
0.01687499999999999 0.0002165063509458895 0
0.02650000000000346 0.007361215932158173 0
0.01112499999999998 0.0002165063509462399 0
0.02037499999999999 0.0002165063509458141 0
0.0342500000000021 0.004763139720800275 0
0.03375000000000115 0.003031088913231896 0
0.02412500000000038 0.00151554445661431 0
0.01087499999999999 0.0002165063509462495 0
0.01162499999999998 0.0002165063509461679 0
0.03387500000000145 0.003680607966070127 0
0.0228749999999999 0.0006495190528310385 0
0.0002165063509461107 0.006625000000000001 0
0.0002165063509461107 0.006375 0
0.01637499999999998 0.0002165063509458227 0
0.02225000000000281 0.00606217782648257 0
0.02237500000000175 0.003680607966077457 0
0.02087499999999999 0.0002165063509461142 0
0.02187500000000001 0.0002165063509449415 0
0.01562500319772948 0.008876811370384301 0
0.01550000806392177 0.009093559630110694 0
0.02250000017794336 0.009093844969093812 0
0.02137499999999998 0.0002165063509457985 0
0.027125 0.0002165063509451757 0
0.02687500000000093 0.0002165063509452763 0
0.02700000000000082 0.0004330127018889896 0
0.03112500000000099 0.0002165063509453734 0
0.03137499999999924 0.0002165063509449502 0
0.03124999999999996 0.0004330127018888647 0
0.03287500000000013 0.0002165063509456458 0
0.03300000000000142 0.0004330127018886878 0
0.03275000000000022 0.0004330127018882992 0
0.036375 0.0002165063509454663 0
0.03612499999999998 0.0002165063509454099 0
0.01237499999999995 0.0002165063509458791 0
0.01225000000000011 0.0004330127018916628 0
0.03262500000000006 0.0002165063509438001 0
0.01925000000000349 0.007361215932162134 0
0.03612500000000314 0.00627868417742219 0
0.02662500000000309 0.006711696879319652 0
0.01525000000000283 0.006062177826485987 0
0.004625000000001517 0.003247595264191376 0
0.01975000000000214 0.004763139720807106 0
0.01987500000000225 0.004979646071753158 0
0.02450000000000239 0.005196152422697079 0
0.03850000000000176 0.00346410161512109 0
0.01875000000000235 0.005196152422699793 0
0.01850000000000236 0.005196152422699916 0
0.01837500000000249 0.005412658773646113 0
0.00587500000000004 0.0002165063509471515 0
0.02262500000000175 0.003680607966077463 0
0.02275000000000172 0.003897114317023023 0
0.006250000000003624 0.007794228634058907 0
0.01512500000000031 0.001515544456619216 0
0.01475000000000044 0.001732050807565603 0
0.02337500000000028 0.001515544456614654 0
0.0002351580324075238 0.001343653876156909 0
0.02412500000000308 0.006711696879321397 0
0.01462500000000314 0.006711696879326099 0
0.01512500000000294 0.006278684177432594 0
0.01975000000000235 0.00519615242269933 0
0.02075000000000238 0.005196152422698866 0
0.01437500000000186 0.004113620667971282 0
0.03250000000000215 0.004763139720801174 0
0.01787500000000225 0.004979646071754097 0
0.03287500000000301 0.006711696879316208 0
0.01412500000000318 0.006711696879326365 0
0.01512500000000252 0.005412658773647713 0
0.014625 0.0002165063509461124 0
0.01537500000000186 0.004113620667970814 0
0.0347500000000021 0.004763139720800165 0
0.01462500000000252 0.005412658773647918 0
0.01525000000000354 0.007361215932164471 0
0.03337500000000228 0.004979646071746896 0
0.01437500000000058 0.001948557158512149 0
0.03525000000000061 0.002165063509446558 0
0.03250000000000088 0.00259807621134037 0
0.008000000000000292 0.001299038105678428 0
0.014125 0.0002165063509459468 0
0.01287500000000186 0.004113620667972382 0
0.01275000000000175 0.0038971143170278 0
0.02462500000000183 0.004113620667966507 0
0.002375000000003374 0.007144709581222527 0
0.02187500125193026 0.008876921071338743 0
0.01900000000000045 0.0008660254037788934 0
0.02387500000000157 0.003680607966076832 0
0.03475000000000065 0.002165063509446884 0
0.03450000000000066 0.002165063509447022 0
0.01162500131232562 0.008876830910709687 0
0.01762500000000185 0.004113620667969773 0
0.01837500000000029 0.00151554445661725 0
0.0043750000000027 0.005845671475544764 0
0.02137500000000312 0.006711696879322599 0
0.03375000000000068 0.002165063509447454 0
0.006875000000003507 0.007577722283112501 0
0.01550000000000441 0.008227241335948588 0
0.0153750000000003 0.001515544456618998 0
0.02337500000000156 0.00368060796607694 0
0.01312500000000059 0.001948557158513086 0
0.0008769902934483882 0.003672729266855817 0
0.01675000000000284 0.006062177826485264 0
0.01725000000000283 0.006062177826485 0
0.01224999525039761 0.009093789961248582 0
0.01237499764819742 0.008876925349304916 0
0.01200000020315896 0.009093855707375947 0
0.02600000000000019 0.0008660254037752887 0
0.02687500000000182 0.004113620667965455 0
0.01000000000000358 0.007361215932167781 0
0.01887500000000001 0.0002165063509455625 0
0.02037500000000158 0.003680607966079088 0
0.02450000000000212 0.004763139720804879 0
0.01025000000000442 0.008227241335952302 0
0.01937500000000029 0.001515544456616857 0
0.01925000000000095 0.00259807621134834 0
0.01675000000000214 0.004763139720808522 0
0.0270000000000009 0.002598076211343717 0
0.02662500000000089 0.002814582562289987 0
0.01287500000000254 0.00541265877364873 0
0.03100000000000002 0.0008660254037734221 0
0.01787500000000159 0.003680607966080692 0
0.01675001944452004 0.009093692205626887 0
0.005375000000001434 0.00324759526419105 0
0.01050000000000217 0.004763139720811409 0
0.02900000000000277 0.006062177826479506 0
0.02137500000000028 0.001515544456615714 0
0.02987500000000099 0.002814582562288312 0
0.01812500000000184 0.004113620667969541 0
0.02000000363117205 0.009093794696885784 0
0.01650000000000284 0.006062177826485393 0
0.01350000000000121 0.003031088913244828 0
0.02300000000000005 0.0008660254037766721 0
0.02125000000000117 0.003031088913239957 0
0.03037500000000306 0.006711696879317422 0
0.0193750000000025 0.005412658773645643 0
0.01162500000000188 0.004113620667972565 0
0.01450000000000442 0.008227241335949249 0
0.02312500000000248 0.005412658773643841 0
0.02674999999999993 0.0008660254037745627 0
0.01587499999999988 0.0006495190528342043 0
0.01137500000000162 0.003680607966084962 0
0.01087500000000125 0.003680607966084662 0
0.02837500000000304 0.006711696879318463 0
0.02775000000000112 0.003031088913235804 0
0.02325000716471078 0.00909363214386736 0
0.0161250000000016 0.003680607966081648 0
0.01525000000000121 0.003031088913243792 0
0.01475000000000121 0.003031088913244195 0
0.02924996829405095 0.009093449910926404 0
0.005250000000003937 0.008227241335951617 0
0.02675000000000213 0.004763139720803833 0
0.02662500000000225 0.00497964607174999 0
0.02787500000000181 0.004113620667964982 0
0.01550000000000097 0.002598076211351432 0
0.007500000000000317 0.001299038105678675 0
0.02687500000000249 0.00541265877364205 0
0.02300000000000238 0.005196152422697786 0
0.004125000000001117 0.002381569860407205 0
0.01437500525334379 0.008876863598942599 0
0.01687500000000298 0.006278684177431421 0
0.02049999999999994 0.0008660254037777702 0
0.0178750000000003 0.001515544456617621 0
0.01575000000000244 0.0051961524227013 0
0.004625000000000479 0.001082531754733522 0
0.004875000000000188 0.00108253175473373 0
0.02612500000000157 0.003680607966075149 0
0.01650000000000212 0.004763139720808641 0
0.02662500000000029 0.00151554445661301 0
0.02525000000000005 0.0008660254037754457 0
0.01599999999999996 0.0008660254037800661 0
0.0006229997267484799 0.001086705946591934 0
0.006125000000001679 0.003680607966082908 0
0.02212500000000047 0.0006495190528318529 0
0.008876937525685661 0.008882609315652027 0
0.02012500000000224 0.004979646071753036 0
0.007375000000001703 0.003680607966086149 0
0.02337500000000228 0.004979646071751507 0
0.0226250000000032 0.006711696879322226 0
0.03537582838914095 0.008876398334597576 0
0.03587500000000134 0.003247595264176652 0
0.03575000000000137 0.003464101615122973 0
0.003627260124854311 0.009783928370531648 0
0.005125000000001009 0.002814582562299558 0
0.01062500000000315 0.006711696879327632 0
0.006000000000003027 0.006495190528382315 0
0.02225000000000013 0.0008660254037771145 0
0.01362500000000162 0.00368060796608344 0
0.007750000000002179 0.004763139720812698 0
0.01362500000000032 0.001515544456619661 0
0.01075000000000105 0.002598076211353803 0
0.005125000000003993 0.008443747686897853 0
0.004875000000003977 0.008443747686897995 0
0.008250000000002195 0.004763139720812447 0
0.01187499999999998 0.0002165063509461254 0
0.03612495553174814 0.009312670247963131 0
0.01324991938762292 0.009534577244077238 0
0.003875000000000961 0.00194855715851511 0
0.02475000000000098 0.002598076211345064 0
0.02637500000000029 0.001515544456613103 0
0.02599996469513265 0.009093660312776908 0
0.02687500000000056 0.001948557158505273 0
0.01400000157749621 0.009093627187423025 0
0.02150001782637128 0.009093729383397368 0
0.01150000000000444 0.00822724133595136 0
0.02937500000000054 0.001948557158503793 0
0.02575000000000281 0.006062177826480946 0
0.004500016161126467 0.009094674403644643 0
0.004250095459527134 0.009095722391520965 0
0.0250000000000004 0.00173205080756001 0
0.007000000000003363 0.007361215932166357 0
0.009000000000002208 0.004763139720812129 0
0.00625000000000178 0.003897114317028956 0
0.01187500000000316 0.006711696879327614 0
0.01162500000000294 0.006278684177434227 0
0.01475000000000284 0.006062177826486221 0
0.03012499995518423 0.008876827652272011 0
0.01062500000000254 0.005412658773649761 0
0.001872108813112644 0.00931351673985097 0
0.02887500000000046 0.0006495190528297817 0
0.0332500000000009 0.002598076211339945 0
0.03924934660843366 0.002164809342123827 0
0.0281250000000025 0.005412658773641496 0
0.03575000000000252 0.005629165124583954 0
0.03550000000000256 0.005629165124584186 0
0.009625013914307718 0.008876668315938148 0
0.02912500000000156 0.003680607966073342 0
0.02875000000000114 0.003031088913235193 0
0.03037499999999981 0.000649519052826647 0
0.009875000000004252 0.008010734985006481 0
0.02949999999999985 0.0008660254037741281 0
0.02924999999999994 0.0008660254037743884 0
0.004625000000002972 0.006278684177436855 0
0.03137500000000308 0.006711696879317007 0
0.03712500000000107 0.002814582562283702 0
0.03700000000000125 0.003031088913229949 0
0.01375000000000098 0.002598076211351965 0
0.01812500000000249 0.005412658773646233 0
0.02937500000000251 0.005412658773640991 0
0.01375000000000283 0.0060621778264867 0
0.007875000000001658 0.003680607966086898 0
0.01125000000000304 0.006495190528381041 0
0.03287500000000178 0.004113620667962657 0
0.0085000000000035 0.007361215932168488 0
0.03412500000000054 0.001948557158501119 0
0.008500000000002186 0.004763139720812318 0
0.02950000000000276 0.006062177826479324 0
0.03687499999999997 0.0002165063509461133 0
0.03662500000000448 0.008443747686882972 0
0.03662499999999981 0.001082531754715088 0
0.02512500000000062 0.0006495190528307132 0
0.00800000000000094 0.002598076211355145 0
0.03575000000000438 0.008227241335937384 0
0.02762500000000027 0.001515544456612464 0
0.03125000000000239 0.005196152422694163 0
0.02037499999999983 0.0006495190528317245 0
0.03874984250016097 0.006062115232145448 0
0.01699999999999996 0.0008660254037795821 0
0.005750000000001037 0.002598076211355329 0
0.01462500000000031 0.001515544456619226 0
0.03899982469444736 0.001732152020259943 0
0.03924575935088252 0.001731047898231764 0
0.01075000000000284 0.006062177826488057 0
0.03337500000000307 0.006711696879315916 0
0.02900000000000345 0.007361215932156654 0
0.006500000000003177 0.006928203230274314 0
0.03775000000000435 0.008227241335936317 0
0.01687499999999987 0.000649519052833716 0
0.005000000000002577 0.005629165124598381 0
0.03325000000000214 0.004763139720800793 0
0.03337500000000251 0.005412658773639401 0
0.001250000000001125 0.001299038105677828 0
0.02212500000000029 0.001515544456615355 0
0.03062500000000005 0.0002165063509444688 0
0.03437500000000308 0.006711696879315298 0
0.0381250000000008 0.002381569860390948 0
0.01275000000000443 0.00822724133595038 0
0.03312500000000054 0.0019485571585017 0
0.0332500000000004 0.001732050807555535 0
0.03562500000000388 0.007577722283099077 0
0.02687500000000223 0.00497964607174988 0
0.03375000000000015 0.001299038105663013 0
0.01375000000000024 0.0008660254037814548 0
0.03437500000000054 0.001948557158500972 0
0.0290000000000009 0.002598076211342508 0
0.03700000000000411 0.007794228634044482 0
0.03150000000000274 0.006062177826478521 0
0.0316250000000028 0.006278684177424578 0
0.0318750000000028 0.006278684177424498 0
0.03175000000000293 0.006495190528370667 0
0.01337500000000252 0.005412658773648507 0
0.01387500000000299 0.006278684177433068 0
0.03112500000000179 0.004113620667963469 0
0.01325000000000217 0.004763139720810144 0
0.03187500000000306 0.006711696879316728 0
0.01387500026292005 0.008876841189982405 0
0.01274999156215511 0.009093583075548108 0
0.03400000000000015 0.001299038105662873 0
0.02724999999999993 0.0008660254037755654 0
0.01125000000000218 0.00476313972081111 0
0.02450000000000439 0.008227241335424081 0
0.01487500000000294 0.006278684177432829 0
0.002000000000002986 0.006495190528384374 0
0.005250000000002336 0.005196152422706022 0
0.01112500000000489 0.008876760388790015 0
0.0203750000000025 0.005412658773645164 0
0.008125000000002843 0.006278684177437919 0
0.007875000000002463 0.006278684177437288 0
0.002250000000003478 0.007361215932168912 0
0.01325000000000005 0.0008660254037819483 0
0.006375000000001678 0.003680607966082788 0
0.01150000000000284 0.006062177826487856 0
0.02550000000000113 0.003031088913237255 0
0.0006265941240143867 0.0002136786731451127 0
0.02925000000000214 0.004763139720802647 0
0.002625000000001907 0.003680607966084512 0
0.01500000000000305 0.006495190528379614 0
0.0141250000000016 0.003680607966083093 0
0.01450000000000242 0.005196152422701792 0
0.008250000000001166 0.003031088913248221 0
0.01187500156490473 0.008876940825636259 0
0.02725000000000278 0.006062177826480245 0
0.009500000000000293 0.001299038105677677 0
0.02675000000000281 0.00606217782648044 0
0.006625000000003958 0.008443747686897037 0
0.02949998076483243 0.009093747965892756 0
0.002625000000003617 0.007577722283114601 0
0.002750000000003756 0.007794228634060762 0
0.004374999999999959 0.0002165063509466832 0
0.03287500000000099 0.002814582562286267 0
0.004250000000000843 0.001299038105677644 0
0.00562500000000332 0.007144709581220827 0
0.02087500000000227 0.004979646071752698 0
0.005125000000002473 0.005412658773652205 0
0.03037500000000053 0.001948557158503241 0
0.03224999999999992 0.0008660254037719198 0
0.03237499999999986 0.0006495190528289707 0
0.0324999999999999 0.0008660254037727742 0
0.02487500000000226 0.004979646071750782 0
0.01637500000000223 0.004979646071754845 0
0.006750000000000332 0.001299038105679052 0
0.02687500000000289 0.006278684177426589 0
0.009875000000001077 0.002814582562301297 0
0.008375000000004943 0.008876760388792043 0
0.03849999999999951 0.000866025403767845 0
0.03862499999999963 0.001082531754713822 0
0.006375000000002098 0.004546633369867187 0
0.03124999983437882 0.00822720451728657 0
0.001500000000003991 0.008660254037845696 0
0.007750000000003188 0.006928203230275471 0
0.007375000000000621 0.001948557158517063 0
0.006750000000000788 0.002165063509463041 0
0.003250000000003118 0.006495190528383672 0
0.03325000000000085 0.0008660254037716579 0
0.03300000000000106 0.0008660254037729902 0
0.03187612420189001 0.008863570552246664 0
0.01062500000000386 0.007577722283113602 0
0.01150000000000244 0.005196152422703252 0
0.01137500000000255 0.005412658773649438 0
0.01250000000000219 0.004763139720810501 0
0.01687500000000249 0.005412658773646851 0
0.005750000000002514 0.005196152422705721 0
0.03000000000000112 0.003031088913234389 0
0.03200000000000273 0.006062177826478354 0
0.03812499908864016 0.006711696015771203 0
0.02999999826459386 0.009093835369759426 0
0.007625000000001825 0.004113620667975135 0
0.03362807182504157 0.008858671291141601 0
0.02125000000000238 0.005196152422698625 0
0.03112500000000285 0.006278684177424824 0
0.03725000000000198 0.004330127018906521 0
0.03662499999999953 0.0006495190528235011 0
0.005875000000001702 0.003680607966083004 0
0.002250000000001272 0.00173205080756965 0
0.003250000000002137 0.00476313972081488 0
0.008375000000004284 0.008010734985007574 0
0.006875000000003979 0.008443747686896924 0
0.03162500000000053 0.001948557158502554 0
0.03425000000000013 0.001299038105662727 0
0.02562500000000298 0.006278684177427231 0
0.0351250000000024 0.005412658773638542 0
0.02337500000000307 0.006711696879321827 0
0.03537500000000221 0.004979646071745783 0
0.03225000000000089 0.002598076211340485 0
0.03262500000000153 0.003680607966070845 0
0.03475000000000029 0.0008660254037707611 0
0.03137500000000249 0.005412658773640232 0
0.03387500000000093 0.0006495190528266652 0
0.03199998545113866 0.008227225953990698 0
0.005500000000001023 0.003031088913245395 0
0.003500000000002321 0.005196152422707034 0
0.01162500000000232 0.004979646071757059 0
0.03325008657916734 0.008226910461754944 0
0.009750000000002465 0.006062177826489467 0
0.006625000000002802 0.005845671475543755 0
0.0100000000000012 0.003031088913247463 0
0.003625000000001575 0.002814582562299679 0
0.002500000000003059 0.006495190528384114 0
0.03050000000000275 0.006062177826478896 0
0.02600000000000439 0.008227239365511976 0
0.005000000000003236 0.006928203230275055 0
0.03562500000000349 0.007144709581206821 0
0.02175000000000216 0.004763139720806183 0
0.007375000000002766 0.006278684177435762 0
0.002375000000002028 0.004546633369869119 0
0.01287499859369653 0.008876813111424412 0
0.02587500000000054 0.001948557158505695 0
0.01612500000000251 0.005412658773647243 0
0.03387500000000054 0.001948557158501271 0
0.008375000000000644 0.001948557158516494 0
0.00850000000000054 0.001732050807570331 0
0.03500000000000345 0.007361215932153244 0
0.01175000000000118 0.003031088913246358 0
0.03400000001159272 0.007361215925462791 0
0.03087500000000155 0.003680607966072085 0
0.005375000000000438 0.001515544456625862 0
0.02775000000000438 0.008227241286011112 0
0.03125000000000038 0.001732050807556695 0
0.003750000000003827 0.008227241335952365 0
0.003500000000003691 0.007794228634060184 0
0.00725000000000051 0.001732050807571025 0
0.02950000000000241 0.005196152422694819 0
0.01300000000000241 0.005196152422702539 0
0.003875000000003775 0.008010734985006126 0
0.03312500000000029 0.001515544456609499 0
0.006875000000002809 0.005845671475543654 0
0.005875000000002645 0.005412658773651781 0
0.03837500000000003 0.001515544456606284 0
0.002750000000002778 0.00606217782649176 0
0.009375000000002565 0.005412658773650381 0
0.03437500000000146 0.00368060796606992 0
0.005250000000001021 0.002165063509464152 0
0.02150000000000439 0.008227241335943892 0
0.01250000000000281 0.006062177826487243 0
0.03912539613291165 0.00281375749605543 0
0.01525000000000042 0.001732050807566029 0
0.03650000000000064 0.00216506350944563 0
0.03625000000000067 0.0021650635094458 0
0.03762500000000142 0.003247595264175716 0
0.02962500000000053 0.001948557158503658 0
0.01600000000000441 0.008227241335948097 0
0.02375000000000437 0.008227241335934037 0
0.008625000000002568 0.005412658773650748 0
0.008750000000002471 0.005196152422704535 0
0.008625000000002391 0.004979646071758487 0
0.008250000000004414 0.008227241335953758 0
0.0167500000000044 0.008227241335947291 0
0.03787500000000105 0.002814582562283344 0
0.03137500000000285 0.006278684177424703 0
0.02300000000000438 0.008227241335943599 0
0.02075000000000439 0.008227241335944432 0
0.02025000000000042 0.001732050807562703 0
0.03712500000000448 0.008443747686882682 0
0.009625000000002555 0.005412658773650249 0
0.0175000000000044 0.008227241335947245 0
0.00700000000000133 0.003897114317029204 0
0.03849999983594469 0.007794228478592847 0
0.003375000000000589 0.001082531754730885 0
0.008875000000003144 0.006711696879329949 0
0.03100000000000112 0.003031088913233656 0
0.03137500000000226 0.004979646071747913 0
0.03049999999655729 0.008227237691782206 0
0.03912314110319863 0.001514740579810981 0
0.02212500000000226 0.004979646071752097 0
0.007625000000002897 0.006711696879328561 0
0.03737500000000379 0.007144709581205954 0
0.002750000000001387 0.002165063509461623 0
0.004750000000001619 0.003464101615137521 0
0.004500000000001694 0.003464101615137731 0
0.0187500000000044 0.008227241335945837 0
0.03437500000000247 0.005412658773639024 0
0.02525000000000437 0.008227241303009142 0
0.03149999999999993 0.0008660254037737092 0
0.0332500000000014 0.003464101615124361 0
0.03400000000000067 0.002165063509447306 0
0.02875000000000425 0.008227241335566446 0
0.03412831392830892 0.008866086517559074 0
0.02812500000000026 0.001515544456612188 0
0.002750000000000648 0.0004330127018927783 0
0.005000000000001807 0.003897114317029572 0
0.01150001245846597 0.009093593472894998 0
0.01125000755346542 0.009093515109812331 0
0.02225000000000041 0.001732050807561471 0
0.03637500000000447 0.008443747686883106 0
0.01375000000000053 0.001732050807566099 0
0.001375000000000827 0.0006495190528394233 0
0.002125000000000973 0.0006495190528392749 0
0.01212500000000024 0.0006495190528378091 0
0.004000000000001766 0.003464101615137847 0
0.0200000000000044 0.008227241335944935 0
0.02925000000000039 0.001732050807557722 0
0.01825000000000043 0.001732050807563801 0
0.006250000000000085 0.0004330127018939579 0
0.006875000000001725 0.004113620667974932 0
0.03550000000000059 0.002165063509446381 0
0.02362500000000054 0.001948557158506938 0
0.02225000000000439 0.008227241335944116 0
0.02850000000000213 0.004763139720802985 0
0.01025000000000246 0.005196152422703827 0
0.02112500000000226 0.004979646071752585 0
0.001370781794582041 0.009308654844453736 0
0.007625000000000411 0.001515544456624709 0
0.02250000000000216 0.00476313972080583 0
0.01000000000000219 0.004763139720811654 0
0.002125000000001077 0.001082531754731349 0
0.006875000000000228 0.001082531754732895 0
0.02287500000000053 0.00194855715850744 0
0.003375000000001856 0.003680607966084278 0
0.003625000000001884 0.004113620667976365 0
0.0152500037618426 0.009093796352201826 0
0.004625000000003597 0.007577722283113546 0
0.001250000000003765 0.00779422863406134 0
0.03924864671352924 0.008660894183068202 0
0.03912462665254121 0.008877069494792878 0
0.001750000196586599 0.002598076093566827 0
0.007750000000002557 0.006062177826490238 0
0.03750000000000069 0.002165063509445162 0
0.03212500000000282 0.006278684177424405 0
0.02912500000000028 0.001515544456611663 0
0.02112500000000294 0.006278684177429637 0
0.02262500000000226 0.004979646071751858 0
0.02200000000000216 0.004763139720806064 0
0.01662500719295682 0.008876885869461053 0
0.007125000000003245 0.00714470958122022 0
0.007000000000003205 0.006928203230274136 0
0.01100000000000353 0.007361215932167097 0
0.002875000000001592 0.002814582562299956 0
0.002750000000001689 0.00303108891324612 0
0.02025000000000237 0.005196152422699111 0
0.01600000000000217 0.004763139720808891 0
0.03700000000000096 0.002598076211337513 0
0.006125000000004217 0.0088767603887895 0
0.02075000000000119 0.003031088913239929 0
0.03275000000000044 0.001732050807555819 0
0.007250000000002681 0.005629165124597401 0
0.008750000000000317 0.001299038105678022 0
0.01112500000000002 0.0006495190528387111 0
0.01812500000000332 0.006711696879324318 0
0.03899987606905141 0.008227191636931197 0
0.03562500000000113 0.00281458256228467 0
0.03737347463560806 0.009316880742540236 0
0.0356251736378174 0.008876817469372668 0
0.01462500000000231 0.004979646071755618 0
0.005750000000003423 0.007361215932166846 0
0.02287500000000226 0.004979646071751747 0
0.02787500000000228 0.004979646071749411 0
0.004250000000001863 0.003897114317030157 0
0.004375000000001787 0.00368060796608402 0
0.03775000000000033 0.001732050807552915 0
0.001250000000003998 0.008660254037845785 0
0.001999829985499912 0.009093642612778008 0
0.03250000000000271 0.006062177826478192 0
0.02987500000000249 0.005412658773640809 0
0.02237500000000323 0.006711696879322208 0
0.01124999999999999 0.0004330127018924495 0
0.008625000000003711 0.007577722283114689 0
0.005625000000001424 0.00324759526419103 0
0.02212500000000104 0.00281458256229279 0
0.02312500000000308 0.006711696879322005 0
0.02312500000000227 0.004979646071751629 0
0.03012500000000053 0.001948557158503391 0
0.01575000000000302 0.006495190528378865 0
0.03000000000000039 0.001732050807557351 0
0.0305000000000004 0.001732050807557084 0
0.0092500000000041 0.007794228634060783 0
0.004375000000003631 0.007577722283113645 0
0.01737500672659917 0.008876876140095979 0
0.005500000000000553 0.001732050807571924 0
0.005750000000001584 0.003464101615136978 0
0.02862500000000227 0.004979646071749058 0
0.02700000000000042 0.001732050807558999 0
0.02350000000000215 0.004763139720805346 0
0.02675000000000238 0.005196152422696033 0
0.03812500000000205 0.004113620667959786 0
0.01712500000000298 0.00627868417743126 0
0.001875000000003374 0.007144709581222763 0
0.02900000000000216 0.004763139720802771 0
0.03824999999999984 0.001299038105660283 0
0.02775000000000215 0.00476313972080335 0
0.006250000000004318 0.009093440288596179 0
0.008125000000000063 0.0002165063509466389 0
0.002250000000001036 0.0008660254037852382 0
0.006250000000001674 0.003031088913244865 0
0.007000000000003677 0.008660287783455151 0
0.02737500000000229 0.004979646071749643 0
0.02650000000000238 0.005196152422696156 0
0.02750000000000088 0.002598076211343412 0
0.02287500000000101 0.002814582562292401 0
0.03300000000000043 0.001732050807555664 0
0.02375000000000214 0.004763139720805223 0
0.006500000000000769 0.002165063509463249 0
0.006750000000003203 0.006928203230274231 0
0.02125000000000304 0.006495190528376246 0
0.03087500000000101 0.002814582562287521 0
0.009125000000000601 0.001948557158516148 0
0.02437500000000229 0.004979646071751049 0
0.01537500000000055 0.001948557158511821 0
0.007500000000000517 0.001732050807570885 0
0.02112500000000105 0.002814582562293411 0
0.02387500000000227 0.004979646071751269 0
0.0195000000000031 0.006495190528377406 0
0.03487500000000147 0.003680607966069813 0
0.02787500000000052 0.001948557158504671 0
0.02500000000000306 0.006495190528374634 0
0.02525000000000302 0.006495190528374462 0
0.01662500000000113 0.002814582562296764 0
0.02462500000000227 0.00497964607175092 0
0.001875000000003735 0.008010734985007309 0
0.01450000000000218 0.004763139720809555 0
0.01025000000000024 0.001299038105677336 0
0.008250000000002793 0.0060621778264909 0
0.003125000000000124 0.0002165063509462746 0
0.008875000000000625 0.001948557158516285 0
0.007875000000002314 0.004979646071758759 0
0.01937500000000106 0.002814582562294617 0
0.03000000000000087 0.002598076211342016 0
0.02412500000000228 0.00497964607175116 0
0.02775000000000036 0.001732050807558618 0
0.02462500000000058 0.001948557158506605 0
0.02712500000000227 0.004979646071749754 0
0.02150000000000092 0.002598076211347691 0
0.01937500571564343 0.008876887255794066 0
0.01775001825309112 0.00909362857490776 0
0.02562500000000226 0.004979646071750428 0
0.009750000000002444 0.005196152422704063 0
0.02637500000000226 0.004979646071750094 0
0.01425000000000095 0.002598076211351846 0
0.005375000000002779 0.005845671475544217 0
0.009375000000001145 0.002814582562301635 0
0.01387500000000109 0.002814582562298336 0
0.03225000000000112 0.003031088913232778 0
0.00787500000000039 0.001515544456624579 0
0.03237500000000028 0.001515544456609949 0
0.02612500000000227 0.004979646071750205 0
0.02062500597349476 0.008876878669425605 0
0.009625000000000045 0.000216506350946246 0
0.02825000000000216 0.004763139720803103 0
0.03850000000000068 0.002165063509444481 0
0.02500000000000213 0.004763139720804613 0
0.03812500000000126 0.002814582562283086 0
0.03824999985253023 0.007794228494308245 0
0.02500000000000119 0.003031088913237515 0
0.02525000000000213 0.004763139720804494 0
0.001875000000000196 0.0002165063509463674 0
0.02600000000000215 0.004763139720804162 0
0.03612499999999956 0.0006495190528231732 0
0.00600000000000365 0.007794228634059023 0
0.03112500000000054 0.001948557158502859 0
0.004875000000004166 0.008876962862460994 0
0.02437500712046396 0.008876884159980152 0
0.002125000000002819 0.00627868417743826 0
0.03675000000000463 0.008660254037828947 0
0.0320000000000004 0.001732050807556259 0
0.01100000393359772 0.009093665179993533 0
0.03875000000000262 0.004763139720797768 0
0.02137500685124837 0.008876890607241741 0
0.00637500000000062 0.001948557158517487 0
0.0128750000000023 0.004979646071756464 0
0.0383750000000046 0.00887676038877426 0
0.008375000000000417 0.001515544456624299 0
0.01000000000000095 0.002598076211354865 0
0.006750000000000152 0.0008660254037868645 0
0.01275000000000016 0.00129903810567419 0
0.02712500000000286 0.006278684177426474 0
0.02537500000000225 0.004979646071750542 0
0.001125028108495126 0.008443763915344606 0
0.001125000000000032 0.0002165063509468011 0
0.01162500000000107 0.002814582562300106 0
0.001250000000002499 0.005629165124600336 0
0.001000221050224168 0.004763012097410819 0
0.005625000000003551 0.007577722283113025 0
0.007125000000001748 0.002814582562301111 0
0.03500006881761717 0.008227201604070394 0
0.00150000000000115 0.001299038105677697 0
0.03849997069564058 0.00736118816545743 0
0.004625002693524522 0.00887723121872426 0
0.03625000000000463 0.008660254037829308 0
0.03437500000000024 0.001515544456608763 0
0.01237500000000015 0.001082531754729643 0
0.00237500000000241 0.005412658773653658 0
0.001375036516533982 0.003247573907754901 0
0.03075000000000041 0.001732050807556957 0
0.004125000000003418 0.006711696879329253 0
0.006875000000002331 0.00497964607175919 0
0.03237500000000279 0.006278684177424308 0
0.03637500000000371 0.006711696879314434 0
0.001375000778126561 0.006711696430080973 0
0.002375000000002868 0.006278684177438088 0
0.001875000000002566 0.005845671475546144 0
0.002000000000002691 0.006062177826492186 0
0.02975000000000239 0.005196152422694729 0
0.007750000000001185 0.003031088913248483 0
0.03087500000000054 0.001948557158503 0
0.002875000000001904 0.003680607966084452 0
0.003000000000001939 0.003897114317030515 0
0.003250000000001908 0.003897114317030406 0
0.03650000000000337 0.00606217782647605 0
0.002625000000001342 0.001948557158515623 0
0.0004999999999996466 0.002165063509463257 0
0.02525000000000095 0.002598076211344522 0
0.0317500000000004 0.001732050807556409 0
0.01275000000000293 0.006495190528380902 0
0.01250000000000023 0.0008660254037825312 0
0.009250000000000497 0.001732050807569976 0
0.03837499671563831 0.00584567006325106 0
0.03849999570010189 0.005629162972248481 0
0.01262500000000117 0.002814582562299321 0
0.03287500000000251 0.005412658773639627 0
0.006124353439067799 0.009314747075246172 0
0.03912518252260437 0.0006495454380645626 0
0.03550000000000438 0.008227241335937501 0
0.03562500000000141 0.003247595264176782 0
0.03337500000000151 0.003680607966070335 0
0.02512500672659157 0.008876876126590388 0
0.00137500000000116 0.004113620667977581 0
0.0367500000000031 0.005196152422691515 0
0.02300000000000299 0.006495190528375872 0
0.005375000000000702 0.001948557158518129 0
0.03700000000000362 0.006495190528368066 0
0.0296250000000023 0.004979646071748589 0
0.0346250000000005 0.001948557158500847 0
0.03725000000000456 0.008660254037828713 0
0.03250000000000042 0.001732050807555962 0
0.0008751621589862327 0.005412752396187492 0
0.002750000000001286 0.001732050807569518 0
0.002875000000001966 0.004113620667976641 0
0.002500000000001695 0.003031088913246192 0
0.001125056193636287 0.006711664435921597 0
0.01725000000000311 0.006495190528377973 0
0.006625000000002386 0.004979646071759302 0
0.02475000000000045 0.00173205080756033 0
0.01012499999999998 0.000216506350946488 0
0.02737500000000097 0.002814582562289867 0
0.03937500000000232 0.004546633369851039 0
0.008750000000000533 0.00173205080757022 0
0.002375000000001314 0.001948557158515686 0
0.03849999965027021 0.009093640181173713 0
0.003125000000001939 0.004113620667976547 0
0.004250000000001718 0.003464101615137794 0
0.0112500000000036 0.007361215932166971 0
0.01012500000000232 0.004979646071757734 0
0.03550000000000026 0.001732050807554287 0
0.01175000000000094 0.002598076211353734 0
0.009000000000002962 0.006495190528383774 0
0.03912462986614677 0.008443796395583226 0
0.01075000146932105 0.009093740311361089 0
0.006250000000002188 0.00476313972081328 0
0.03450000000000037 0.001732050807554807 0
0.02662025126706511 0.008873874007679482 0
0.005875000000003542 0.00757772228311293 0
0.03487500000000049 0.001948557158500725 0
0.0348750000000011 0.002814582562285304 0
0.02587499808953101 0.008876879813632908 0
0.03150000000000039 0.001732050807556551 0
0.003625000000003473 0.007144709581221723 0
0.006875000000002636 0.005412658773651425 0
0.03212500000000027 0.001515544456610098 0
0.0007548733115761604 0.00476412405975507 0
0.0392581397905807 0.003027190558029983 0
0.0361250000000008 0.002381569860392001 0
0.03862500000000088 0.002381569860390492 0
0.01050000046443653 0.009093766400617549 0
0.002125000000001293 0.00194855715851575 0
0.0361250000000025 0.004546633369853596 0
0.03774999999999969 0.0008660254037686837 0
0.001125104493957516 0.002381507067917417 0
0.02650000000000095 0.002598076211343948 0
0.02700000000000297 0.006495190528372853 0
0.03425000000000238 0.005196152422692901 0
0.0333750001362576 0.007577719062342437 0
0.0341250000000022 0.004979646071746445 0
0.01025000013408724 0.009093774255939095 0
0.03700000000000458 0.008660254037828831 0
0.001125027026499664 0.005412674377409832 0
0.006000000000003898 0.008227241335951258 0
0.03487502293920827 0.008010721741035898 0
0.003000000000003868 0.00822724133595281 0
0.004500000000000035 0.001732050807569463 0
0.03450000000000401 0.008227241335937928 0
0.03512500000000046 0.001948557158500573 0
0.009500000000000494 0.001732050807569822 0
0.03687499999999984 0.001082531754714998 0
0.008625000000000424 0.001515544456624183 0
0.001375000000000678 0.001515544456624095 0
0.03574999999999999 0.00129903810566184 0
0.03862499485188083 0.004979648042901017 0
0.03687500000000468 0.008876760388774963 0
0.006875000000000072 0.0006495190528401258 0
0.002625367352358278 0.00887606615004209 0
0.002750000000004114 0.008660254037845212 0
0.01212500000000379 0.007577722283112397 0
0.03662500000000291 0.004979646071745511 0
0.007000000000002725 0.005629165124597498 0
0.03787499996528654 0.008010734952094192 0
0.008125000000000382 0.001515544456624447 0
0.03150000000000294 0.006495190528370768 0
0.0378750000000015 0.003247595264175505 0
0.03537500000000042 0.001948557158500418 0
0.03737500000000086 0.002381569860391334 0
0.002125000000003725 0.008010734985007217 0
0.01612500000000224 0.004979646071755075 0
0.0227500000000011 0.003031088913238941 0
0.03837499796301856 0.005412658397720057 0
0.03537499999999996 0.001082531754716045 0
0.005875000000002135 0.004546633369867392 0
0.002875000000001168 0.001515544456623377 0
0.03250000000000287 0.006495190528370335 0
0.02762500000000305 0.006711696879318801 0
0.0220000000000011 0.003031088913239601 0
0.003250000000001915 0.00433012701892263 0
0.03824999959198119 0.009093543676674438 0
0.03587500000000207 0.004546633369853453 0
0.03212500000000101 0.002814582562286711 0
0.006375000000002398 0.004979646071759387 0
0.006999999999999985 0.0004330127018926586 0
0.01012500000000039 0.001515544456623434 0
0.007124999999999958 0.0002165063509468341 0
0.01000000003672015 0.009093776454745444 0
0.003000000000001005 0.001299038105677179 0
0.004375000000001577 0.003247595264191545 0
0.009750243756707969 0.00909362231108324 0
0.03612500000000357 0.006711696879314452 0
0.007000000000002473 0.005196152422705271 0
0.006000000000002205 0.004763139720813388 0
0.009625000000000382 0.001515544456623679 0
0.02637500000000098 0.002814582562290569 0
0.009250000000003106 0.006495190528383711 0
0.004500000000003536 0.007361215932167465 0
0.002625000000002434 0.005412658773653489 0
0.01137500000000384 0.007577722283112977 0
0.03562500000000012 0.001515544456608088 0
0.03774999996445981 0.007794228600364883 0
0.0386250000000022 0.00411362066795936 0
0.00987500000000037 0.001515544456623556 0
0.0007513112504188048 0.004330501912869614 0
0.0160000000000024 0.005196152422701184 0
0.01675000000000103 0.00259807621135015 0
0.01775000000000081 0.002598076211349528 0
0.009501830341451637 0.009091903125699421 0
0.004625000000001768 0.003680607966083973 0
0.003375000000003365 0.007144709581221952 0
0.004375000000002188 0.00497964607176056 0
0.004625000000003239 0.006711696879329036 0
0.03762500000000085 0.0006495190528247874 0
0.0341249989851971 0.008010733404457102 0
0.004250000000001492 0.003031088913245387 0
0.005875000000003797 0.008010734985005163 0
0.008624999999999957 0.0002165063509466858 0
0.004500000000002041 0.004763139720814421 0
0.01275000000000108 0.002598076211352409 0
0.01512500000000114 0.002814582562297029 0
0.03300000000000287 0.00649519052837012 0
0.0007501891854836754 0.005629274350889103 0
0.009875000000000134 0.0006495190528391249 0
0.003502346798404728 0.009101560344308868 0
0.03562499999999973 0.0006495190528235219 0
0.01025000000000046 0.001732050807569481 0
0.01062500000000057 0.001948557158515361 0
0.03675000000000485 0.009093281543840257 0
0.01100000000000131 0.003031088913246747 0
0.025375000000003 0.006711696879320416 0
0.03837499833342514 0.004979646644515802 0
0.005500000000002446 0.005196152422705857 0
0.009375000000002767 0.006278684177436761 0
0.00412500000000145 0.002814582562299343 0
0.002375000000003832 0.008010734985007224 0
0.004625000000003446 0.007144709581221272 0
0.004250000000002935 0.006062177826490907 0
0.00125003279324357 0.008227260269139275 0
0.03450000000000299 0.006495190528369268 0
0.03300000000000354 0.007361215932154147 0
0.01000000000000006 0.0004330127018927384 0
0.01625000000000049 0.001732050807565251 0
0.004375000000003074 0.006278684177436942 0
0.01175000000000355 0.007361215932166605 0
0.025250000000003 0.006062177826481573 0
0.03275000000000289 0.006495190528370228 0
0.009500000000001046 0.002598076211355172 0
0.03300000000000165 0.003897114317016561 0
0.03912457007372895 0.00541288793690568 0
0.03374999720508172 0.008227238442297488 0
0.03325000000000163 0.003897114317016419 0
0.03437500000000291 0.006278684177423299 0
0.03674999999999969 0.0008660254037691616 0
0.004750000000002152 0.004763139720814222 0
0.03812499909814279 0.009312887015777977 0
0.007875000000001027 0.002814582562301693 0
0.0368745056838302 0.009311384141549493 0
0.02350000000000265 0.006062177826482299 0
0.003375000000001894 0.00411362066797644 0
0.003875000000002772 0.005845671475544956 0
0.008000000000003955 0.007794228634060949 0
0.01750000000000103 0.003031088913242624 0
0.01387500000000069 0.001948557158512729 0
0.01225000000000362 0.007361215932166291 0
0.01187500000000378 0.007577722283112617 0
0.004000000000001325 0.002598076211353341 0
0.03425000000000157 0.003897114317015958 0
0.03737500000000366 0.006711696879313782 0
0.0047500000000033 0.006928203230275138 0
0.0107500000000005 0.0017320508075693 0
0.0004966730712556433 0.005629167291577107 0
0.03350000000000293 0.006495190528369799 0
0.03725000000000352 0.006495190528367892 0
0.004375000000000236 0.0006495190528410955 0
0.03350000000000161 0.003897114317016299 0
0.01037500000000059 0.001948557158515494 0
0.03375000000000158 0.003897114317016176 0
0.03325000000000293 0.006495190528369972 0
0.03275000000000165 0.003897114317016755 0
0.03400000000000158 0.003897114317016078 0
0.00337500000000196 0.004546633369868779 0
0.03725000000000381 0.006928203230259965 0
0.0227500000000027 0.0060621778264828 0
0.004750000000001895 0.004330127018922146 0
0.003375000000000853 0.001515544456623033 0
0.03362500000000281 0.006278684177423692 0
0.004500000000003165 0.006495190528382992 0
0.004000000000003008 0.006062177826491009 0
0.03537500000000182 0.004113620667961565 0
0.03549999999999984 0.0008660254037699319 0
0.03525000000000289 0.006062177826476582 0
0.001125066367274642 0.00801077330216908 0
0.03700000000000399 0.007361215932152386 0
0.03362499947730408 0.008010730997373414 0
0.03387500000000286 0.006278684177423518 0
0.03525000000000229 0.005196152422692198 0
0.0128750000000038 0.007577722283111842 0
0.03424996381159074 0.008227203377485365 0
0.001625006086090088 0.003247591704786262 0
0.004250000000000038 0.0004330127018930645 0
0.0331250001002978 0.007577719907777679 0
0.01837500000000302 0.006278684177430828 0
0.003750000000002265 0.005196152422706947 0
0.03250000000000165 0.003897114317016958 0
0.02437500000000035 0.001515544456614233 0
0.003750000000001173 0.002165063509461276 0
0.03350000021147047 0.007794220912694685 0
0.01100000000000051 0.001732050807569196 0
0.03212500000000176 0.004113620667963102 0
0.03537500000000279 0.005845671475530353 0
0.003875000000001242 0.002381569860407331 0
0.003500000000000981 0.001732050807569099 0
0.008125000000000125 0.000649519052839817 0
0.03712500000000391 0.007144709581206182 0
0.02512500000000106 0.002814582562290838 0
0.03412500000000289 0.006278684177423399 0
0.03712499999999994 0.001082531754714877 0
0.0036250000000011 0.001948557158515147 0
0.03550000000000125 0.003031088913230947 0
0.035125000000003 0.006278684177422758 0
0.01712500000000329 0.006711696879324981 0
0.01112500000000118 0.002814582562300098 0
0.01137500000000063 0.001948557158514954 0
0.03500000000000315 0.006495190528368952 0
0.03687500000000403 0.007577722283098599 0
0.01112500000000064 0.001948557158515105 0
0.005000000000001979 0.00433012701892197 0
0.03450000000000165 0.003897114317015922 0
0.02275000000000311 0.006495190528375986 0
0.01962500000000305 0.00627868417743022 0
0.003125000000003417 0.007144709581222168 0
0.01300000000000356 0.007361215932165772 0
0.03737500000000039 0.00151554445660699 0
0.03475000000000303 0.006495190528369121 0
0.001500020244666549 0.002598064108669572 0
0.0048749999999999 0.0002165063509478021 0
0.03750000000000037 0.001732050807552969 0
0.01175000000000054 0.001732050807568767 0
0.03237500000000182 0.004113620667963042 0
0.03662500000000404 0.007577722283098655 0
0.01250000000000366 0.00736121593216615 0
0.01187500000000068 0.00194855715851468 0
0.001000178846620087 0.007794210640629661 0
0.03725000000000017 0.001299038105660998 0
0.0320000000000017 0.003897114317017204 0
0.03475000000000163 0.003897114317015838 0
0.03550000000000171 0.003897114317015409 0
0.01150000000000051 0.001732050807568895 0
0.01737500000000092 0.002814582562296441 0
0.002625000000003909 0.008010734985007126 0
0.01262500000000279 0.006278684177433902 0
0.03775000000000323 0.006062177826475235 0
0.003500000000001974 0.004763139720814886 0
0.00287500000000393 0.008443747686899081 0
0.003250000000000815 0.001299038105676988 0
0.001250001420626156 0.001732049960497709 0
0.0007421267219723839 0.001733873218294686 0
0.01212500000000065 0.001948557158514521 0
0.009250000000003001 0.006062177826489637 0
0.0317500000000017 0.003897114317017314 0
0.03762500000000351 0.006278684177421515 0
0.001875000000001854 0.004546633369869379 0
0.03725000000000188 0.003897114317014227 0
0.01225000000000054 0.001732050807568441 0
0.01262500000000384 0.007577722283112036 0
0.003625000000002078 0.004979646071760952 0
0.03775000000000298 0.005629165124583021 0
0.02262500000000297 0.006278684177429369 0
0.0373750000000023 0.004546633369852742 0
0.01250000000000029 0.00173205080756803 0
0.03762500000000318 0.005845671475529277 0
0.03737500000000345 0.006278684177421723 0
0.03550000000000136 0.003464101615123289 0
0.01362500000000406 0.007577722283111102 0
0.003125000000000787 0.001082531754731066 0
0.03125000000000168 0.003897114317017622 0
0.03150000000000171 0.003897114317017468 0
0.003000000000000783 0.000866025403784867 0
0.03500000000000162 0.003897114317015792 0
0.03712500000000207 0.004113620667960565 0
0.001875001014349537 0.003247594670958093 0
0.03775000000000274 0.005196152422690542 0
0.03100000000000167 0.003897114317017765 0
0.03700000000000223 0.004330127018906759 0
0.004125000000002141 0.004979646071760758 0
0.0008752341990312315 0.00757774415634902 0
0.003125000000000509 0.0006495190528385915 0
0.03762500000000292 0.005412658773636997 0
0.0307500000000017 0.003897114317017923 0
0.03762500000000261 0.004979646071744673 0
0.01325000000000349 0.007361215932165462 0
0.03512500000000178 0.0041136206679617 0
0.0007501098382981519 0.007361286950886416 0
0.001250000000000535 0.0004330127018931703 0
0.01850000000000327 0.006495190528378309 0
0.008250000000000094 0.0004330127018932787 0
0.0305000000000017 0.003897114317018101 0
0.02337500444503667 0.008876873666976946 0
0.01437500000000363 0.007577722283110669 0
0.03025000000000169 0.00389711431701821 0
0.01337500000000381 0.007577722283111353 0
0.03750000000000248 0.004763139720798763 0
0.02987500000000181 0.004113620667964437 0
0.03012500000000181 0.00411362066796427 0
0.01450000000000348 0.007361215932164707 0
0.01375000000000347 0.007361215932165087 0
0.02975000000000168 0.003897114317018484 0
0.002000000000000762 0.0004330127018931616 0
0.000496471459676566 0.007364364149980538 0
0.003000000000000405 0.0004330127018925389 0
0.02950000000000169 0.00389711431701867 0
0.01400000000000348 0.007361215932164943 0
0.0292500000000017 0.003897114317018801 0
0.02537500000000301 0.006278684177427728 0
0.01412500000000371 0.007577722283110818 0
0.02900000000000169 0.003897114317018944 0
0.01562500000000406 0.007577722283109774 0
0.02875000000000169 0.003897114317019078 0
0.02850000000000169 0.003897114317019222 0
0.01475000000000344 0.007361215932164537 0
0.0282500000000017 0.003897114317019369 0
0.01487500000000355 0.007577722283110318 0
0.02800000000000171 0.003897114317019505 0
0.0277500000000017 0.003897114317019649 0
0.0163750000000038 0.007577722283109229 0
0.01512500000000372 0.00757772228311028 0
0.0275000000000017 0.003897114317019788 0
0.01650000000000356 0.007361215932163398 0
0.01537500000000385 0.007577722283110133 0
0.0272500000000017 0.003897114317019929 0
0.0270000000000017 0.003897114317020078 0
0.01575000000000364 0.007361215932163923 0
0.0267500000000017 0.003897114317020204 0
0.01712500000000388 0.007577722283108828 0
0.01600000000000363 0.007361215932163772 0
0.02650000000000172 0.003897114317020352 0
0.01725000000000378 0.007361215932163026 0
0.01612500000000385 0.007577722283109399 0
0.02625000000000171 0.003897114317020484 0
0.02600000000000153 0.003897114317020502 0
0.02575000000000138 0.003897114317020482 0
0.0167500000000035 0.007361215932163081 0
0.02562500000000129 0.003680607966075053 0
0.02537500000000124 0.003680607966075313 0
0.01687500000000384 0.007577722283109001 0
0.01837500000000392 0.00757772228310782 0
0.0252500000000017 0.003897114317021035 0
0.02500000000000172 0.003897114317021207 0
0.01750000000000372 0.007361215932162947 0
0.02475000000000171 0.003897114317021355 0
0.0245000000000017 0.003897114317021497 0
0.01762500000000388 0.007577722283108585 0
0.0242500000000017 0.003897114317021637 0
0.01787500000000388 0.007577722283108435 0
0.02400000000000171 0.003897114317021777 0
0.02375000000000171 0.003897114317021916 0
0.01962500000000392 0.007577722283106993 0
0.0181250000000039 0.007577722283108061 0
0.0235000000000017 0.00389711431702206 0
0.01850000000000385 0.007361215932162189 0
0.01362500000000339 0.006711696879326806 0
0.02325000000000147 0.003897114317022333 0
0.01875000000000391 0.007361215932162167 0
0.02300000000000133 0.003897114317022738 0
0.02037500000000392 0.007577722283106338 0
0.01887500000000372 0.007577722283107626 0
0.0228750000000018 0.00411362066796836 0
0.01262500000000021 0.001515544456621328 0
0.02262500000000183 0.004113620667968643 0
0.01912500000000367 0.007577722283107519 0
0.02250000000000183 0.003897114317022964 0
0.02225000000000171 0.003897114317022753 0
0.01937500000000381 0.007577722283107313 0
0.02212500000000199 0.004113620667968581 0
0.0009986918684606119 0.00173235211010958 0
0.02187500000000191 0.004113620667968667 0
0.0197500000000039 0.007361215932161449 0
0.02112500000000452 0.007577722283105529 0
0.02175000000000174 0.003897114317023211 0
0.01237500000000035 0.000649519052836894 0
0.02150000000000171 0.003897114317023446 0
0.02000000000000385 0.00736121593216128 0
0.009625000000002581 0.006278684177436394 0
0.02137500000000183 0.004113620667969262 0
0.02012500000000404 0.00757772228310659 0
0.02112500000000183 0.004113620667969132 0
0.02100000000000171 0.003897114317023576 0
0.01249999999999988 0.0004330127018910539 0
0.02050000000000363 0.007361215932160766 0
0.02187500000000396 0.007577722283105391 0
0.02075000000000173 0.003897114317023585 0
0.02075000000000346 0.007361215932160278 0
0.02050000000000171 0.003897114317023714 0
0.01325000000000013 0.0004330127018911077 0
0.01274999999999997 0.0004330127018908059 0
0.02025000000000171 0.003897114317023857 0
0.02087500000000387 0.007577722283105764 0
0.02000000000000171 0.003897114317023995 0
0.02125000000000369 0.007361215932160074 0
0.02262500000000386 0.007577722283105085 0
0.01975000000000172 0.003897114317024132 0
0.0075000000000031 0.007361215932167105 0
0.01300000000000001 0.0004330127018907356 0
0.0215000000000036 0.007361215932160142 0
0.007625000000003108 0.007577722283113396 0
0.01950000000000171 0.003897114317024272 0
0.02275000000000276 0.007361215932159628 0
0.007750000000002401 0.006495190528382764 0
0.007625000000002689 0.006278684177436202 0
0.01925000000000172 0.003897114317024409 0
0.02162500000000388 0.007577722283105841 0
0.01900000000000172 0.003897114317024551 0
0.02200000000000365 0.007361215932159789 0
0.01337500000000035 0.0006495190528363745 0
0.01875000000000172 0.003897114317024692 0
0.02337500000000385 0.00757772228310457 0
0.02225000000000349 0.00736121593215939 0
0.01850000000000172 0.003897114317024828 0
0.02350000000000345 0.007361215932158908 0
0.01825000000000172 0.003897114317024965 0
0.02237500000000384 0.007577722283105244 0
0.01362500000000044 0.0006495190528360813 0
0.01800000000000172 0.003897114317025105 0
0.01775000000000173 0.003897114317025241 0
0.02412500000000398 0.007577722283103338 0
0.02300000000000343 0.00736121593215944 0
0.01750000000000172 0.003897114317025382 0
0.01725000000000173 0.003897114317025514 0
0.02312500000000377 0.007577722283104582 0
0.01374999999999984 0.0004330127018907347 0
0.01700000000000173 0.003897114317025654 0
0.006125000000001364 0.002814582562299798 0
0.01675000000000172 0.0038971143170259 0
0.01662500000000149 0.004113620667971285 0
0.02375000000000351 0.007361215932158845 0
0.01399999999999996 0.0004330127018904884 0
0.01637500000000127 0.004113620667971282 0
0.007124756316429906 0.008877075824699524 0
0.02487500000000375 0.007577722283082337 0
0.006375000000000837 0.002381569860408393 0
0.006250000000001012 0.00259807621135418 0
0.01625000000000175 0.003897114317026077 0
0.02387500000000385 0.007577722283103902 0
0.007500000000004437 0.008227241335952439 0
0.01600000000000175 0.003897114317026209 0
0.02500000000000345 0.007361215932157442 0
0.02425000000000366 0.007361215932158165 0
0.01575000000000173 0.003897114317026348 0
0.007245302057600052 0.009092569077439399 0
0.01424999999999996 0.0004330127018904156 0
0.01550000000000173 0.00389711431702649 0
0.02450000000000345 0.00736121593215769 0
0.00587500000000128 0.002814582562300166 0
0.007000000000001273 0.003031088913246132 0
0.01525000000000173 0.003897114317026628 0
0.006750000000001274 0.002598076211353804 0
0.02562500000000359 0.007577722281792282 0
0.006625000000000918 0.002381569860408149 0
0.02462500000000383 0.007577722283099178 0
0.00700000000000128 0.002598076211354687 0
0.01500000000000173 0.003897114317026764 0
0.01449999999999997 0.0004330127018903496 0
0.005375000000001056 0.002814582562300129 0
0.004625000000000287 0.00151554445662445 0
0.005000000000002136 0.002165063509463351 0
0.01475000000000173 0.003897114317026904 0
0.005250000000001365 0.002598076211354712 0
0.005625000000001107 0.002814582562300252 0
0.005125000000001784 0.002381569860409128 0
0.01450000000000173 0.003897114317027047 0
0.004875000000000745 0.001948557158516935 0
0.01474999999999997 0.0004330127018902959 0
0.02525000000000323 0.007361215932153972 0
0.01425000000000174 0.003897114317027179 0
0.004625000000000577 0.001948557158515822 0
0.01400000000000174 0.003897114317027319 0
0.02537500000000361 0.007577722282848866 0
0.004500000000000639 0.0012990381056785 0
0.004375000000001111 0.001082531754732897 0
0.01375000000000174 0.003897114317027464 0
0.01499999999999998 0.0004330127018902282 0
0.01350000000000175 0.003897114317027605 0
0.02575000000000364 0.007361215932156918 0
0.00425000000000092 0.000866025403786632 0
0.01325000000000175 0.003897114317027738 0
0.0260000000000036 0.007361215931939725 0
0.01300000000000174 0.003897114317027882 0
0.01524999999999979 0.0004330127018902646 0
0.01262499999999981 0.00368060796608304 0
0.01287500000000289 0.003680607966082898 0
0.02612500000000378 0.007577722280872874 0
0.01250000000000177 0.003897114317028166 0
0.02637500000000375 0.007577722222823534 0
0.01549999999999987 0.0004330127018901042 0
0.01225000000000175 0.003897114317028327 0
0.02662500000000378 0.007577722228381238 0
0.02737500000000381 0.00757772204152613 0
0.01200000000000175 0.003897114317028464 0
0.01574999999999993 0.0004330127018900053 0
0.01175000000000176 0.003897114317028607 0
0.02687500000000377 0.007577722113365482 0
0.02750000000000401 0.007361215879574107 0
0.01150000000000176 0.003897114317028749 0
0.02712500000000378 0.00757772200609524 0
0.0159999999999999 0.0004330127018900261 0
0.01125000000000176 0.003897114317028892 0
0.01100000000000132 0.003897114317029355 0
0.01075000000000141 0.003897114317029754 0
0.02812500000000341 0.00757772227759073 0
0.01037500000000162 0.0041136206679746 0
0.01624999999999994 0.0004330127018899368 0
0.01062500000000153 0.004113620667974605 0
0.0277500000000038 0.007361215911072774 0
0.0102500000000018 0.003897114317029451 0
0.02825000000000331 0.00736121593101321 0
0.01000000000000177 0.003897114317029569 0
0.01649999999999994 0.00043301270188987 0
0.009375000000002555 0.003680607966084457 0
0.009750000000001775 0.003897114317029696 0
0.009250000000002192 0.003897114317029477 0
0.02787500000000381 0.007577722246024517 0
0.009625000000002526 0.003680607966084723 0
0.009000000000001786 0.003897114317029719 0
0.01674999999999999 0.0004330127018897685 0
0.008625000000000559 0.003680607966085391 0
0.008875000000001304 0.003680607966084944 0
0.008500000000000821 0.003897114317031024 0
0.008125000000001638 0.004113620667975723 0
0.0285000000000034 0.007361215931741235 0
0.008375000000001428 0.00411362066797575 0
0.0169999999999999 0.0004330127018897754 0
0.00800000000000178 0.003897114317030641 0
0.02862500000000365 0.007577722282468719 0
0.007750000000001813 0.003897114317030756 0
0.01774999999999998 0.0004330127018899038 0
0.007250000000000993 0.00389711431703004 0
0.01724999999999987 0.0004330127018896844 0
0.007500000000001585 0.003897114317030763 0
0.02887500000000368 0.007577722282910222 0
0.00725000000000142 0.003464101615139216 0
0.007125000000001467 0.003247595264192704 0
0.0178749999999999 0.0006495190528353527 0
0.0291250000000037 0.007577722283044964 0
0.01750000000000001 0.0004330127018895612 0
0.02987500000000324 0.007577722282293899 0
0.02937500000000369 0.007577722283042142 0
0.02962500000000368 0.007577722282858418 0
0.018125 0.0006495190528355496 0
0.03000000000000347 0.007361215932037951 0
0.03025000000000304 0.007361215932041355 0
0.01837499999999999 0.000649519052835495 0
0.03062499999996154 0.00757772224075263 0
0.03037499999999547 0.007577722274758062 0
0.01862500000000052 0.0006495190528350769 0
0.03075000000000348 0.007361215932152933 0
0.01887500000000084 0.0006495190528341748 0
0.03099999999999692 0.007361215925129175 0
0.03137499999831531 0.007577722189606265 0
0.01899999999999986 0.0004330127018894632 0
0.03112499999965137 0.007577722195532145 0
0.03149999999985773 0.007361215924824526 0
0.01924999999999981 0.0004330127018892602 0
0.03212499960833614 0.007577721421275268 0
0.03174999999970027 0.007361215918362266 0
0.0194999999999998 0.0004330127018891891 0
0.03187499993186026 0.007577722013281458 0
0.03224999966777129 0.00736121509304126 0
0.01974999999999986 0.0004330127018890477 0
0.03249999967767649 0.007361215096826335 0
0.01999999999999991 0.0004330127018889003 0
0.03262499775202224 0.007577715635579089 0
0.02024999999999988 0.0004330127018888474 0
0.02049999999999987 0.0004330127018888335 0
0.02074999999999987 0.0004330127018888274 0
0.02099999999999987 0.0004330127018887702 0
0.02124999999999987 0.0004330127018886548 0
0.02149999999999991 0.0004330127018885065 0
0.02174999999999999 0.0004330127018884918 0
0.022625 0.0002165063509423507 0
0.02200000000000062 0.0004330127018877979 0
0.02274999999999807 0.0004330127018865784 0
0.02225000000000021 0.0004330127018872922 0
0.02237499999999973 0.0002165063509426638 0
0.02337500000000032 0.0002165063509434358 0
0.02299999999999991 0.0004330127018867171 0
0.02312500000000022 0.0002165063509433447 0
0.02412500000000001 0.0002165063509422908 0
0.02350000000000102 0.000433012701886999 0
0.02424999999999973 0.0004330127018878438 0
0.02375000000000061 0.000433012701886744 0
0.02387500000000027 0.0002165063509427575 0
0.02487500000000018 0.0002165063509430845 0
0.02449999999999987 0.0004330127018869106 0
0.02462500000000002 0.000216506350942741 0
0.02562500000000003 0.0002165063509422718 0
0.02500000000000096 0.0004330127018864361 0
0.02575000000000089 0.0004330127018859885 0
0.02525000000000056 0.0004330127018862566 0
0.02537500000000038 0.0002165063509429327 0
0.02637500000000039 0.000216506350943212 0
0.02600000000000059 0.0004330127018859747 0
0.02675000000000063 0.0004330127018884675 0
0.02612500000000048 0.0002165063509429804 0
0.02650000000000071 0.0004330127018871994 0
0.02687500000000008 0.0006495190528329302 0
0.02712499999999996 0.0006495190528324549 0
0.02725000000000001 0.0004330127018873971 0
0.02749999999999967 0.0004330127018871751 0
0.02774999999999988 0.0004330127018869357 0
0.02799999999999999 0.0004330127018868724 0
0.02824999999999987 0.000433012701886783 0
0.02900000000000033 0.0004330127018881275 0
0.0285 0.0004330127018867484 0
0.02875000000000024 0.0004330127018869808 0
0.0291250000000001 0.0006495190528314513 0
0.02987499999999899 0.0002165063509435476 0
0.02937499999999988 0.0006495190528327515 0
0.02949999999999774 0.0004330127018883252 0
0.02962499999999804 0.0002165063509438521 0
0.02999999999999968 0.0004330127018865376 0
0.03024999999999974 0.000433012701886463 0
0.03100000000000031 0.0004330127018877293 0
0.03049999999999999 0.000433012701886254 0
0.03075000000000024 0.000433012701886411 0
0.03112500000000004 0.0006495190528313897 0
0.03212500000000001 0.0002165063509410158 0
0.03137499999999979 0.0006495190528322901 0
0.0322500000000001 0.0004330127018848853 0
0.03150000000000067 0.0004330127018868707 0
0.03250000000000001 0.0004330127018863546 0
0.03175000000000026 0.0004330127018848367 0
0.03187500000000016 0.0002165063509420861 0
0.03262499999999985 0.0006495190528311157 0
0.0336250000000004 0.000216506350941682 0
0.03287500000000132 0.000649519052830159 0
0.03312500000000553 0.0006495190528284338 0
0.03325000000000256 0.0004330127018840517 0
0.03437500000000061 0.0002165063509415015 0
0.03337500000000089 0.0002165063509421 0
0.03375000000000171 0.0004330127018835348 0
0.03400000000000121 0.0004330127018832199 0
0.03412500000000095 0.0002165063509415909 0
0.0345000000000019 0.0004330127018832659 0
0.03512500000000007 0.0002165063509399151 0
0.03524999999999977 0.000433012701884959 0
0.03475000000000115 0.0004330127018828721 0
0.03487500000000071 0.0002165063509411026 0
0.03549999999999945 0.0004330127018850405 0
0.03574999999999979 0.0004330127018846355 0
0.03599999999999998 0.000433012701884514 0
0.03812499999999978 0.0002165063509392672 0
0.03624999999999984 0.0004330127018843085 0
0.03674999999999997 0.000433012701884357 0
0.0369999999999998 0.0004330127018845938 0
0.03824999999999897 0.0004330127018837256 0
0.03649999999999989 0.0004330127018844091 0
0.0372499999999998 0.000433012701884429 0
0.0375000000000011 0.0004330127018834801 0
0.03887499999999702 0.0002165063509403896 0
0.03775000000000033 0.0004330127018823716 0
0.0390000304204338 0.0004330170994212091 0
0.0378750000000002 0.0002165063509409664 0
0.03849999999999908 0.0004330127018841758 0
0.03862499999999858 0.0002165063509412353 0
0.03925063911804192 0.0004316339207484964 0
0.03937348437020116 0.000213686583768859 0
0.0006273769288634365 0.002814095921758032 0
0.008876221182101072 0.00979057714469514 0
0.00574581563784248 0.00956125902267577 0
0.0371242586294749 0.009769612898767018 0
0.03699853833481676 0.009532827936621229 0
0.0313642780021607 0.008874353443695523 0
0.03525125862564728 0.00909228004899499 0
0.02703959685238657 0.009552297769167535 0
0.009252004519011512 0.009095177643845605 0
0.0271056880507828 0.00887625389093433 0
0.03953469249542899 0.006929571428365084 0
0.03936950825953479 0.001945760178830233 0
0.03500341819836107 0.009084891849268955 0
0.0346236964822699 0.008870199382449399 0
0.0006323849176691695 0.004547377266244888 0
0.009373569848861956 0.009319505873168092 0
0.0313720907567039 0.009512555658319623 0
0.0394763277817167 0.001729764277805536 0
0.03961847002350487 0.009786289777815479 0
0.0003812974873222477 0.009786799339143793 0
0.02781413772827815 0.009650126726463978 0
0.003758873295782363 0.009556034966673562 0
0.03961615298587192 0.0002062511630335391 0
0.0003838721255538385 0.000206249327966799 0
0.03912300954282125 0.007139856738628448 0
0.0348851155064082 0.008869639699437205 0
0.0005251700222386607 0.004765734307551018 0
0.03511504082441058 0.009751430145820738 0
0.0005164280721502157 0.003036493596904134 0
0.03936269516435905 0.006278249637933687 0
0.002880933230964843 0.009314474473849848 0
0.03166165852507922 0.009775153648613309 0
0.001495130899050862 0.009533986096142403 0
0.007367075985117022 0.009311043410962767 0
0.02826118261780354 0.0090836603461758 0
0.003381696898298085 0.009779850545934986 0
0.008631006600844305 0.009783620168383751 0
0.03450524482405243 0.009075483702787964 0
0.0394716765955073 0.006499612548515226 0
0.0274039222254055 0.009792151470097394 0
0.03184439276192753 0.009563727647146629 0
0.03425438488271742 0.009068452778643229 0
0.0398106846976907 0.006375000000000002 0
0.03212947239266237 0.009834627030691909 0
0.03959501241516111 0.001529542742914889 0
0.0004019237886479059 0.001500000000001651 0
0.0004048296158470667 0.008000394906285728 0
0.03959525944423355 0.008000340421350723 0
0.03960558150890744 0.003247073156393999 0
0.0004056350393167943 0.004975505043073374 0
0.03959681879078589 0.004995916500470383 0
0.03400283443580578 0.009061003323059102 0
0.0006578494663645879 0.003236860109512809 0
0.009001419192301621 0.009561514422911491 0
0.0004084914080760421 0.006261029002464178 0
0.0001841884586198765 0.00462674986662057 0
0.02801700069162268 0.009069639257818812 0
0.0323653315571534 0.009541840470404381 0
0.0004088153746376541 0.006732330981570641 0
0.03982184634533625 0.001875 0
0.03375261210195929 0.009053662694276713 0
0.03960434884240138 0.004479682553008485 0
0.03959727963092538 0.006706216507103181 0
0.0004063311263072973 0.001974978807303675 0
0.03287567737386799 0.00884110621032194 0
0.0004123196355266256 0.008473301371412362 0
0.03958927110892255 0.008472341944429725 0
0.0004119192096136357 0.009282632570042838 0
0.03958808647799598 0.009282606158661246 0
0.03258329135531572 0.00958887334065652 0
0.0001717653069800706 0.002874999999999999 0
0.03958493079173002 0.003708818236926465 0
0.0275635771420253 0.009606663064645828 0
0.03349449917241773 0.00904011319276293 0
0.03959154421359094 0.002785537004682225 0
0.0001696469100208355 0.007625000000000002 0
0.0398303530899816 0.007625 0
0.0332480976118233 0.009030578436206083 0
0.000408920476646233 0.003708271041806551 0
0.0395837961391542 0.005449676342328675 0
0.000167813549796933 0.005875000000000001 0
0.03982858030868637 0.005869952597212278 0
0.0001642089382466981 0.0006322019530914658 0
0.03983580833139674 0.0006320810827887902 0
0.0001671846234577029 0.007124999999999999 0
0.0001668393189303147 0.004125 0
0.0001667242174209077 0.002375 0
0.03983327578257975 0.002375 0
0.0001666707986271929 0.008875000000000004 0
0.0398333292013778 0.008874999999999996 0
0.03287892871403157 0.009843404140499877 0
0.03958012701892501 0.004087713240254214 0
0.0001654703705123509 0.001113964877148946 0
0.0001705798725124656 0.005387381909223083 0
0.03983249588501103 0.001108452640306238 0
0.02776881236240457 0.009049677309073634 0
0.03311522650752846 0.009575126754936741 0
0.0331234085523552 0.008841072088024317 0
0.02694165600780588 0.009087553377517321 0
0.03337499999999997 0.009847296769271555 0
0.02784605281761464 0.00983821842801256 0
0.03274927706695255 0.009023430344021201 0
0.03984756015733687 0.007125000000000001 0
0.03119385493017106 0.009094481467088054 0
0.0398169872981078 0.009816987298107788 0
0.0001830127018923183 0.0001830127018922307 0
0.03981698729810779 0.0001830127018922203 0
0.0001830127018923149 0.009816987298107779 0
0.03250111000545536 0.009019112480966721 0
0.03361479488012344 0.009590591367579861 0
0.03105972669943823 0.0092677669279799 0
0.03225244991265883 0.009015473251921195 0
0.03386475789630822 0.009854314022291165 0
0.02753843441795427 0.009037432316678081 0
0.03966181172812407 0.006489507777222073 0
0.02818772760436983 0.009819075615458178 0
0.02680401875166086 0.009268792047835605 0
0.03200273050749418 0.009010924350849256 0
0.03120158601479794 0.009571438199292844 0
0.0341026307824249 0.009612395541222705 0
0.0005814267461382201 0.003403171877743009 0
0.000334856742090283 0.004738088914367329 0
0.03966490925940182 0.001759499165999642 0
0.03175835473693706 0.009012190888755597 0
0.03965498689811987 0.00426512405174212 0
$EndNodes
$Elements
9 15178 1 15178
0 1 15 1
1 1 
0 6 15 1
2 6 
1 1 1 160
3 1 7 
4 7 8 
5 8 9 
6 9 10 
7 10 11 
8 11 12 
9 12 13 
10 13 14 
11 14 15 
12 15 16 
13 16 17 
14 17 18 
15 18 19 
16 19 20 
17 20 21 
18 21 22 
19 22 23 
20 23 24 
21 24 25 
22 25 26 
23 26 27 
24 27 28 
25 28 29 
26 29 30 
27 30 31 
28 31 32 
29 32 33 
30 33 34 
31 34 35 
32 35 36 
33 36 37 
34 37 38 
35 38 39 
36 39 40 
37 40 41 
38 41 42 
39 42 43 
40 43 44 
41 44 45 
42 45 46 
43 46 47 
44 47 48 
45 48 49 
46 49 50 
47 50 51 
48 51 52 
49 52 53 
50 53 54 
51 54 55 
52 55 56 
53 56 57 
54 57 58 
55 58 59 
56 59 60 
57 60 61 
58 61 62 
59 62 63 
60 63 64 
61 64 65 
62 65 66 
63 66 67 
64 67 68 
65 68 69 
66 69 70 
67 70 71 
68 71 72 
69 72 73 
70 73 74 
71 74 75 
72 75 76 
73 76 77 
74 77 78 
75 78 79 
76 79 80 
77 80 81 
78 81 82 
79 82 83 
80 83 84 
81 84 85 
82 85 86 
83 86 87 
84 87 88 
85 88 89 
86 89 90 
87 90 91 
88 91 92 
89 92 93 
90 93 94 
91 94 95 
92 95 96 
93 96 97 
94 97 98 
95 98 99 
96 99 100 
97 100 101 
98 101 102 
99 102 103 
100 103 104 
101 104 105 
102 105 106 
103 106 107 
104 107 108 
105 108 109 
106 109 110 
107 110 111 
108 111 112 
109 112 113 
110 113 114 
111 114 115 
112 115 116 
113 116 117 
114 117 118 
115 118 119 
116 119 120 
117 120 121 
118 121 122 
119 122 123 
120 123 124 
121 124 125 
122 125 126 
123 126 127 
124 127 128 
125 128 129 
126 129 130 
127 130 131 
128 131 132 
129 132 133 
130 133 134 
131 134 135 
132 135 136 
133 136 137 
134 137 138 
135 138 139 
136 139 140 
137 140 141 
138 141 142 
139 142 143 
140 143 144 
141 144 145 
142 145 146 
143 146 147 
144 147 148 
145 148 149 
146 149 150 
147 150 151 
148 151 152 
149 152 153 
150 153 154 
151 154 155 
152 155 156 
153 156 157 
154 157 158 
155 158 159 
156 159 160 
157 160 161 
158 161 162 
159 162 163 
160 163 164 
161 164 165 
162 165 2 
1 2 1 19
163 2 166 
164 166 167 
165 167 168 
166 168 169 
167 169 170 
168 170 171 
169 171 172 
170 172 173 
171 173 174 
172 174 175 
173 175 176 
174 176 177 
175 177 178 
176 178 179 
177 179 180 
178 180 181 
179 181 182 
180 182 183 
181 183 3 
1 3 1 2
182 3 184 
183 184 4 
1 4 1 19
184 4 185 
185 185 186 
186 186 187 
187 187 188 
188 188 189 
189 189 190 
190 190 191 
191 191 192 
192 192 193 
193 193 194 
194 194 195 
195 195 196 
196 196 197 
197 197 198 
198 198 199 
199 199 200 
200 200 201 
201 201 202 
202 202 5 
1 5 1 160
203 5 203 
204 203 204 
205 204 205 
206 205 206 
207 206 207 
208 207 208 
209 208 209 
210 209 210 
211 210 211 
212 211 212 
213 212 213 
214 213 214 
215 214 215 
216 215 216 
217 216 217 
218 217 218 
219 218 219 
220 219 220 
221 220 221 
222 221 222 
223 222 223 
224 223 224 
225 224 225 
226 225 226 
227 226 227 
228 227 228 
229 228 229 
230 229 230 
231 230 231 
232 231 232 
233 232 233 
234 233 234 
235 234 235 
236 235 236 
237 236 237 
238 237 238 
239 238 239 
240 239 240 
241 240 241 
242 241 242 
243 242 243 
244 243 244 
245 244 245 
246 245 246 
247 246 247 
248 247 248 
249 248 249 
250 249 250 
251 250 251 
252 251 252 
253 252 253 
254 253 254 
255 254 255 
256 255 256 
257 256 257 
258 257 258 
259 258 259 
260 259 260 
261 260 261 
262 261 262 
263 262 263 
264 263 264 
265 264 265 
266 265 266 
267 266 267 
268 267 268 
269 268 269 
270 269 270 
271 270 271 
272 271 272 
273 272 273 
274 273 274 
275 274 275 
276 275 276 
277 276 277 
278 277 278 
279 278 279 
280 279 280 
281 280 281 
282 281 282 
283 282 283 
284 283 284 
285 284 285 
286 285 286 
287 286 287 
288 287 288 
289 288 289 
290 289 290 
291 290 291 
292 291 292 
293 292 293 
294 293 294 
295 294 295 
296 295 296 
297 296 297 
298 297 298 
299 298 299 
300 299 300 
301 300 301 
302 301 302 
303 302 303 
304 303 304 
305 304 305 
306 305 306 
307 306 307 
308 307 308 
309 308 309 
310 309 310 
311 310 311 
312 311 312 
313 312 313 
314 313 314 
315 314 315 
316 315 316 
317 316 317 
318 317 318 
319 318 319 
320 319 320 
321 320 321 
322 321 322 
323 322 323 
324 323 324 
325 324 325 
326 325 326 
327 326 327 
328 327 328 
329 328 329 
330 329 330 
331 330 331 
332 331 332 
333 332 333 
334 333 334 
335 334 335 
336 335 336 
337 336 337 
338 337 338 
339 338 339 
340 339 340 
341 340 341 
342 341 342 
343 342 343 
344 343 344 
345 344 345 
346 345 346 
347 346 347 
348 347 348 
349 348 349 
350 349 350 
351 350 351 
352 351 352 
353 352 353 
354 353 354 
355 354 355 
356 355 356 
357 356 357 
358 357 358 
359 358 359 
360 359 360 
361 360 361 
362 361 6 
1 6 1 40
363 6 362 
364 362 363 
365 363 364 
366 364 365 
367 365 366 
368 366 367 
369 367 368 
370 368 369 
371 369 370 
372 370 371 
373 371 372 
374 372 373 
375 373 374 
376 374 375 
377 375 376 
378 376 377 
379 377 378 
380 378 379 
381 379 380 
382 380 381 
383 381 382 
384 382 383 
385 383 384 
386 384 385 
387 385 386 
388 386 387 
389 387 388 
390 388 389 
391 389 390 
392 390 391 
393 391 392 
394 392 393 
395 393 394 
396 394 395 
397 395 396 
398 396 397 
399 397 398 
400 398 399 
401 399 400 
402 400 1 
2 1 2 14776
403 3982 7493 550 
404 4055 4057 2262 
405 4057 7470 2262 
406 434 3990 381 
407 3938 3987 507 
408 547 3986 3936 
409 225 4081 224 
410 469 4261 171 
411 3928 5999 552 
412 4172 6826 5706 
413 4969 4971 2269 
414 3917 6126 4239 
415 4173 5754 446 
416 555 5585 3974 
417 3955 5833 557 
418 472 6062 4714 
419 3931 5528 467 
420 550 7535 3982 
421 3916 7055 6064 
422 3930 6022 435 
423 6082 6083 3794 
424 4059 7505 7496 
425 7496 7505 457 
426 4971 7474 2269 
427 3987 7541 507 
428 547 7540 3986 
429 224 4081 4048 
430 4076 7518 4073 
431 3942 3943 445 
432 444 4232 4231 
433 552 7544 3928 
434 222 7492 221 
435 3859 4071 4070 
436 554 4238 4237 
437 4258 4259 556 
438 423 4024 4022 
439 420 7580 4961 
440 3940 3983 548 
441 518 7508 4053 
442 4053 7522 518 
443 4972 7472 5198 
444 6064 7055 3832 
445 423 4048 4024 
446 5706 6826 3976 
447 6126 7557 4239 
448 3933 3934 549 
449 3814 4013 4012 
450 3859 4070 4069 
451 3814 4012 4011 
452 446 7536 4173 
453 420 4961 4960 
454 546 6766 3981 
455 3977 3978 509 
456 381 3990 380 
457 4009 4010 450 
458 434 7514 3990 
459 171 4261 170 
460 4008 4009 450 
461 472 4339 367 
462 197 4153 467 
463 224 4048 223 
464 3811 7486 3813 
465 469 7509 4261 
466 5585 7532 3974 
467 3955 7533 5833 
468 480 4081 225 
469 526 7481 4059 
470 5272 7480 5227 
471 3943 7546 445 
472 444 7545 4232 
473 3951 3953 496 
474 501 4337 4336 
475 220 4060 531 
476 5272 7518 4076 
477 4059 7496 526 
478 467 7531 3931 
479 4714 7530 472 
480 3974 7484 555 
481 557 7483 3955 
482 221 7492 4060 
483 550 7493 6045 
484 4961 7580 4968 
485 3020 6922 4013 
486 3975 3977 454 
487 464 3981 3980 
488 4312 7475 3191 
489 4723 4960 4720 
490 3203 4069 3816 
491 4973 7472 4970 
492 205 3992 204 
493 471 3947 3945 
494 212 4016 211 
495 3960 3961 530 
496 219 4018 218 
497 4950 4953 406 
498 241 4954 240 
499 4944 4946 523 
500 4940 4942 440 
501 4937 4938 524 
502 247 4958 246 
503 247 4959 4958 
504 248 4959 247 
505 5195 5198 430 
506 258 5228 257 
507 5188 5191 481 
508 261 5229 260 
509 5181 5184 431 
510 264 5230 263 
511 5174 5177 475 
512 267 5231 266 
513 5167 5170 424 
514 270 5232 269 
515 5161 5163 519 
516 5157 5159 458 
517 5153 5155 539 
518 5148 5151 403 
519 279 5233 278 
520 5141 5144 478 
521 282 5234 281 
522 5135 5137 418 
523 5130 5133 528 
524 287 5235 286 
525 5124 5126 441 
526 5119 5122 529 
527 292 5236 291 
528 5112 5115 419 
529 295 5237 294 
530 5105 5108 479 
531 298 5238 297 
532 5098 5101 402 
533 301 5239 300 
534 5092 5094 520 
535 5087 5090 439 
536 306 5240 305 
537 5081 5083 482 
538 308 5255 307 
539 308 5256 5255 
540 309 5256 308 
541 5199 6264 421 
542 334 3994 333 
543 514 5204 5202 
544 337 3995 336 
545 438 5208 5206 
546 341 4061 340 
547 525 5215 5213 
548 401 5219 5217 
549 344 3997 343 
550 521 5223 5221 
551 455 5227 5225 
552 506 3969 3968 
553 357 4067 356 
554 358 3998 357 
555 3998 4067 357 
556 498 3972 3970 
557 330 4068 329 
558 3993 4068 330 
559 331 3993 330 
560 4237 7547 554 
561 556 7548 4258 
562 421 5271 5199 
563 351 4010 350 
564 4954 4974 240 
565 5228 5257 257 
566 5229 5258 260 
567 5230 5259 263 
568 5231 5260 266 
569 5232 5261 269 
570 5233 5262 278 
571 5234 5263 281 
572 5235 5264 286 
573 5236 5265 291 
574 5237 5266 294 
575 5238 5267 297 
576 5239 5268 300 
577 5240 5269 305 
578 3875 7467 4384 
579 4003 6286 3969 
580 3274 4008 3968 
581 3930 7526 6022 
582 3958 4084 504 
583 3957 4083 442 
584 3967 4082 443 
585 5242 5270 316 
586 7522 7534 518 
587 5199 5271 5200 
588 5706 7513 4172 
589 3202 4015 3025 
590 5198 7581 4972 
591 223 4048 423 
592 316 5270 315 
593 240 4974 239 
594 257 5257 256 
595 260 5258 259 
596 263 5259 262 
597 266 5260 265 
598 269 5261 268 
599 278 5262 277 
600 281 5263 280 
601 286 5264 285 
602 291 5265 290 
603 294 5266 293 
604 297 5267 296 
605 300 5268 299 
606 305 5269 304 
607 518 7534 5872 
608 4011 7495 3814 
609 533 7472 4973 
610 210 3999 209 
611 217 4000 216 
612 3195 4001 3194 
613 208 3991 207 
614 238 4955 237 
615 243 4956 242 
616 245 4957 244 
617 255 5243 254 
618 360 4063 359 
619 272 5244 271 
620 274 5245 273 
621 276 5246 275 
622 325 5247 324 
623 284 5248 283 
624 289 5249 288 
625 355 4002 354 
626 303 5250 302 
627 3205 4005 3204 
628 314 5251 313 
629 3808 4062 3809 
630 319 5252 318 
631 3812 4230 4006 
632 321 5253 320 
633 323 5254 322 
634 353 4007 352 
635 312 5241 311 
636 317 5242 316 
637 367 4339 366 
638 198 4153 197 
639 447 3984 386 
640 3794 7523 6082 
641 3983 7549 548 
642 3996 7467 3875 
643 3983 7107 453 
644 429 7555 4042 
645 445 3944 3942 
646 4067 7497 468 
647 3989 7475 510 
648 386 3984 385 
649 4042 7561 429 
650 3887 6608 4017 
651 215 3962 214 
652 3201 4019 3852 
653 3875 6776 3996 
654 4256 4258 499 
655 497 4237 4236 
656 186 4103 185 
657 4009 7495 4011 
658 3964 7498 4004 
659 3859 4401 4071 
660 6083 7519 3794 
661 3934 3935 549 
662 4953 7575 4058 
663 3978 3979 509 
664 545 6969 4232 
665 6250 7500 4014 
666 452 4017 3959 
667 3961 3962 530 
668 531 4019 3956 
669 484 3996 3948 
670 3939 5768 4066 
671 4058 7583 4953 
672 4973 7537 7504 
673 3813 7486 4014 
674 1843 7562 7529 
675 3980 3982 464 
676 5755 7556 5576 
677 435 7515 3930 
678 531 4060 4019 
679 221 4060 220 
680 3988 3989 451 
681 7466 7501 4072 
682 468 7497 4003 
683 3191 7475 4065 
684 6064 7510 3916 
685 549 7550 3933 
686 3985 6969 545 
687 4076 7480 5272 
688 510 7567 3989 
689 457 7505 4053 
690 3815 6286 4003 
691 3275 4008 3274 
692 4720 4960 4721 
693 3859 4069 3203 
694 4004 7498 4015 
695 4071 4401 4074 
696 4053 7508 457 
697 4968 7580 250 
698 3962 7469 7468 
699 7468 7469 4017 
700 4065 7489 3191 
701 423 7492 222 
702 2289 6242 4074 
703 4236 4239 497 
704 499 4260 4256 
705 3020 4013 3814 
706 4013 6922 3813 
707 4072 7501 4070 
708 7504 7537 477 
709 6062 7511 4714 
710 3931 7512 5528 
711 3945 3991 471 
712 500 4001 3954 
713 471 3999 3947 
714 4953 4955 406 
715 530 4000 3960 
716 4942 4956 440 
717 4938 4957 524 
718 523 4956 4944 
719 440 4957 4940 
720 5198 5243 430 
721 5202 5241 514 
722 5213 5242 525 
723 5159 5244 458 
724 5155 5245 539 
725 5151 5246 403 
726 519 5244 5161 
727 458 5245 5157 
728 5133 5248 528 
729 539 5246 5153 
730 5122 5249 529 
731 418 5248 5135 
732 441 5249 5124 
733 5090 5250 439 
734 520 5250 5092 
735 426 4005 3963 
736 5206 5251 438 
737 5217 5252 401 
738 422 4062 3965 
739 5221 5253 521 
740 514 5251 5204 
741 513 4006 3949 
742 5225 5254 455 
743 525 5252 5215 
744 401 5253 5219 
745 483 4004 3950 
746 521 5254 5223 
747 3968 4007 506 
748 455 5247 5227 
749 506 4002 3969 
750 498 4063 3972 
751 4017 6608 3959 
752 530 3962 215 
753 3956 4019 3201 
754 3996 6776 3948 
755 4024 4048 4026 
756 4014 7500 4012 
757 453 7107 3986 
758 3987 3988 451 
759 3025 4015 3026 
760 500 3992 205 
761 3954 3992 500 
762 452 4016 212 
763 3959 4016 452 
764 531 4018 219 
765 3956 4018 531 
766 523 4954 241 
767 4946 4954 523 
768 420 4959 248 
769 481 5228 258 
770 5191 5228 481 
771 431 5229 261 
772 5184 5229 431 
773 475 5230 264 
774 5177 5230 475 
775 424 5231 267 
776 5170 5231 424 
777 519 5232 270 
778 5163 5232 519 
779 478 5233 279 
780 5144 5233 478 
781 418 5234 282 
782 5137 5234 418 
783 504 4016 3958 
784 211 4016 504 
785 441 5235 287 
786 5126 5235 441 
787 419 5236 292 
788 5115 5236 419 
789 442 4018 3957 
790 479 5237 295 
791 5108 5237 479 
792 218 4018 442 
793 402 5238 298 
794 5101 5238 402 
795 520 5239 301 
796 5094 5239 520 
797 482 5240 306 
798 5083 5240 482 
799 421 5256 309 
800 421 6264 5256 
801 426 3994 334 
802 3963 3994 426 
803 484 3995 337 
804 3948 3995 484 
805 422 4061 341 
806 3965 4061 422 
807 524 4958 4937 
808 246 4958 524 
809 513 3997 344 
810 3949 3997 513 
811 483 3993 331 
812 3950 3993 483 
813 498 3998 358 
814 3970 3998 498 
815 482 5255 5081 
816 307 5255 482 
817 534 4061 3966 
818 340 4061 534 
819 356 4067 468 
820 329 4068 425 
821 250 7565 4968 
822 3981 7551 546 
823 509 7552 3977 
824 406 4974 4950 
825 430 5257 5195 
826 481 5258 5188 
827 431 5259 5181 
828 475 5260 5174 
829 424 5261 5167 
830 403 5262 5148 
831 478 5263 5141 
832 528 5264 5130 
833 529 5265 5119 
834 419 5266 5112 
835 479 5267 5105 
836 402 5268 5098 
837 439 5269 5087 
838 438 5270 5208 
839 350 4010 505 
840 450 4010 351 
841 3994 4077 333 
842 3995 4078 336 
843 3997 4079 343 
844 7529 7562 4047 
845 4019 4020 3852 
846 4959 4960 4723 
847 3816 4069 4068 
848 4001 4080 3806 
849 3806 4080 3991 
850 5200 5271 5241 
851 4004 4077 3964 
852 4005 4078 3807 
853 4062 4079 3856 
854 532 7564 4054 
855 185 4103 552 
856 4002 4003 3969 
857 3968 4008 4007 
858 5247 5272 5227 
859 504 4084 3999 
860 442 4083 4000 
861 4006 4082 3967 
862 504 3999 210 
863 209 3999 471 
864 442 4000 217 
865 216 4000 530 
866 471 3991 208 
867 3954 4001 3195 
868 3194 4001 3806 
869 237 4955 526 
870 406 4955 238 
871 440 4956 243 
872 242 4956 523 
873 524 4957 245 
874 244 4957 440 
875 430 5243 255 
876 254 5243 533 
877 458 5244 272 
878 271 5244 519 
879 273 5245 458 
880 539 5245 274 
881 403 5246 276 
882 275 5246 539 
883 522 5247 325 
884 324 5247 455 
885 514 5241 312 
886 283 5248 418 
887 528 5248 284 
888 525 5242 317 
889 529 5249 289 
890 288 5249 441 
891 354 4002 506 
892 468 4002 355 
893 439 5250 303 
894 302 5250 520 
895 3963 4005 3205 
896 3204 4005 3807 
897 313 5251 514 
898 438 5251 314 
899 3965 4062 3808 
900 359 4063 498 
901 3809 4062 3856 
902 4006 4230 3949 
903 401 5252 319 
904 318 5252 525 
905 3812 4006 3967 
906 521 5253 321 
907 320 5253 401 
908 322 5254 521 
909 455 5254 323 
910 506 4007 353 
911 352 4007 450 
912 4054 7574 532 
913 3991 4080 207 
914 5241 5271 311 
915 239 4974 406 
916 256 5257 430 
917 259 5258 481 
918 262 5259 431 
919 265 5260 475 
920 268 5261 424 
921 277 5262 403 
922 280 5263 478 
923 285 5264 528 
924 290 5265 529 
925 293 5266 419 
926 296 5267 479 
927 299 5268 402 
928 304 5269 439 
929 315 5270 438 
930 3964 4077 3994 
931 3807 4078 3995 
932 3856 4079 3997 
933 3966 7467 534 
934 3950 4015 3202 
935 5198 7472 5243 
936 554 7488 4238 
937 4259 7487 556 
938 4066 7489 4065 
939 4970 7472 4972 
940 4384 7467 3966 
941 4066 5768 2701 
942 4074 6242 4075 
943 4022 7492 423 
944 4073 7518 4072 
945 4074 4401 2289 
946 4173 7513 5754 
947 4063 7484 3974 
948 3953 7554 496 
949 501 7553 4337 
950 4048 4081 4026 
951 3939 4066 3988 
952 4071 4072 4070 
953 3955 7483 3992 
954 3967 7486 3811 
955 4036 7542 7538 
956 4017 7469 3887 
957 3962 7468 214 
958 511 7556 5755 
959 3977 7552 454 
960 464 7551 3981 
961 3936 7511 547 
962 507 7512 3938 
963 3992 7483 204 
964 443 7486 3967 
965 5576 7536 5755 
966 1829 7490 7478 
967 480 7577 4064 
968 472 7530 4339 
969 4153 7531 467 
970 4064 7584 480 
971 3917 7510 6126 
972 360 7484 4063 
973 4336 7532 501 
974 496 7533 3951 
975 4075 6242 4933 
976 3928 7515 5999 
977 546 7528 6766 
978 4973 7504 533 
979 4231 7519 444 
980 454 7539 3975 
981 548 7523 3940 
982 4239 6239 3917 
983 4236 6239 4239 
984 4253 4260 4254 
985 4256 4260 4253 
986 3813 4014 4013 
987 3988 4065 3989 
988 3275 4009 4008 
989 6046 7585 4179 
990 4955 7583 526 
991 4026 4081 4029 
992 4009 4011 4010 
993 7538 7542 2258 
994 4019 4060 4020 
995 4020 4021 3852 
996 3961 7469 3962 
997 452 7468 4017 
998 484 4085 3996 
999 186 7546 4103 
1000 4960 4961 4721 
1001 3980 7465 3982 
1002 4260 4261 4254 
1003 453 7549 3983 
1004 5872 7534 4042 
1005 4071 4073 4072 
1006 5210 5270 5242 
1007 526 7583 7481 
1008 483 4077 4004 
1009 426 4078 4005 
1010 422 4079 4062 
1011 3806 3991 3945 
1012 5200 5241 5202 
1013 5210 5242 5213 
1014 4944 4956 4942 
1015 4940 4957 4938 
1016 5161 5244 5159 
1017 5157 5245 5155 
1018 5153 5246 5151 
1019 5135 5248 5133 
1020 5124 5249 5122 
1021 5092 5250 5090 
1022 5204 5251 5206 
1023 5215 5252 5217 
1024 5219 5253 5221 
1025 5223 5254 5225 
1026 3972 4063 3974 
1027 500 4080 4001 
1028 346 4082 345 
1029 3278 6953 4084 
1030 4083 6263 3198 
1031 4013 4014 4012 
1032 4042 7555 5872 
1033 420 4960 4959 
1034 4068 4069 425 
1035 4010 4011 505 
1036 339 4085 338 
1037 7478 7490 4028 
1038 335 4078 426 
1039 332 4077 483 
1040 342 4079 422 
1041 4948 4974 4954 
1042 4950 4974 4948 
1043 5195 5257 5193 
1044 5193 5257 5228 
1045 5186 5258 5229 
1046 5188 5258 5186 
1047 5179 5259 5230 
1048 5181 5259 5179 
1049 5172 5260 5231 
1050 5174 5260 5172 
1051 5167 5261 5165 
1052 5165 5261 5232 
1053 5148 5262 5146 
1054 5146 5262 5233 
1055 5141 5263 5139 
1056 5139 5263 5234 
1057 5130 5264 5128 
1058 5128 5264 5235 
1059 5119 5265 5117 
1060 5117 5265 5236 
1061 5112 5266 5110 
1062 5110 5266 5237 
1063 5105 5267 5103 
1064 5103 5267 5238 
1065 5098 5268 5096 
1066 5096 5268 5239 
1067 5087 5269 5085 
1068 5085 5269 5240 
1069 5208 5270 5210 
1070 333 4077 332 
1071 336 4078 335 
1072 343 4079 342 
1073 468 4003 4002 
1074 4004 4015 3950 
1075 4007 4008 450 
1076 3978 7476 3979 
1077 522 5272 5247 
1078 206 4080 500 
1079 207 4080 206 
1080 310 5271 421 
1081 311 5271 310 
1082 4179 7585 3296 
1083 3934 7479 3935 
1084 3999 4084 3947 
1085 4000 4083 3960 
1086 513 4082 4006 
1087 443 4082 346 
1088 345 4082 513 
1089 4084 6953 3947 
1090 3278 4084 3958 
1091 3960 4083 3198 
1092 3957 6263 4083 
1093 3988 4066 4065 
1094 4020 4022 4021 
1095 534 4085 339 
1096 338 4085 484 
1097 4961 4962 4721 
1098 4258 7548 499 
1099 497 7547 4237 
1100 4933 7473 4075 
1101 4071 4074 4073 
1102 4069 4070 425 
1103 4011 4012 505 
1104 4022 4023 4021 
1105 4961 4963 4962 
1106 4074 4075 4073 
1107 4022 4024 4023 
1108 4963 4964 4962 
1109 4961 4968 4963 
1110 4075 4076 4073 
1111 4024 4025 4023 
1112 4963 4965 4964 
1113 4024 4026 4025 
1114 4025 4028 4023 
1115 4965 4966 4964 
1116 4026 4027 4025 
1117 4965 4967 4966 
1118 4026 4029 4027 
1119 4967 4969 4966 
1120 4029 4030 4027 
1121 4967 4970 4969 
1122 4029 4031 4030 
1123 4967 4973 4970 
1124 4970 4971 4969 
1125 4031 4032 4030 
1126 4970 4972 4971 
1127 4031 4033 4032 
1128 4031 4064 4033 
1129 4033 4034 4032 
1130 4033 4035 4034 
1131 4035 4036 4034 
1132 7459 7463 6777 
1133 4660 4666 2333 
1134 4666 5938 2333 
1135 1852 6456 1850 
1136 4680 6456 1852 
1137 1854 4680 1852 
1138 4653 4655 2335 
1139 2335 6415 4653 
1140 4653 6415 4650 
1141 1860 4673 1858 
1142 4646 4648 2339 
1143 2339 6529 4646 
1144 7414 7417 125 
1145 4646 6529 4643 
1146 4035 4037 4036 
1147 1866 4664 1864 
1148 4639 4641 2342 
1149 2342 6029 4639 
1150 4639 6029 4637 
1151 4637 6029 2368 
1152 4635 4637 2368 
1153 2368 5787 4635 
1154 4635 5787 4633 
1155 4669 7369 4670 
1156 4633 5787 2370 
1157 4631 4633 2370 
1158 1878 6543 1876 
1159 4738 6543 1878 
1160 1880 4738 1878 
1161 4624 4626 2341 
1162 1884 4712 1882 
1163 4621 6484 4619 
1164 4619 6484 2345 
1165 4617 4619 2345 
1166 1890 5038 1888 
1167 3026 4101 2291 
1168 4613 4615 2373 
1169 1894 5382 1892 
1170 4609 4611 2374 
1171 1898 4684 1896 
1172 1898 6467 4684 
1173 1900 6467 1898 
1174 4602 4604 2352 
1175 1904 4662 1902 
1176 26 7034 25 
1177 4227 6396 436 
1178 4599 6539 4597 
1179 4226 4227 436 
1180 4597 6539 2355 
1181 7379 7383 6081 
1182 4595 4597 2355 
1183 1910 4682 1908 
1184 1910 6368 4682 
1185 4667 4669 4268 
1186 4666 4667 4268 
1187 1912 6368 1910 
1188 6461 7181 2639 
1189 4588 4590 2358 
1190 4268 5938 4666 
1191 1916 4676 1914 
1192 2333 6456 4660 
1193 1916 6509 4676 
1194 1918 6509 1916 
1195 3829 7203 5502 
1196 1850 6456 2333 
1197 2335 4680 1854 
1198 4581 4583 2359 
1199 5454 7242 3685 
1200 4655 4680 2335 
1201 1922 4675 1920 
1202 4650 6415 4673 
1203 4578 6517 4576 
1204 2339 4673 1860 
1205 4673 6415 1858 
1206 2423 6583 2394 
1207 7427 7429 5321 
1208 4576 6517 2357 
1209 4367 7034 26 
1210 4648 4673 2339 
1211 4574 4576 2357 
1212 6374 6375 3821 
1213 2427 6678 2425 
1214 491 7429 7427 
1215 4092 7057 6931 
1216 4365 4366 494 
1217 1928 4672 1926 
1218 4898 7159 4897 
1219 4571 6564 4569 
1220 4643 6529 4664 
1221 2342 4664 1866 
1222 4644 7351 7350 
1223 4569 6564 2354 
1224 4641 4664 2342 
1225 4567 4569 2354 
1226 4664 6529 1864 
1227 2663 4090 4088 
1228 4157 6678 2427 
1229 1934 4677 1932 
1230 5373 5496 3038 
1231 3904 7252 3151 
1232 5374 5568 1317 
1233 29 4368 28 
1234 1934 6500 4677 
1235 6931 7057 2639 
1236 1936 6500 1934 
1237 4362 6119 4361 
1238 3727 7282 4876 
1239 5068 5568 5374 
1240 3907 7262 3253 
1241 4361 6119 409 
1242 2147 5568 5068 
1243 4560 4562 2351 
1244 2147 5068 5066 
1245 27 4367 26 
1246 2429 4157 2427 
1247 409 6560 4361 
1248 1165 6252 1163 
1249 6034 6560 409 
1250 2309 4100 4086 
1251 1940 4671 1938 
1252 1299 4449 4448 
1253 3026 7247 4101 
1254 4448 5763 1299 
1255 4358 6560 6034 
1256 1942 6518 1940 
1257 4448 6309 5763 
1258 6034 6035 4358 
1259 1940 6518 4671 
1260 5763 6309 2077 
1261 4446 6282 5581 
1262 4358 6035 4363 
1263 1876 6543 2370 
1264 2370 6543 4631 
1265 4363 6035 486 
1266 4086 4993 2309 
1267 2341 4738 1880 
1268 2068 5785 4873 
1269 4553 4555 2350 
1270 4873 5785 4872 
1271 4874 6281 4875 
1272 4872 5785 1300 
1273 2433 4091 2431 
1274 1300 4874 4872 
1275 1300 6281 4874 
1276 4875 6281 5580 
1277 2341 4712 4624 
1278 1946 4665 1944 
1279 4626 4738 2341 
1280 3823 4117 3829 
1281 1948 6557 1946 
1282 1946 6557 4665 
1283 1882 4712 2341 
1284 4895 5566 5565 
1285 1318 6052 1143 
1286 6855 6882 4439 
1287 4894 5566 4895 
1288 1884 6484 4712 
1289 4546 4548 2347 
1290 2347 5713 4546 
1291 4712 6484 4621 
1292 2291 4101 2309 
1293 4546 5713 4544 
1294 4898 4924 1319 
1295 2345 5038 4617 
1296 4544 5713 2372 
1297 4923 6136 4924 
1298 4924 6136 1319 
1299 2135 6136 4923 
1300 4921 6128 2135 
1301 4542 4544 2372 
1302 2135 4923 4921 
1303 4922 6128 4921 
1304 1888 5038 2345 
1305 1320 6128 4922 
1306 2373 5038 1890 
1307 1956 4663 1954 
1308 2110 5851 5773 
1309 2373 5382 4613 
1310 6129 6384 6369 
1311 2110 5773 5772 
1312 3823 5454 4117 
1313 3598 7206 3046 
1314 1958 6537 1956 
1315 5992 6629 1321 
1316 1956 6537 4663 
1317 4615 5038 2373 
1318 5772 5992 2110 
1319 6796 7019 5450 
1320 2639 7181 6931 
1321 3502 7288 7287 
1322 5772 6629 5992 
1323 36 4435 35 
1324 5442 5784 5444 
1325 2374 5382 1894 
1326 1892 5382 2373 
1327 2236 7339 7338 
1328 4535 4537 2343 
1329 5446 5448 1322 
1330 2374 4684 4609 
1331 3042 5623 5567 
1332 4611 5382 2374 
1333 2343 5729 4535 
1334 4366 4367 494 
1335 6668 7028 5920 
1336 1119 5815 1117 
1337 2663 4091 4090 
1338 4535 5729 4533 
1339 1896 4684 2374 
1340 1756 7054 6851 
1341 4533 5729 2371 
1342 5534 5834 1323 
1343 5535 5834 5534 
1344 1747 4107 1756 
1345 1301 6605 5970 
1346 4531 4533 2371 
1347 2112 5834 5535 
1348 1323 6796 5534 
1349 4600 7275 7255 
1350 2352 4662 4602 
1351 3727 6998 6972 
1352 6972 6998 4227 
1353 2352 6467 1900 
1354 1323 7019 6796 
1355 1966 4674 1964 
1356 1902 4662 2352 
1357 4604 6467 2352 
1358 4528 6522 4526 
1359 5718 5817 5720 
1360 2511 5928 2509 
1361 1904 6539 4662 
1362 4107 7054 1756 
1363 4526 6522 2340 
1364 4662 6539 4599 
1365 4524 4526 2340 
1366 2355 4682 4595 
1367 4108 7033 3235 
1368 5565 5567 4895 
1369 3052 5390 5389 
1370 3052 5595 5390 
1371 1908 4682 2355 
1372 6555 7178 2967 
1373 2521 5929 2519 
1374 1972 4678 1970 
1375 1115 5449 1113 
1376 5835 5969 5801 
1377 2134 5955 5599 
1378 494 4367 27 
1379 2431 4091 2663 
1380 1319 7159 4898 
1381 5599 5955 5598 
1382 1972 6514 4678 
1383 5778 6660 6587 
1384 2358 4676 4588 
1385 6759 6954 3544 
1386 2358 6368 1912 
1387 1974 6514 1972 
1388 5598 5955 1325 
1389 2114 5375 4096 
1390 1302 6162 5662 
1391 1914 4676 2358 
1392 3228 7166 6730 
1393 4590 6368 2358 
1394 1302 5662 5661 
1395 5661 5712 1302 
1396 2114 4096 4095 
1397 2656 5986 5818 
1398 5661 5779 5712 
1399 4095 6168 2114 
1400 5606 6961 6552 
1401 5712 5779 2103 
1402 4097 6168 4095 
1403 4517 4519 2337 
1404 4667 7369 4669 
1405 4098 5837 4099 
1406 25 7034 436 
1407 4088 4157 2663 
1408 1623 6168 4097 
1409 39 6648 38 
1410 1764 4108 4094 
1411 4099 5837 2155 
1412 2359 4675 4581 
1413 7338 7339 3773 
1414 4097 5324 1623 
1415 4801 6915 4794 
1416 2359 6509 1918 
1417 4117 7203 3829 
1418 1920 4675 2359 
1419 1661 5837 4098 
1420 4227 6998 6396 
1421 410 4436 4433 
1422 1978 4679 1976 
1423 4432 4436 3226 
1424 5611 5613 2665 
1425 5611 6956 5345 
1426 5448 5449 1322 
1427 5606 5607 1624 
1428 4583 6509 2359 
1429 3035 4158 2678 
1430 4091 7057 4092 
1431 2357 4672 4574 
1432 1922 6517 4675 
1433 4514 6508 4512 
1434 6748 6997 3242 
1435 1521 6144 1519 
1436 1926 4672 2357 
1437 4675 6517 4578 
1438 5608 6124 2099 
1439 3821 6583 2423 
1440 1893 6816 1895 
1441 6375 6583 3821 
1442 5046 7020 2150 
1443 2394 6583 2393 
1444 5567 5623 4895 
1445 4512 6508 2336 
1446 2099 6124 6027 
1447 6711 7106 4182 
1448 4087 6417 2422 
1449 3232 6123 6028 
1450 476 6915 4801 
1451 2422 4311 4087 
1452 5535 5835 2112 
1453 4510 4512 2336 
1454 1624 6961 5606 
1455 5341 5343 2666 
1456 6166 6503 6123 
1457 1558 6945 1560 
1458 436 7034 4226 
1459 4035 4054 4037 
1460 2354 4677 4567 
1461 2663 4157 2429 
1462 2665 6956 5611 
1463 1928 6564 4672 
1464 6123 6503 6028 
1465 5988 6940 3236 
1466 12 4184 11 
1467 4037 4038 4036 
1468 2425 6678 3821 
1469 2336 6165 4510 
1470 1895 5283 1897 
1471 6417 6532 3598 
1472 1527 5325 1525 
1473 4672 6564 4571 
1474 494 4368 4365 
1475 1932 4677 2354 
1476 1554 6728 1556 
1477 4696 5304 5069 
1478 4852 6258 2150 
1479 1564 4699 1566 
1480 4510 6165 4508 
1481 5069 5304 1727 
1482 4087 6532 6417 
1483 1552 4850 1554 
1484 5970 6605 5835 
1485 1895 6816 5283 
1486 1511 5619 1509 
1487 1317 5495 5374 
1488 5337 5482 5339 
1489 1726 4697 4695 
1490 5496 7181 6461 
1491 5581 6282 4875 
1492 3821 6678 6374 
1493 28 4368 494 
1494 1725 6410 5378 
1495 4558 7195 7176 
1496 5374 5496 5373 
1497 3825 6997 6748 
1498 5817 5818 5720 
1499 2555 6032 2553 
1500 4508 6165 2369 
1501 2351 4671 4560 
1502 29 6119 4368 
1503 1764 4107 1747 
1504 5496 6461 3038 
1505 4850 6728 1554 
1506 4368 6119 4362 
1507 1540 6810 1542 
1508 4310 6929 6853 
1509 2351 6500 1936 
1510 4506 4508 2369 
1511 1938 4671 2351 
1512 5066 6252 2147 
1513 5047 5829 3550 
1514 42 4796 41 
1515 2545 5614 2543 
1516 15 4140 14 
1517 4240 4241 502 
1518 2369 5739 4506 
1519 2147 6252 1165 
1520 5435 5673 2086 
1521 1066 7224 7205 
1522 4238 6381 4241 
1523 5189 6268 5192 
1524 4562 6500 2351 
1525 3544 6954 5305 
1526 1538 4408 1540 
1527 1163 6252 1299 
1528 4094 4107 1764 
1529 1901 5289 1903 
1530 5434 5673 5435 
1531 5613 5614 2665 
1532 5580 5581 4875 
1533 1299 6252 4449 
1534 1330 5746 5745 
1535 5749 5752 2136 
1536 1722 4406 4404 
1537 2350 4665 4553 
1538 4506 5739 4504 
1539 1627 5673 5434 
1540 1322 5449 1115 
1541 3557 6918 6215 
1542 1627 5434 5430 
1543 4408 6810 1540 
1544 5722 7093 7000 
1545 2077 6309 5581 
1546 1944 4665 2350 
1547 4436 4438 4437 
1548 4873 6769 2068 
1549 2350 6518 1942 
1550 5581 6309 4446 
1551 1560 4698 1562 
1552 4504 5739 2157 
1553 2150 7020 4852 
1554 5660 5781 5780 
1555 2257 5288 5287 
1556 5535 5969 5835 
1557 410 4435 36 
1558 2551 5344 2549 
1559 3235 7033 4127 
1560 5183 6781 5287 
1561 1041 6047 1039 
1562 5779 5780 2103 
1563 4555 6518 2350 
1564 1719 6905 5831 
1565 4501 4504 2157 
1566 5429 5431 2139 
1567 4897 5566 4894 
1568 5305 6387 3544 
1569 5460 5856 3551 
1570 3235 4127 3220 
1571 5459 5856 5460 
1572 1560 6945 4698 
1573 5752 6109 2136 
1574 5615 7066 6981 
1575 3556 6199 5458 
1576 3235 6833 4108 
1577 3554 5459 5457 
1578 1499 5889 1497 
1579 5458 6199 5457 
1580 5753 6109 5752 
1581 5431 6009 2139 
1582 5457 6199 3554 
1583 3554 5856 5459 
1584 6746 6770 3827 
1585 6673 6904 5909 
1586 5062 6694 5060 
1587 5287 6781 2257 
1588 1303 6109 5753 
1589 1658 6697 6304 
1590 4363 6882 6855 
1591 5432 6009 5431 
1592 2157 6205 4501 
1593 2347 6557 1948 
1594 1143 6052 1141 
1595 2656 5818 5817 
1596 1628 6009 5432 
1597 1534 4407 1536 
1598 5566 6052 1318 
1599 1907 5285 1909 
1600 4433 4435 410 
1601 5324 5325 1623 
1602 4433 4436 4432 
1603 4847 4851 3549 
1604 1518 5063 1520 
1605 1311 4113 1312 
1606 2372 4663 4542 
1607 3236 6940 5620 
1608 5284 5480 2259 
1609 3827 6730 4093 
1610 4501 6205 4499 
1611 4093 6746 3827 
1612 4897 7159 6052 
1613 5767 6230 3241 
1614 1045 5747 1043 
1615 5766 6559 2101 
1616 3236 5620 5616 
1617 5062 6697 1658 
1618 1911 6717 1913 
1619 1658 6694 5062 
1620 4548 6557 2347 
1621 4241 6381 502 
1622 2967 6770 6746 
1623 5801 5970 5835 
1624 5343 5344 2666 
1625 1954 4663 2372 
1626 3830 6773 3231 
1627 2123 5990 5487 
1628 6981 7066 2664 
1629 486 6882 4363 
1630 1496 5911 1498 
1631 5826 5990 5985 
1632 4499 6205 2403 
1633 5985 5990 2123 
1634 5826 5985 1657 
1635 1312 4113 1340 
1636 4922 6384 1320 
1637 1657 5827 5826 
1638 4102 4398 3929 
1639 5445 5784 5442 
1640 3881 7173 3180 
1641 2101 6559 5470 
1642 1510 6222 1512 
1643 5470 5994 2101 
1644 5783 5784 5445 
1645 1913 5405 1915 
1646 4497 4499 2403 
1647 1913 6717 5405 
1648 2100 5910 5909 
1649 5851 6384 5773 
1650 5469 5994 5470 
1651 1724 4851 4848 
1652 6369 6384 4922 
1653 5806 5830 3562 
1654 4439 6882 4434 
1655 5773 6384 6129 
1656 1629 5994 5469 
1657 4127 4158 3220 
1658 5164 6213 5166 
1659 5469 5471 1629 
1660 5445 5815 5783 
1661 5304 5305 1727 
1662 2403 4992 4497 
1663 2673 5484 5483 
1664 4104 4113 1311 
1665 1322 5815 5446 
1666 2343 6537 1958 
1667 1321 6629 5784 
1668 4184 6734 11 
1669 5687 5804 3563 
1670 3565 5804 5688 
1671 5617 5620 1626 
1672 5471 5727 1629 
1673 5688 5804 5687 
1674 5781 6085 2664 
1675 3567 6682 5788 
1676 6709 7013 3575 
1677 5688 5740 3565 
1678 5450 7019 5449 
1679 6772 6773 3830 
1680 2084 4835 4833 
1681 5740 5791 3565 
1682 5168 5588 5171 
1683 5660 5780 5779 
1684 1033 6017 1031 
1685 5783 5815 1119 
1686 5472 5727 5471 
1687 5741 5791 5740 
1688 5909 6904 2100 
1689 3567 5791 5741 
1690 1117 5815 1322 
1691 2092 5727 5472 
1692 2371 4674 4531 
1693 4497 4992 4494 
1694 4797 4799 3244 
1695 1726 4698 4697 
1696 5784 6629 5444 
1697 3832 7055 3831 
1698 1502 5828 1504 
1699 4434 6884 4435 
1700 5816 5817 5721 
1701 2563 6943 2561 
1702 4436 4437 3226 
1703 4537 6537 2343 
1704 4438 6648 4437 
1705 5482 5483 5339 
1706 5871 5890 2263 
1707 5064 6918 3557 
1708 5741 6682 3567 
1709 5721 5817 5718 
1710 4873 7049 6769 
1711 411 4797 4795 
1712 4494 4992 2332 
1713 1964 4674 2371 
1714 4182 4183 495 
1715 1029 6875 1027 
1716 6769 7049 5567 
1717 2097 5798 5790 
1718 5595 5596 5390 
1719 5753 6835 1303 
1720 1623 5325 1527 
1721 3439 6600 3437 
1722 4851 6258 4852 
1723 3050 5928 5722 
1724 3823 7242 5454 
1725 2261 5589 1917 
1726 3441 5797 3439 
1727 5726 5728 3247 
1728 6655 6869 5555 
1729 5274 5890 5871 
1730 3561 6666 6201 
1731 2665 5614 2545 
1732 1330 5747 5746 
1733 2276 5890 5274 
1734 495 6711 4182 
1735 3244 5015 4797 
1736 5797 6600 3439 
1737 5721 5928 5816 
1738 4435 6884 35 
1739 1462 6688 1464 
1740 1325 5957 5598 
1741 3557 6216 5064 
1742 4801 7094 476 
1743 1476 5799 1478 
1744 3247 6050 5726 
1745 5274 6091 2276 
1746 6882 6884 4434 
1747 5728 6182 3247 
1748 5831 7047 1719 
1749 4492 4494 2332 
1750 5726 6050 5725 
1751 4100 7236 6651 
1752 2340 4678 4524 
1753 1190 7273 7269 
1754 2276 6091 5541 
1755 5796 6666 3561 
1756 7000 7093 5970 
1757 5818 7028 6668 
1758 4108 6833 4094 
1759 3819 6947 4161 
1760 1966 6522 4674 
1761 1460 5907 1462 
1762 5541 6091 5275 
1763 5725 6050 3248 
1764 3051 5929 5391 
1765 5816 5928 2511 
1766 2277 5541 5275 
1767 2097 5888 5798 
1768 5598 5957 5596 
1769 2509 5928 3050 
1770 4674 6522 4528 
1771 5389 5929 3052 
1772 5907 6688 1462 
1773 7269 7273 3907 
1774 3566 5556 5555 
1775 1970 4678 2340 
1776 5724 6519 2083 
1777 5275 5327 2277 
1778 4799 4800 3244 
1779 2561 5484 2559 
1780 2433 7057 4091 
1781 2666 5344 2551 
1782 5596 5957 5390 
1783 1722 4407 4406 
1784 2074 5064 5061 
1785 5485 7112 6672 
1786 6773 6870 3836 
1787 5327 6153 2277 
1788 5276 6153 5327 
1789 2000 6011 1998 
1790 411 4796 42 
1791 3568 5499 5498 
1792 5498 6033 3568 
1793 5501 6033 5498 
1794 1562 4698 1726 
1795 5686 5805 2081 
1796 2519 5929 3051 
1797 2673 5483 5482 
1798 5544 5983 2083 
1799 918 4204 4203 
1800 2083 6519 5544 
1801 3052 5929 2521 
1802 1304 4828 4826 
1803 2664 7066 5781 
1804 3074 6959 3605 
1805 5501 5671 3571 
1806 1935 6723 1937 
1807 3571 6033 5501 
1808 2279 6153 5276 
1809 5543 5983 5544 
1810 7254 7258 3904 
1811 1622 7258 7254 
1812 1311 4120 4104 
1813 3231 6773 3836 
1814 6739 7252 3904 
1815 5831 6905 5806 
1816 5276 6271 2279 
1817 5672 6006 3572 
1818 5555 6869 3566 
1819 1631 5983 5543 
1820 3427 5557 3425 
1821 38 6648 4438 
1822 5599 6660 2134 
1823 2337 4679 4517 
1824 5543 5545 1631 
1825 3836 6870 4310 
1826 3220 4158 3035 
1827 918 4203 888 
1828 6587 6660 5599 
1829 5660 6085 5781 
1830 2337 6514 1974 
1831 3421 5500 3419 
1832 5616 5620 5617 
1833 5567 7049 3042 
1834 4848 4851 4847 
1835 1897 5283 2255 
1836 3413 6014 3411 
1837 1043 5747 1330 
1838 2561 6943 5484 
1839 1976 4679 2337 
1840 6162 6660 5662 
1841 924 6764 4111 
1842 6845 7262 3907 
1843 5662 6660 5778 
1844 5304 6387 5305 
1845 4795 4796 411 
1846 3563 5805 5687 
1847 495 4184 12 
1848 1536 4407 1722 
1849 2255 5283 5282 
1850 1937 5490 1939 
1851 3409 6020 3407 
1852 5920 7028 5391 
1853 502 6734 4240 
1854 1023 6211 1021 
1855 1657 5828 5827 
1856 4489 6012 4487 
1857 1758 5878 4317 
1858 1937 6723 5490 
1859 1027 6875 4829 
1860 5546 6057 2118 
1861 4519 6514 2337 
1862 6552 6961 5325 
1863 1724 4850 1552 
1864 4106 4139 466 
1865 4202 4243 916 
1866 6019 6380 3575 
1867 6021 6266 2131 
1868 2154 4824 4822 
1869 1467 6058 1465 
1870 5607 6144 1624 
1871 476 6648 39 
1872 5489 5775 2267 
1873 5481 5482 5340 
1874 4487 6012 2331 
1875 1941 6702 1943 
1876 4848 4850 1724 
1877 916 4243 917 
1878 6972 7282 3727 
1879 1722 4408 1538 
1880 5722 7000 3050 
1881 3775 6739 4098 
1882 1903 5289 2257 
1883 2667 4800 2669 
1884 1978 6508 4679 
1885 2099 6144 5608 
1886 1624 6144 1521 
1887 4098 6739 1661 
1888 5340 5482 5337 
1889 4111 6108 924 
1890 4797 5015 4795 
1891 4404 4408 1722 
1892 1509 5619 1626 
1893 2080 4760 4759 
1894 2666 6032 5341 
1895 6028 6124 3232 
1896 1519 6144 2099 
1897 11 6734 10 
1898 1027 4829 1025 
1899 4851 4852 3549 
1900 4317 5878 4318 
1901 4679 6508 4514 
1902 4109 4175 950 
1903 6027 6124 6028 
1904 1626 5619 5617 
1905 4140 7106 6711 
1906 1669 6929 4310 
1907 4822 5776 2154 
1908 4112 6108 4111 
1909 5340 6032 5481 
1910 2118 6057 6053 
1911 4696 5069 4699 
1912 2887 6056 2889 
1913 1758 4317 4316 
1914 5748 6928 6672 
1915 4118 6443 3605 
1916 950 4890 4109 
1917 2257 5289 5288 
1918 4485 4487 2331 
1919 5615 6981 5614 
1920 3575 7013 6019 
1921 6654 6800 2130 
1922 466 4140 15 
1923 2559 5484 2673 
1924 5282 6268 2255 
1925 4695 4699 1726 
1926 1726 4699 1564 
1927 7011 7094 3824 
1928 1943 5466 1945 
1929 4820 5776 4822 
1930 5618 6503 6166 
1931 4699 5069 1566 
1932 5618 6664 6503 
1933 5345 6956 5344 
1934 5747 6928 5748 
1935 6067 6550 5723 
1936 5190 6820 6268 
1937 1504 5828 1657 
1938 5064 6216 5061 
1939 2057 6108 4112 
1940 6851 7054 3881 
1941 1710 6185 5973 
1942 5805 5830 5806 
1943 5516 6623 5510 
1944 4158 6748 2678 
1945 4119 6443 4118 
1946 1424 4761 1426 
1947 1943 6702 5466 
1948 5619 6664 5618 
1949 3820 4367 4366 
1950 5273 6816 2271 
1951 3573 6186 5997 
1952 2331 6344 4485 
1953 1428 6018 1430 
1954 3562 5831 5806 
1955 1331 5776 4820 
1956 5973 6185 5972 
1957 2271 6816 1893 
1958 3825 6748 4158 
1959 3834 6469 4175 
1960 5481 6032 2555 
1961 5972 6185 2130 
1962 2553 6032 2666 
1963 1909 5285 2259 
1964 4316 4319 1758 
1965 6249 7071 6779 
1966 5512 6443 4119 
1967 1304 4829 4828 
1968 4099 6954 6759 
1969 2259 5285 5284 
1970 1556 6728 1725 
1971 1719 7047 5911 
1972 551 6546 5408 
1973 47 6799 46 
1974 1331 4820 4818 
1975 3605 6959 4118 
1976 5723 6550 6070 
1977 6774 6917 5460 
1978 4818 5678 1331 
1979 5723 6070 1633 
1980 3566 5557 5556 
1981 5190 6268 5189 
1982 5745 6047 1330 
1983 4794 6915 4796 
1984 1511 6664 5619 
1985 1633 6070 5400 
1986 6532 7206 3598 
1987 4816 5678 4818 
1988 5515 5516 5510 
1989 1725 6728 6410 
1990 4485 6344 4482 
1991 1723 6735 5047 
1992 5192 6268 5282 
1993 4175 6469 950 
1994 5687 5805 5686 
1995 3568 5500 5499 
1996 2074 5063 1518 
1997 5430 5889 1627 
1998 1723 6810 6735 
1999 466 5408 4106 
2000 5061 5063 2074 
2001 5399 6574 5400 
2002 2057 6889 4890 
2003 2130 6800 5972 
2004 5136 6197 5138 
2005 4243 6764 924 
2006 2282 5708 5277 
2007 2144 5678 4816 
2008 2139 5889 5429 
2009 4112 6889 2057 
2010 5277 5286 2282 
2011 5432 5767 1628 
2012 5449 7019 1113 
2013 3071 4298 4123 
2014 4318 5878 4935 
2015 5400 6574 1633 
2016 1915 5405 2261 
2017 5391 7028 3051 
2018 1330 6047 1041 
2019 5132 6689 5286 
2020 5289 6820 5190 
2021 6679 7108 551 
2022 1039 6047 2136 
2023 2082 4998 4996 
2024 1542 6810 1723 
2025 2082 5836 4998 
2026 5432 6230 5767 
2027 2144 4816 4814 
2028 5380 6212 3578 
2029 2261 5405 5404 
2030 3244 4800 2667 
2031 2155 6954 4099 
2032 1725 6945 1558 
2033 4292 6772 3830 
2034 1497 5889 2139 
2035 4292 6324 4291 
2036 2309 4101 4100 
2037 4814 5736 2144 
2038 4164 6722 4224 
2039 1451 5462 1449 
2040 2136 6047 5749 
2041 1627 5889 1499 
2042 5047 6735 5829 
2043 6007 6021 3574 
2044 6625 6876 5905 
2045 3425 5557 3566 
2046 1196 4319 874 
2047 5435 6940 5988 
2048 4119 5516 5512 
2049 3242 6997 3826 
2050 4701 4703 432 
2051 1720 6222 5488 
2052 4123 4190 3071 
2053 5487 6222 2123 
2054 7432 7437 140 
2055 1410 5379 1412 
2056 5364 7003 5366 
2057 1634 5461 5361 
2058 3835 4309 4161 
2059 4998 5836 4999 
2060 3419 5500 3568 
2061 4407 6917 6774 
2062 2008 4877 2006 
2063 5828 6904 6673 
2064 4116 4222 1673 
2065 5286 6689 2282 
2066 1708 5832 4999 
2067 3551 6774 5460 
2068 5285 6781 5183 
2069 4999 5836 1708 
2070 5404 5588 2261 
2071 2084 6017 4835 
2072 5458 6697 3556 
2073 6304 6697 5458 
2074 5060 6694 5063 
2075 1953 5552 1955 
2076 3149 5454 3056 
2077 1498 5911 2100 
2078 3078 6068 5761 
2079 1447 6563 1445 
2080 5805 5806 2081 
2081 1719 5911 1496 
2082 888 4203 916 
2083 5767 6559 5766 
2084 1901 6820 5289 
2085 5510 5517 5515 
2086 4119 6623 5516 
2087 5378 6945 1725 
2088 1512 6222 1720 
2089 5832 6352 5353 
2090 4140 6711 14 
2091 3570 5798 5795 
2092 5047 7020 5046 
2093 432 6078 4701 
2094 1708 6352 5832 
2095 4126 6075 835 
2096 3241 6559 5767 
2097 2123 6222 1510 
2098 5472 5728 2092 
2099 5795 5797 3570 
2100 4762 6019 1656 
2101 5986 7028 5818 
2102 4812 5736 4814 
2103 1917 5589 1919 
2104 916 4203 4202 
2105 5063 6694 1520 
2106 4704 6799 47 
2107 6007 6266 6021 
2108 1025 4829 1304 
2109 5408 6546 4106 
2110 4890 6889 4109 
2111 3570 5797 3441 
2112 6215 6918 5488 
2113 1714 5907 1460 
2114 5871 6213 5164 
2115 2259 6717 1911 
2116 5166 6213 5169 
2117 5905 5907 1714 
2118 4888 7067 6438 
2119 1907 6781 5285 
2120 5480 6717 2259 
2121 1332 5736 4812 
2122 1717 5799 5789 
2123 5970 7093 1301 
2124 5353 6352 2158 
2125 4762 6380 6019 
2126 6730 7166 4093 
2127 6997 7079 3826 
2128 1445 5363 1443 
2129 2270 5551 5550 
2130 2100 5911 5910 
2131 4796 6915 41 
2132 1445 6563 5363 
2133 1332 4812 4810 
2134 4125 4126 835 
2135 5790 5799 2097 
2136 5325 6961 1525 
2137 48 4704 47 
2138 1031 6017 2084 
2139 4114 6469 3834 
2140 5550 5737 2270 
2141 5171 5588 5404 
2142 1303 6017 1033 
2143 2080 4761 4760 
2144 3826 7079 4113 
2145 835 6140 4125 
2146 4091 4092 4090 
2147 5169 5588 5168 
2148 5761 6068 5760 
2149 1714 6625 5905 
2150 6535 6907 6536 
2151 2158 5354 5353 
2152 4320 4321 4318 
2153 6822 6908 3639 
2154 918 5440 4204 
2155 5278 5737 5550 
2156 4125 6140 4296 
2157 4161 6947 3835 
2158 2286 5737 5278 
2159 5973 6186 1710 
2160 3834 6347 4114 
2161 4701 6078 4702 
2162 3836 4309 3835 
2163 5788 6682 5789 
2164 4318 4935 4320 
2165 4296 6140 2777 
2166 1307 6641 1590 
2167 5798 5888 5795 
2168 4478 4480 2328 
2169 5472 6182 5728 
2170 6831 6879 4319 
2171 2777 4297 4296 
2172 5731 6798 3262 
2173 1939 5490 2267 
2174 1772 4757 4115 
2175 4751 6338 2692 
2176 1758 4319 1196 
2177 1478 5799 1717 
2178 6246 6621 5782 
2179 1426 4761 2080 
2180 2097 5799 1476 
2181 2399 5937 4459 
2182 4459 5517 2399 
2183 2263 6213 5871 
2184 4703 4704 432 
2185 2967 7178 6770 
2186 5588 5589 2261 
2187 5760 6068 3076 
2188 5557 6876 6625 
2189 4802 6939 6921 
2190 2158 5764 5354 
2191 5500 6869 6655 
2192 2871 6077 3259 
2193 5997 6186 5973 
2194 1963 6048 1965 
2195 2332 6011 4492 
2196 917 4243 924 
2197 5789 6682 1717 
2198 3437 6600 3561 
2199 2086 6940 5435 
2200 4702 6078 6073 
2201 4115 4756 1772 
2202 2777 5035 4297 
2203 1310 4121 4120 
2204 6395 7048 4143 
2205 3722 7083 4186 
2206 4114 6347 4144 
2207 2267 5490 5489 
2208 5354 5764 5355 
2209 1656 6018 4762 
2210 5375 7068 4096 
2211 5762 6338 4751 
2212 6201 6666 5906 
2213 2708 6879 6831 
2214 5355 5764 1655 
2215 5671 6014 3571 
2216 3574 6020 6007 
2217 1464 6688 1715 
2218 4997 5380 1709 
2219 4490 7099 7072 
2220 4749 4751 2692 
2221 6006 6020 3572 
2222 5614 6981 2543 
2223 3561 6600 5796 
2224 2000 6012 6011 
2225 3572 6014 5672 
2226 3248 6519 5725 
2227 5725 6519 5724 
2228 6853 6929 4224 
2229 4144 6347 3867 
2230 1655 6195 5355 
2231 1998 6011 2332 
2232 5120 5738 5123 
2233 1007 6202 1005 
2234 3262 6798 5366 
2235 1673 4223 1650 
2236 1830 6846 2326 
2237 5906 6666 1715 
2238 1715 6688 5906 
2239 6186 6893 6834 
2240 1534 6917 4407 
2241 5344 6956 2549 
2242 4310 6870 1669 
2243 6836 6838 4126 
2244 1394 6683 1396 
2245 1945 5466 2268 
2246 4459 5937 4456 
2247 5545 6058 1631 
2248 1348 4757 1350 
2249 4749 6775 4284 
2250 4826 6211 1304 
2251 6672 7112 5748 
2252 1700 4289 4135 
2253 4290 4292 4291 
2254 5293 6864 2709 
2255 1303 6835 6017 
2256 3076 5762 5760 
2257 1636 6277 5982 
2258 5782 6621 5780 
2259 1187 6472 1246 
2260 3867 4146 4144 
2261 4759 6018 2080 
2262 4123 4298 4121 
2263 2268 5466 5465 
2264 3550 7020 5047 
2265 3411 6014 3572 
2266 4120 4121 4105 
2267 3571 6014 3413 
2268 4997 6212 5380 
2269 2128 4777 4776 
2270 1678 4290 1679 
2271 2084 6875 1029 
2272 2118 6058 5546 
2273 2012 4681 2010 
2274 1045 6928 5747 
2275 3572 6020 3409 
2276 1764 4128 4108 
2277 5982 6277 5703 
2278 4833 6875 2084 
2279 2729 4322 4321 
2280 4143 7048 6933 
2281 3215 4365 4364 
2282 4104 4120 4105 
2283 1264 4457 4456 
2284 1021 6211 2154 
2285 1673 6641 4116 
2286 1344 4133 4131 
2287 3407 6020 3574 
2288 4456 5937 1264 
2289 2154 6211 4824 
2290 6054 6057 3252 
2291 1392 4845 1394 
2292 4183 4184 495 
2293 6073 6622 4702 
2294 6011 6012 4489 
2295 1304 6211 1023 
2296 5362 5364 1635 
2297 5488 6918 1720 
2298 3252 6056 6054 
2299 6021 7013 6709 
2300 1310 4120 1286 
2301 6834 6893 4761 
2302 5114 6634 5438 
2303 1465 6058 2118 
2304 3071 4190 2320 
2305 6271 6723 2279 
2306 5485 6672 6671 
2307 2279 6723 1935 
2308 4776 5350 2128 
2309 7076 7085 3897 
2310 1631 6058 1467 
2311 4845 6683 1394 
2312 3215 4366 4365 
2313 5643 5982 5703 
2314 3867 4443 4146 
2315 2319 4190 4124 
2316 5448 5450 5449 
2317 2889 6056 3252 
2318 1352 6819 1354 
2319 1650 4223 1662 
2320 6053 6057 6054 
2321 4222 4223 1673 
2322 4150 4443 2401 
2323 1310 4122 4121 
2324 2287 6922 3020 
2325 4222 6900 4163 
2326 489 6622 6073 
2327 5366 7003 3262 
2328 7398 7401 111 
2329 2674 6943 2563 
2330 1502 6904 5828 
2331 2729 4321 4320 
2332 5643 5703 5702 
2333 1681 6432 1683 
2334 4398 6947 3929 
2335 432 4704 48 
2336 1264 6177 4457 
2337 2692 6775 4749 
2338 5438 6634 2272 
2339 7084 7091 4346 
2340 2272 6690 5438 
2341 3830 6324 4292 
2342 3685 7242 4086 
2343 6002 6003 3873 
2344 3256 4252 4251 
2345 2240 4346 4136 
2346 3076 6338 5762 
2347 5465 6197 2268 
2348 5643 5702 1637 
2349 2326 6846 4305 
2350 2887 6340 6056 
2351 4168 6641 1307 
2352 7420 7422 433 
2353 4115 7017 3891 
2354 1683 4244 1685 
2355 1683 6432 4244 
2356 1700 4290 4289 
2357 1709 5379 4997 
2358 4474 4476 2364 
2359 5485 6671 5483 
2360 4037 4039 4038 
2361 4278 5698 4768 
2362 1637 5702 5422 
2363 1608 4128 1667 
2364 1430 6018 1656 
2365 2267 6702 1941 
2366 2693 6856 3273 
2367 1969 5664 1971 
2368 4778 5350 4776 
2369 2080 6018 1428 
2370 1955 5552 2270 
2371 1741 6994 6450 
2372 6056 6340 6055 
2373 1350 4757 1772 
2374 4110 4409 2708 
2375 2415 6812 6580 
2376 10 6734 502 
2377 6055 6550 6067 
2378 4364 4787 3215 
2379 4208 4706 1345 
2380 410 4438 4436 
2381 5380 6800 6654 
2382 1449 5462 1634 
2383 1286 4120 1311 
2384 5169 7096 5589 
2385 4457 6177 4460 
2386 4155 4707 1688 
2387 1333 5350 4778 
2388 5775 6702 2267 
2389 1634 5462 5461 
2390 4996 5379 2082 
2391 2270 5552 5551 
2392 4131 4168 1344 
2393 2729 4420 4322 
2394 4779 7052 6844 
2395 5708 6197 5277 
2396 6213 7096 5169 
2397 2709 6864 6506 
2398 6340 6550 6055 
2399 2192 4189 2188 
2400 4670 7369 1224 
2401 4409 5440 918 
2402 3820 4366 3214 
2403 4802 6921 4800 
2404 6779 7071 3891 
2405 962 4745 1192 
2406 4189 4247 2188 
2407 6394 6395 4143 
2408 5613 5615 5614 
2409 4277 5699 4275 
2410 562 4251 560 
2411 4460 6177 2138 
2412 4482 6344 4877 
2413 2364 6272 4474 
2414 4142 6394 4143 
2415 4474 6272 4471 
2416 2094 4846 4843 
2417 3880 6916 4197 
2418 3880 4197 4196 
2419 5138 6197 5465 
2420 5761 6838 6836 
2421 3427 6876 5557 
2422 5781 5782 5780 
2423 5663 6190 2273 
2424 4164 4224 4223 
2425 4690 7060 4122 
2426 4278 4768 4279 
2427 1429 6474 1427 
2428 2320 4190 2319 
2429 3421 6869 5500 
2430 5277 6197 5136 
2431 2328 4877 2008 
2432 4371 4787 4364 
2433 4146 4443 4150 
2434 6152 6376 3298 
2435 1688 4707 1689 
2436 5462 6574 5399 
2437 1443 5363 1635 
2438 4310 6853 4309 
2439 6933 7048 3716 
2440 3056 5454 3685 
2441 3840 7060 4690 
2442 1412 5379 1709 
2443 4279 4768 2143 
2444 3573 6893 6186 
2445 1635 5363 5362 
2446 1427 6474 5424 
2447 2082 5379 1410 
2448 5107 6590 6190 
2449 1427 5424 1425 
2450 4210 4879 4138 
2451 4167 7045 6987 
2452 1679 4290 1700 
2453 4130 6547 4730 
2454 5029 6880 6698 
2455 5502 6959 3829 
2456 2143 4281 4279 
2457 1246 6472 4205 
2458 3829 6959 3074 
2459 4129 6547 4130 
2460 3630 4338 3921 
2461 6190 6590 2273 
2462 4136 4347 2240 
2463 5343 5345 5344 
2464 5019 6622 489 
2465 3214 4366 3215 
2466 6553 7092 4183 
2467 6301 6863 2156 
2468 3929 6947 3819 
2469 2708 6831 4110 
2470 2138 4462 4460 
2471 1283 4168 1307 
2472 4117 5454 3149 
2473 3177 6324 3188 
2474 46 6799 488 
2475 2143 6133 4281 
2476 4842 4846 3584 
2477 1250 4151 1277 
2478 3184 5575 4174 
2479 6438 7067 3717 
2480 5552 6689 5132 
2481 4545 7171 7155 
2482 6536 6907 6615 
2483 2094 4845 1392 
2484 3256 4251 562 
2485 3584 6661 6527 
2486 1678 4292 4290 
2487 6740 6843 4150 
2488 4263 6303 3287 
2489 1424 6834 4761 
2490 1451 6574 5462 
2491 4877 6344 2006 
2492 4281 6133 4747 
2493 4124 4189 2319 
2494 5475 6638 3272 
2495 488 6939 4802 
2496 5361 6563 1634 
2497 2179 4348 2173 
2498 5484 5485 5483 
2499 4121 4298 4105 
2500 4480 4877 2328 
2501 4810 6202 1332 
2502 4778 5351 1333 
2503 489 6079 5019 
2504 4142 6376 1266 
2505 4843 4845 2094 
2506 5509 5517 5510 
2507 4110 5440 4409 
2508 2399 5517 5509 
2509 1634 6563 1447 
2510 5278 5738 2286 
2511 2018 4683 2016 
2512 1357 4220 1754 
2513 1792 6547 4129 
2514 3845 4706 4208 
2515 4328 6481 4326 
2516 4264 7029 4745 
2517 551 7108 6546 
2518 4126 6838 6075 
2519 5835 6605 2112 
2520 4381 5028 3586 
2521 4228 6487 3845 
2522 3578 6800 5380 
2523 1667 4128 1764 
2524 3176 4299 4291 
2525 5747 5748 5746 
2526 2328 4681 4478 
2527 2620 4283 2622 
2528 2720 4865 3129 
2529 3259 6077 5362 
2530 1344 4151 4133 
2531 1354 6819 4220 
2532 5700 6048 1963 
2533 3197 6804 2412 
2534 560 4251 4250 
2535 5562 6681 1285 
2536 3028 5577 3032 
2537 4262 4263 3287 
2538 4137 4265 1753 
2539 3296 6169 4179 
2540 4330 5414 1254 
2541 2869 6077 2871 
2542 1384 6010 1386 
2543 5565 6769 5567 
2544 1590 6641 1673 
2545 4116 6900 4222 
2546 1965 6048 2272 
2547 4846 6661 3584 
2548 1953 6689 5552 
2549 5700 5738 5121 
2550 5976 6584 3846 
2551 4165 4285 2346 
2552 5423 5425 1638 
2553 4135 6432 1700 
2554 1770 6487 4228 
2555 1971 5664 2273 
2556 836 4748 4747 
2557 6495 6645 4978 
2558 5035 6450 4297 
2559 1354 4220 1357 
2560 6722 6853 4224 
2561 5517 6632 5515 
2562 2364 4681 2012 
2563 4747 6133 836 
2564 4360 4371 4364 
2565 4800 6921 2669 
2566 5425 6236 5427 
2567 7441 7444 4400 
2568 2274 5297 5296 
2569 3601 6930 6429 
2570 2133 6336 4169 
2571 4139 4140 466 
2572 5305 6319 1727 
2573 5121 5738 5120 
2574 3682 7082 3717 
2575 4193 4295 3286 
2576 4407 6774 4406 
2577 5477 5993 5476 
2578 5123 5738 5278 
2579 6486 6491 4185 
2580 4208 6908 6822 
2581 5427 6236 3272 
2582 2058 4864 4861 
2583 3891 7017 6779 
2584 3586 5028 5027 
2585 2273 5664 5663 
2586 4105 4192 3243 
2587 1685 4244 1688 
2588 6437 6516 5351 
2589 476 7094 6648 
2590 4459 6632 5517 
2591 1005 6202 2128 
2592 4233 5009 3021 
2593 2085 5993 5477 
2594 6439 6951 2988 
2595 2138 5786 4462 
2596 3272 6638 5427 
2597 5818 6668 5720 
2598 4156 4711 4708 
2599 4709 6708 4710 
2600 2128 6202 4777 
2601 1332 6202 1007 
2602 1246 4205 1274 
2603 1724 6258 4851 
2604 5761 6836 3078 
2605 411 4798 4797 
2606 4137 4210 4138 
2607 1593 6707 6515 
2608 805 6016 803 
2609 5476 5993 1639 
2610 1648 6584 5976 
2611 5296 5479 2274 
2612 2010 4681 2328 
2613 6747 6896 3844 
2614 2274 5298 5297 
2615 4698 6696 4697 
2616 4799 4802 4800 
2617 5620 5984 1626 
2618 5121 6048 5700 
2619 6502 6826 3006 
2620 4166 7045 4167 
2621 4467 4469 2325 
2622 5600 6808 6566 
2623 4860 4862 837 
2624 4843 4846 4842 
2625 6799 6939 488 
2626 4163 6900 3015 
2627 3822 4157 4088 
2628 4263 6598 6302 
2629 1250 6506 4151 
2630 6921 6939 3251 
2631 4160 5308 4229 
2632 2060 6486 4185 
2633 5780 6621 2103 
2634 3850 5563 4217 
2635 6218 6259 3862 
2636 1245 6472 1187 
2637 1753 4210 4137 
2638 4278 5699 5698 
2639 5019 6079 5017 
2640 1344 4168 1283 
2641 4382 5028 4381 
2642 4280 4282 3082 
2643 2074 5622 5064 
2644 4179 6169 3183 
2645 3937 7107 7091 
2646 4159 4880 1245 
2647 4476 4681 2364 
2648 1754 4220 4219 
2649 6048 6690 2272 
2650 863 6528 6016 
2651 4359 4371 4360 
2652 4154 4264 2727 
2653 1214 4391 2361 
2654 4234 4241 4240 
2655 4708 6708 4709 
2656 5425 6267 6236 
2657 5324 6552 5325 
2658 4275 5699 4278 
2659 1277 4151 1344 
2660 3284 6545 5853 
2661 2361 4391 4194 
2662 4328 4330 1254 
2663 1688 4244 4155 
2664 3287 4731 4262 
2665 5100 6089 5479 
2666 2120 5028 4382 
2667 4772 6362 6357 
2668 6277 6798 5731 
2669 5100 5479 5296 
2670 3595 6465 2059 
2671 6731 6835 6409 
2672 4690 4880 3840 
2673 1348 6607 4757 
2674 3837 4168 4131 
2675 4267 4669 4270 
2676 7457 7462 161 
2677 7023 7038 4177 
2678 4865 4866 3129 
2679 3071 6782 4298 
2680 3284 6685 6321 
2681 4778 6437 5351 
2682 4829 4830 4828 
2683 1192 4745 1253 
2684 2240 4348 2179 
2685 2319 4189 2192 
2686 4169 6695 2133 
2687 1608 6582 4128 
2688 1396 6683 1655 
2689 3029 4163 3015 
2690 4113 7079 1340 
2691 7326 7328 620 
2692 4186 7083 1742 
2693 6527 6661 4383 
2694 6077 7003 5364 
2695 1425 5424 1638 
2696 4213 5346 3279 
2697 2325 5409 4467 
2698 3880 4196 3108 
2699 3717 4209 3680 
2700 5762 6143 5759 
2701 1655 6683 6195 
2702 4857 5967 2087 
2703 1743 6397 4301 
2704 4284 6775 4283 
2705 1975 5298 1977 
2706 4298 6782 4192 
2707 1689 4707 1693 
2708 3082 4283 2620 
2709 2727 6420 4154 
2710 1919 7096 1921 
2711 4316 6831 4319 
2712 4978 6645 3863 
2713 3657 4178 3655 
2714 1638 5424 5423 
2715 4799 6703 4802 
2716 4802 6703 488 
2717 2326 6843 6740 
2718 2727 4745 962 
2719 4174 5576 3184 
2720 5630 6231 5629 
2721 3853 6401 6371 
2722 3639 6908 4264 
2723 4467 5409 4465 
2724 4705 5311 3251 
2725 1288 4987 4986 
2726 845 6868 6597 
2727 4751 6143 5762 
2728 5298 6590 5107 
2729 5664 6634 5114 
2730 4856 4857 2087 
2731 4207 6343 4272 
2732 3103 6218 4418 
2733 1266 6394 4142 
2734 4651 7358 7356 
2735 3796 6795 4347 
2736 3986 7107 3937 
2737 3184 5577 3028 
2738 7059 7070 4287 
2739 2133 6695 5587 
2740 5329 5331 2064 
2741 6734 7092 4240 
2742 4471 6272 4683 
2743 3090 6386 6141 
2744 4219 4323 1754 
2745 5095 6090 5097 
2746 3176 6324 3177 
2747 1254 6481 4328 
2748 3279 6260 4213 
2749 5613 6784 5615 
2750 4311 6591 3240 
2751 5853 6685 3284 
2752 3868 6755 6718 
2753 6450 6994 4297 
2754 4282 4283 3082 
2755 4302 6146 4301 
2756 4223 4224 1662 
2757 3614 6750 3617 
2758 1792 6907 6535 
2759 4228 6491 1770 
2760 1274 4205 1310 
2761 5422 6474 1637 
2762 4185 4212 2060 
2763 1700 6432 1681 
2764 5330 5852 1640 
2765 3847 5346 4211 
2766 4437 7094 7011 
2767 4211 5346 4213 
2768 6515 6707 5293 
2769 3082 6031 4280 
2770 4277 6528 5699 
2771 4184 7092 6734 
2772 3621 4285 4165 
2773 836 4752 4748 
2774 4861 5013 2058 
2775 4156 4708 4707 
2776 4268 4669 4267 
2777 5453 6595 3865 
2778 2742 4225 3865 
2779 5483 6671 5339 
2780 6001 6003 6002 
2781 4380 6448 4755 
2782 4406 6774 5403 
2783 6806 6887 6536 
2784 3845 6487 4706 
2785 819 4752 817 
2786 1606 6844 4141 
2787 5295 6496 1193 
2788 2401 6740 4150 
2789 3072 6193 4821 
2790 1288 4986 4984 
2791 2325 4683 2018 
2792 1245 5308 4159 
2793 4418 5376 3103 
2794 4291 6324 3176 
2795 4755 6292 4380 
2796 3805 4338 3630 
2797 5507 5639 5638 
2798 3640 6867 6675 
2799 1263 6424 5786 
2800 2167 6370 3595 
2801 4711 6742 2699 
2802 5505 5641 5640 
2803 1977 5298 2274 
2804 5577 5578 3032 
2805 5100 6090 6089 
2806 4176 4177 3660 
2807 3644 4162 3646 
2808 5423 6267 5425 
2809 3873 6429 6002 
2810 3298 6376 4293 
2811 5504 5639 5507 
2812 4756 6819 1772 
2813 5507 5603 5508 
2814 3273 6856 4233 
2815 4174 5575 4171 
2816 560 4250 558 
2817 3626 4335 3805 
2818 4218 4373 2248 
2819 4280 6031 4276 
2820 1266 6376 6152 
2821 3563 5830 5805 
2822 3825 4158 4127 
2823 5853 6545 5330 
2824 1832 6846 1830 
2825 5505 5639 5504 
2826 3844 4295 4193 
2827 5505 5640 5639 
2828 5507 5638 5603 
2829 5508 5603 846 
2830 5093 6577 5095 
2831 2145 5376 4419 
2832 5027 5029 3586 
2833 1637 6474 1429 
2834 4465 5409 2344 
2835 4170 4171 3010 
2836 5699 6528 863 
2837 4370 4371 4359 
2838 3786 6412 4344 
2839 4181 4182 3604 
2840 4319 6879 874 
2841 6328 6530 6329 
2842 1969 6634 5664 
2843 2585 5474 2583 
2844 3719 7085 7076 
2845 6584 6866 3846 
2846 4326 6481 4332 
2847 4301 6397 4300 
2848 4162 6866 2050 
2849 4821 4823 3072 
2850 4879 6958 4138 
2851 2383 4242 1797 
2852 7395 7399 5054 
2853 6302 6303 4263 
2854 4883 5040 4886 
2855 4984 4989 1288 
2856 4101 7236 4100 
2857 4703 5311 4705 
2858 4302 6451 6146 
2859 4886 5040 5039 
2860 3796 4347 3797 
2861 4430 7006 6968 
2862 5095 6577 6090 
2863 1267 4391 1214 
2864 4248 6643 4293 
2865 4703 4705 4704 
2866 4211 4212 3847 
2867 5632 5633 866 
2868 4692 5335 3860 
2869 4369 4370 4359 
2870 17 5408 16 
2871 1295 6827 1267 
2872 837 5013 4860 
2873 1619 6595 5453 
2874 1836 6948 2330 
2875 4342 6887 6806 
2876 6506 6864 4151 
2877 1772 6819 1352 
2878 4382 6010 2120 
2879 1636 6798 6277 
2880 3243 4192 2675 
2881 5633 5932 866 
2882 2753 6614 3109 
2883 3223 6833 3221 
2884 2137 5932 5636 
2885 5097 6090 5100 
2886 4693 5621 850 
2887 4821 6193 4819 
2888 4291 4299 4289 
2889 5636 5932 5633 
2890 4169 6401 3853 
2891 4469 4683 2325 
2892 3661 4176 3660 
2893 4831 4832 2679 
2894 6015 6424 1263 
2895 4852 6927 3549 
2896 3007 4170 3010 
2897 4807 6637 838 
2898 1775 6898 6852 
2899 4884 5041 5040 
2900 4823 5681 3072 
2901 3706 4286 3671 
2902 3844 6896 4295 
2903 797 5954 795 
2904 1386 6010 1707 
2905 2725 5885 5884 
2906 4159 5308 4160 
2907 6714 6817 2125 
2908 2412 6804 2243 
2909 3059 4181 3604 
2910 1707 6010 4383 
2911 4116 6641 3837 
2912 6811 6894 1316 
2913 4235 4241 4234 
2914 4884 5040 4883 
2915 6079 6262 5017 
2916 4187 4188 3139 
2917 3188 6324 3830 
2918 4345 6260 3311 
2919 597 7025 4730 
2920 2749 6556 2962 
2921 2058 6016 4864 
2922 3110 4293 3848 
2923 3704 6979 6877 
2924 5786 6424 4462 
2925 3839 4247 4189 
2926 5329 5852 5330 
2927 6741 6851 6339 
2928 6357 6362 2156 
2929 5883 6407 6235 
2930 4383 6661 1707 
2931 4154 6420 4265 
2932 4825 4827 3068 
2933 4318 4321 4314 
2934 2402 5587 4180 
2935 2416 6581 3196 
2936 4206 6343 4207 
2937 1593 6343 4206 
2938 2156 6863 6357 
2939 37 4438 410 
2940 38 4438 37 
2941 3108 4196 2754 
2942 4982 4989 4984 
2943 2714 5020 1603 
2944 3872 6891 6814 
2945 959 5308 963 
2946 6259 6260 3862 
2947 849 6512 6313 
2948 2120 6010 1384 
2949 2327 6042 1816 
2950 4884 5042 5041 
2951 4825 5681 4823 
2952 4690 6472 4880 
2953 5476 6638 5475 
2954 4819 6193 3073 
2955 2174 6643 4248 
2956 3862 6260 3279 
2957 4129 6907 1792 
2958 6580 6581 2415 
2959 3068 5681 4825 
2960 852 6192 5043 
2961 4983 6279 4982 
2962 4417 6914 4416 
2963 2725 5884 5882 
2964 3800 6606 2992 
2965 4128 7033 4108 
2966 2709 6515 5293 
2967 5828 6673 5827 
2968 3042 7049 6501 
2969 5017 6262 5018 
2970 1569 6477 1567 
2971 2417 4245 3265 
2972 5604 5930 5508 
2973 3790 6951 6439 
2974 1224 6938 4670 
2975 3677 5695 3674 
2976 2068 6769 5564 
2977 2292 5709 5279 
2978 1603 5020 1595 
2979 863 6016 805 
2980 6575 6763 5452 
2981 4419 5376 4418 
2982 4290 4291 4289 
2983 1263 6593 6015 
2984 6592 6659 3288 
2985 4193 6496 5295 
2986 4198 6852 3864 
2987 4683 6272 2016 
2988 4231 4232 3817 
2989 5343 5609 5345 
2990 4180 4217 2402 
2991 2050 6598 4162 
2992 5335 6256 3860 
2993 3292 4710 4691 
2994 4162 6598 3646 
2995 4817 4819 3073 
2996 558 4250 21 
2997 3797 4347 4136 
2998 1606 7048 6395 
2999 4393 4396 4394 
3000 1693 6899 1691 
3001 3671 4286 3669 
3002 3587 4300 3343 
3003 943 4890 950 
3004 4323 5370 1754 
3005 3211 4231 3817 
3006 4105 4298 4192 
3007 4122 4123 4121 
3008 6733 6936 2202 
3009 1706 4784 3127 
3010 6700 6790 4411 
3011 4906 5310 2065 
3012 679 5917 677 
3013 6635 6785 3756 
3014 4346 7091 4136 
3015 1751 4402 1733 
3016 3846 6866 4162 
3017 3656 4175 4109 
3018 5707 6361 5642 
3019 3819 4161 3209 
3020 4762 6018 4759 
3021 3812 6276 4230 
3022 5759 6143 1294 
3023 1697 6353 1695 
3024 22 558 21 
3025 838 6637 6565 
3026 2744 4225 2742 
3027 4277 6454 6322 
3028 4306 6996 6912 
3029 4464 4465 2344 
3030 3672 4200 3675 
3031 5351 6863 6301 
3032 2237 6530 6328 
3033 2405 7203 7200 
3034 4335 4336 3805 
3035 2323 6513 6443 
3036 952 6468 945 
3037 2581 4836 2579 
3038 853 6001 1599 
3039 4303 4325 1223 
3040 4317 4318 4314 
3041 4272 6343 1592 
3042 3659 6753 3662 
3043 6489 6787 6758 
3044 4039 4040 4038 
3045 2751 6614 2753 
3046 1604 4784 1706 
3047 3141 4393 2625 
3048 6021 6709 3574 
3049 2065 4907 4906 
3050 5008 6382 1293 
3051 4217 5563 2402 
3052 4498 7113 7097 
3053 3281 4242 2383 
3054 3140 4187 3139 
3055 3680 4209 3678 
3056 1797 4242 1795 
3057 803 6016 2058 
3058 5557 6625 5556 
3059 5279 5646 2292 
3060 3901 6591 4311 
3061 6302 6598 2050 
3062 4860 5013 4861 
3063 1204 4731 1206 
3064 938 4294 942 
3065 3014 5575 3184 
3066 974 4332 976 
3067 1819 6320 1817 
3068 3251 6939 4705 
3069 3847 4212 4185 
3070 6807 6897 4473 
3071 2188 4247 2186 
3072 4669 4670 4270 
3073 5500 6655 5499 
3074 801 5013 799 
3075 4806 6644 6382 
3076 631 4987 1288 
3077 5634 5917 2088 
3078 4982 6279 4989 
3079 4217 4221 3850 
3080 4344 6412 2989 
3081 2220 4737 2221 
3082 849 6279 4983 
3083 4464 6181 5014 
3084 1028 7311 7300 
3085 2205 5302 4245 
3086 1310 4205 4122 
3087 2635 5036 3143 
3088 5297 5298 5107 
3089 1770 6491 6486 
3090 2329 4285 3621 
3091 4215 4216 3777 
3092 6868 6903 5918 
3093 964 4440 1306 
3094 4830 4831 4828 
3095 4348 6754 2173 
3096 5882 6428 2725 
3097 6015 6593 4473 
3098 5604 6386 5930 
3099 4832 4836 2679 
3100 4830 4832 4831 
3101 2303 6581 2416 
3102 3053 5596 5595 
3103 4265 6420 1753 
3104 5930 6386 3090 
3105 633 4987 631 
3106 3019 6276 3812 
3107 4386 4900 4899 
3108 44 4798 43 
3109 4289 4299 4288 
3110 3549 6927 3517 
3111 4213 6260 4345 
3112 2330 6948 4331 
3113 5629 6231 3097 
3114 4983 6512 849 
3115 6658 6724 4308 
3116 3317 4215 3777 
3117 1223 4349 4303 
3118 3461 5830 3459 
3119 6429 6930 6002 
3120 2699 6524 4711 
3121 1216 6506 1250 
3122 6593 6807 4473 
3123 3620 6856 2693 
3124 3789 7015 6849 
3125 2064 5852 5329 
3126 934 4890 943 
3127 2962 6806 6615 
3128 2991 4299 3176 
3129 2728 5863 5862 
3130 408 6105 5018 
3131 2223 4737 2220 
3132 4194 4262 2361 
3133 3587 4301 4300 
3134 7015 7042 3893 
3135 5383 6851 6741 
3136 1110 7147 7135 
3137 2065 4908 4907 
3138 1848 5938 1846 
3139 4148 6479 4145 
3140 4806 6382 5008 
3141 2625 4393 2623 
3142 4772 6357 6356 
3143 1164 5786 1166 
3144 1618 5656 1337 
3145 3837 6641 4168 
3146 3683 4313 3684 
3147 4313 4317 4314 
3148 854 6952 1346 
3149 4305 6843 2326 
3150 3190 4398 4102 
3151 6803 6830 6441 
3152 16 5408 466 
3153 3660 4178 3657 
3154 5362 6077 5364 
3155 5634 6231 5630 
3156 1296 6562 1587 
3157 4156 6742 4711 
3158 4858 4862 4860 
3159 4348 6795 6754 
3160 4870 4874 4869 
3161 1640 5853 5330 
3162 3595 6755 6465 
3163 2131 7013 6021 
3164 4152 6580 3932 
3165 817 4752 836 
3166 2087 5954 4856 
3167 4202 4203 4201 
3168 3784 6453 4400 
3169 3857 5370 4323 
3170 2050 6866 1270 
3171 3185 5768 3939 
3172 3103 6259 6218 
3173 3873 6891 3872 
3174 5609 5610 5345 
3175 5364 5365 1635 
3176 4354 4369 4359 
3177 866 5917 5632 
3178 2344 6181 4464 
3179 2728 5862 5861 
3180 5861 5867 2728 
3181 4313 4314 3684 
3182 846 5604 5508 
3183 6313 6512 4902 
3184 3843 6598 4263 
3185 4386 6681 5562 
3186 6261 6313 4902 
3187 4692 4693 850 
3188 5864 6428 5882 
3189 3836 4310 4309 
3190 3539 6387 3537 
3191 2803 6763 6575 
3192 2346 6867 4165 
3193 4835 6835 6731 
3194 43 4798 411 
3195 3343 4300 3340 
3196 1388 5921 1390 
3197 645 6367 643 
3198 4658 7364 7361 
3199 4274 4275 2694 
3200 2088 5918 5634 
3201 7027 7066 5615 
3202 5757 5759 1294 
3203 2055 6495 4978 
3204 1641 5333 5332 
3205 3810 4384 3966 
3206 393 6063 546 
3207 1649 4272 1592 
3208 1223 4332 974 
3209 369 6062 368 
3210 5646 6039 2292 
3211 394 6063 393 
3212 4206 6707 1593 
3213 368 6062 472 
3214 2719 4865 2720 
3215 5039 6367 4886 
3216 2643 4439 2642 
3217 4242 6922 2287 
3218 3104 5865 5812 
3219 3187 4398 3190 
3220 2356 4413 1705 
3221 2174 4248 2180 
3222 948 6420 955 
3223 1773 5530 1808 
3224 5043 6192 5041 
3225 5562 6261 4902 
3226 1189 6253 1273 
3227 2679 4836 2581 
3228 3104 5867 5865 
3229 1285 6681 6256 
3230 6615 6806 6536 
3231 837 5954 797 
3232 3706 4287 4286 
3233 6908 7029 4264 
3234 2990 4312 3191 
3235 5865 5867 5861 
3236 4809 6466 4775 
3237 550 6044 388 
3238 3286 6496 4193 
3239 3877 6982 4199 
3240 5027 6880 5029 
3241 2405 7200 2422 
3242 388 6044 387 
3243 5587 6695 4180 
3244 2162 7071 6249 
3245 6698 6880 4302 
3246 4347 4348 2240 
3247 4874 4875 4869 
3248 6141 6386 5637 
3249 1865 6284 1867 
3250 3331 4692 3860 
3251 6844 7052 4141 
3252 4386 4899 4385 
3253 4807 6644 4806 
3254 4171 5575 3010 
3255 4199 6982 1346 
3256 2247 5732 4975 
3257 4270 6999 4271 
3258 6754 6795 2205 
3259 3917 6239 3179 
3260 4132 6115 3258 
3261 1748 5383 1765 
3262 1824 6778 1822 
3263 3637 4265 4137 
3264 2597 6314 2595 
3265 963 5308 1245 
3266 4875 6282 4869 
3267 4710 6861 4709 
3268 1267 6827 4391 
3269 3196 6581 3952 
3270 4887 6367 848 
3271 5576 5577 3184 
3272 2747 6556 2749 
3273 4813 4815 3075 
3274 5864 5881 5880 
3275 5918 6903 6231 
3276 1405 5333 1403 
3277 3349 5029 3347 
3278 5328 5331 5329 
3279 3585 6527 4383 
3280 3053 5597 5596 
3281 561 4876 563 
3282 5502 7203 2405 
3283 3012 6115 3009 
3284 1285 6261 5562 
3285 2076 6687 6348 
3286 5514 5516 5515 
3287 2460 4912 2462 
3288 6001 6002 1599 
3289 2384 6276 3019 
3290 819 6337 4752 
3291 5295 6755 3868 
3292 3073 6314 4817 
3293 2398 4788 2229 
3294 5811 6305 5812 
3295 3068 5474 2585 
3296 2999 6609 2253 
3297 4191 5291 3008 
3298 7438 7439 6455 
3299 6247 6609 3851 
3300 1571 4715 1569 
3301 5812 6305 3104 
3302 5892 6130 5893 
3303 2060 4212 2061 
3304 3528 7320 7316 
3305 4429 5963 4781 
3306 3216 4226 3820 
3307 5801 7000 5970 
3308 799 5013 837 
3309 6718 6757 3868 
3310 4183 7092 4184 
3311 5750 5752 5749 
3312 5313 6278 1750 
3313 1861 5734 5733 
3314 3834 4175 3654 
3315 940 4294 938 
3316 4229 5308 959 
3317 1975 6590 5298 
3318 2044 4993 2392 
3319 3610 4390 3608 
3320 920 5587 931 
3321 1861 5733 1863 
3322 2490 5885 2492 
3323 955 6420 2727 
3324 1639 6638 5476 
3325 4301 6146 1743 
3326 2248 4373 2215 
3327 3258 6115 3012 
3328 3857 6076 5369 
3329 1675 6772 1678 
3330 5636 6610 2137 
3331 5505 6358 5641 
3332 4931 5756 592 
3333 4836 6389 2579 
3334 3006 6826 4170 
3335 3183 6169 2419 
3336 5089 6039 5646 
3337 5642 6361 5640 
3338 5730 6630 4916 
3339 4910 4911 2726 
3340 4687 6637 4807 
3341 6170 6228 5447 
3342 848 6459 4887 
3343 4715 6477 1569 
3344 5290 6785 6635 
3345 2583 5474 2679 
3346 4827 5474 3068 
3347 4387 4388 4378 
3348 1179 6526 1177 
3349 1765 5383 2053 
3350 4200 4201 3675 
3351 4351 4369 4354 
3352 4716 6478 6477 
3353 4793 4801 4794 
3354 1276 4420 1213 
3355 4334 6462 4333 
3356 5448 6228 5450 
3357 3141 5372 4397 
3358 4752 6337 4750 
3359 5477 6685 2085 
3360 2982 6422 2788 
3361 850 5335 4692 
3362 5707 6725 847 
3363 3061 6339 3063 
3364 6425 6459 4904 
3365 6284 6433 2265 
3366 2389 6413 3602 
3367 3144 4788 2398 
3368 1859 5734 1861 
3369 2492 5885 2725 
3370 5641 6358 2724 
3371 3069 6649 3634 
3372 5042 6285 3101 
3373 4863 5624 4859 
3374 2061 4212 2385 
3375 2706 4299 2991 
3376 4402 6353 1733 
3377 598 6001 853 
3378 4276 6031 2694 
3379 4334 6493 6462 
3380 3288 6659 4249 
3381 5341 6032 5340 
3382 5313 6659 6592 
3383 6118 6305 5811 
3384 3103 5376 2348 
3385 1705 4413 1804 
3386 5893 6130 6113 
3387 563 4876 566 
3388 942 4294 2049 
3389 4853 4858 3088 
3390 2265 6433 4977 
3391 4234 4240 3225 
3392 3570 5802 5798 
3393 1598 5463 929 
3394 3005 5291 3004 
3395 5593 6131 3114 
3396 4411 6790 4410 
3397 6019 6767 1656 
3398 1806 4324 2782 
3399 551 5408 17 
3400 3276 4373 4218 
3401 2755 6118 6117 
3402 5089 6227 6039 
3403 5798 5802 5790 
3404 4911 4912 2726 
3405 2755 6117 6116 
3406 4293 6643 3298 
3407 6392 6444 2769 
3408 5637 6610 5636 
3409 6576 6957 2803 
3410 4788 6886 6873 
3411 4862 5954 837 
3412 5380 6654 1709 
3413 4859 5624 3088 
3414 5440 6859 4204 
3415 612 4372 2774 
3416 1846 5938 4266 
3417 2311 4787 2310 
3418 6823 6860 4334 
3419 3910 6624 6457 
3420 5425 5426 1638 
3421 2062 4888 1308 
3422 5510 6623 1244 
3423 965 5563 3850 
3424 2045 4993 2044 
3425 4253 4254 3178 
3426 3616 6750 3614 
3427 3336 6852 4198 
3428 4884 6285 5042 
3429 3000 6289 3804 
3430 3662 6753 3665 
3431 1287 6383 1275 
3432 2601 4837 2599 
3433 3077 6466 4809 
3434 4909 6427 5679 
3435 1338 6383 1287 
3436 6523 6561 2070 
3437 5743 5750 5749 
3438 4858 4859 3088 
3439 5879 6738 4415 
3440 5884 6407 5883 
3441 795 5954 2087 
3442 4728 6677 2961 
3443 1305 6362 4772 
3444 5018 6262 408 
3445 1341 6794 1339 
3446 2614 4274 2694 
3447 1346 6952 4199 
3448 3292 4691 2216 
3449 1606 6395 1342 
3450 2310 4787 4371 
3451 1315 4736 1181 
3452 2755 6116 5868 
3453 3828 6764 4243 
3454 4410 4412 1375 
3455 1707 5921 1388 
3456 4325 4332 1223 
3457 3653 6042 2327 
3458 3137 6076 3857 
3459 6235 6407 845 
3460 2067 5757 825 
3461 3287 6303 1208 
3462 2088 5917 679 
3463 2743 6464 3126 
3464 1800 6572 2397 
3465 6443 6513 3605 
3466 1206 4731 3287 
3467 3291 5923 3289 
3468 4150 6843 4147 
3469 1581 6122 1579 
3470 6566 6808 5043 
3471 2047 4350 1782 
3472 3674 5695 3673 
3473 4997 5379 4996 
3474 567 4930 932 
3475 5592 6131 5593 
3476 1567 6477 1613 
3477 2348 5376 2146 
3478 6336 6401 4169 
3479 5722 5928 5721 
3480 1210 4731 1204 
3481 1376 6451 1378 
3482 4418 6218 4414 
3483 3636 4265 3637 
3484 1377 4410 1375 
3485 2414 4769 3224 
3486 1342 6395 1280 
3487 1815 6471 1814 
3488 5789 5799 5790 
3489 5201 6364 5080 
3490 4320 4935 1205 
3491 590 4931 592 
3492 2356 4414 4413 
3493 1591 5056 2062 
3494 2228 4214 3130 
3495 2349 5384 3017 
3496 5680 6444 6392 
3497 3037 6233 3217 
3498 971 5037 969 
3499 1695 6353 4392 
3500 1730 6520 1732 
3501 2234 4246 2236 
3502 1150 7039 6962 
3503 3064 4234 3225 
3504 4809 4811 3077 
3505 820 5294 822 
3506 4687 4807 4804 
3507 3219 4432 2644 
3508 4283 6775 2622 
3509 4913 6187 4912 
3510 3976 6826 6502 
3511 677 5917 866 
3512 2642 4439 3219 
3513 2715 6534 2717 
3514 4324 6724 6658 
3515 1678 6772 4292 
3516 4200 4202 4201 
3517 3338 4385 2771 
3518 3141 4396 4393 
3519 7054 7173 3881 
3520 5935 6400 5592 
3521 1403 5333 1641 
3522 4197 6916 6909 
3523 1337 5656 4249 
3524 3063 6339 3066 
3525 6457 6624 6191 
3526 6007 6020 6006 
3527 4754 4755 1741 
3528 4293 6376 3848 
3529 915 6958 4879 
3530 1263 5786 1164 
3531 3793 5302 3796 
3532 6101 6106 6099 
3533 3327 6453 3784 
3534 1659 5854 1744 
3535 4766 6342 1335 
3536 4700 5311 4703 
3537 3607 6491 4228 
3538 4092 6811 4090 
3539 4737 6812 2415 
3540 3031 4253 3178 
3541 825 5757 823 
3542 1822 6320 1819 
3543 3842 4756 3307 
3544 4977 4994 2265 
3545 3848 6376 4142 
3546 3876 6441 1801 
3547 996 7362 7359 
3548 2058 5013 801 
3549 3708 4746 3352 
3550 3008 5291 3005 
3551 4225 5453 3865 
3552 4924 6359 4918 
3553 4375 6665 6569 
3554 5279 6577 5093 
3555 910 5025 806 
3556 1309 6343 1593 
3557 4815 6314 3075 
3558 3869 6719 3635 
3559 6240 6378 6280 
3560 806 5025 808 
3561 3640 6675 2195 
3562 5005 5007 3348 
3563 727 6470 2096 
3564 5281 6227 5089 
3565 1738 4308 1779 
3566 6736 6841 2187 
3567 4784 6830 6803 
3568 4331 6912 2330 
3569 4342 6913 6887 
3570 4932 6288 4808 
3571 653 4908 651 
3572 3645 5923 3291 
3573 977 4764 1335 
3574 3854 6743 6716 
3575 5546 6194 6057 
3576 569 4930 567 
3577 4266 4267 2366 
3578 4437 7011 3226 
3579 835 6075 829 
3580 2443 5838 2441 
3581 3869 6744 6551 
3582 4781 5963 4780 
3583 5850 6203 5846 
3584 3959 6608 3277 
3585 4304 4325 4303 
3586 2161 6223 3299 
3587 2238 6413 2389 
3588 4919 4923 4918 
3589 2159 5037 971 
3590 2094 5921 4846 
3591 651 4908 2065 
3592 2166 6152 3298 
3593 3810 5384 4384 
3594 3876 6792 6765 
3595 5864 5880 5862 
3596 2496 5863 2498 
3597 3537 6387 5303 
3598 4750 6337 6143 
3599 5391 5929 5389 
3600 5944 5966 5943 
3601 2604 4853 3088 
3602 3613 4390 3610 
3603 4233 6856 5009 
3604 5592 6400 6131 
3605 2353 6756 2185 
3606 3822 6678 4157 
3607 4164 4223 4222 
3608 5591 6596 6243 
3609 1612 4715 1571 
3610 6057 6194 3252 
3611 596 6872 6000 
3612 741 6639 841 
3613 960 6442 958 
3614 2986 6455 3315 
3615 3617 6750 3885 
3616 939 4210 941 
3617 1801 6441 1766 
3618 2007 6173 2009 
3619 4976 5734 2264 
3620 4264 4745 2727 
3621 3459 5830 3563 
3622 4854 4862 4858 
3623 4764 4765 1335 
3624 1336 5058 1617 
3625 2726 4912 2460 
3626 3670 4200 3672 
3627 4798 4799 4797 
3628 5632 5917 5634 
3629 1186 6468 952 
3630 6569 6665 3299 
3631 1808 5530 2380 
3632 2047 4369 4350 
3633 3899 5695 3677 
3634 972 4349 1223 
3635 1651 5056 1591 
3636 1858 6415 1856 
3637 2739 4780 2691 
3638 5014 6181 2338 
3639 6275 6276 2386 
3640 4868 4870 4869 
3641 1166 5786 2138 
3642 2400 4732 3290 
3643 4795 5015 3234 
3644 4245 5302 3265 
3645 2294 5384 2349 
3646 1586 6419 1611 
3647 1762 4779 1735 
3648 2498 5863 2728 
3649 2724 6490 5641 
3650 4906 6459 5310 
3651 5728 5765 2092 
3652 2759 6346 2763 
3653 1207 4320 1205 
3654 5369 5370 3857 
3655 2284 4769 2414 
3656 3362 4867 3718 
3657 1308 4888 1284 
3658 5310 6459 848 
3659 3541 6759 3544 
3660 3838 6432 4135 
3661 5600 6692 4988 
3662 4177 4178 3660 
3663 6321 6685 5477 
3664 4303 4349 4148 
3665 2386 6276 2384 
3666 6751 6890 3695 
3667 1844 4266 2366 
3668 5845 5846 3106 
3669 3665 4112 4111 
3670 4170 4172 4171 
3671 1767 5656 1618 
3672 3106 5868 5845 
3673 4458 6297 4455 
3674 6409 6835 5753 
3675 3861 5020 2714 
3676 1213 4420 1209 
3677 1382 5026 2120 
3678 6591 6592 3240 
3679 3589 6761 6383 
3680 1641 6558 6273 
3681 550 6045 6044 
3682 822 5294 912 
3683 1600 6122 1581 
3684 3689 6859 5440 
3685 929 5463 923 
3686 4135 4289 4288 
3687 4377 4387 4378 
3688 1733 6353 1697 
3689 6117 6118 5811 
3690 6351 6815 6788 
3691 2788 6422 2767 
3692 24 6396 23 
3693 2079 6636 4931 
3694 3081 6538 3597 
3695 4912 6187 2462 
3696 4238 4241 4235 
3697 1305 4771 4770 
3698 6613 6646 2078 
3699 3538 4441 3540 
3700 4687 4804 4803 
3701 20 4250 449 
3702 4455 6297 4453 
3703 4909 4911 4910 
3704 5641 5642 5640 
3705 5846 6203 3106 
3706 2835 5328 3297 
3707 3221 6833 3235 
3708 4296 4297 3648 
3709 4913 6490 6187 
3710 2599 4837 3075 
3711 3346 5005 3348 
3712 5672 6014 5671 
3713 879 4409 883 
3714 3305 4219 3842 
3715 5864 5882 5881 
3716 3645 6504 5923 
3717 6322 6454 3085 
3718 4707 4708 1693 
3719 5302 6795 3796 
3720 880 4754 1741 
3721 4452 6632 4451 
3722 3219 4433 4432 
3723 2181 4245 2417 
3724 3338 4386 4385 
3725 2278 6227 5281 
3726 2268 6197 5708 
3727 3036 4787 2311 
3728 2741 6464 2743 
3729 3693 4785 3330 
3730 3800 6812 6606 
3731 4975 6284 2247 
3732 4928 6691 4929 
3733 3632 5407 2808 
3734 5748 6447 5746 
3735 3562 5830 3461 
3736 4386 5562 4900 
3737 6312 6351 1365 
3738 4145 6479 1222 
3739 2985 6832 3785 
3740 5281 6270 2278 
3741 3004 5291 3283 
3742 6612 6627 6225 
3743 1002 7355 7353 
3744 2028 4792 2338 
3745 2305 6524 2699 
3746 3107 6203 5850 
3747 3946 6804 3197 
3748 5212 6388 6174 
3749 6386 6610 5637 
3750 5332 6558 1641 
3751 2649 6147 2647 
3752 3851 6609 2999 
3753 6172 6174 2295 
3754 4898 6359 4924 
3755 3927 4179 3183 
3756 931 5587 2402 
3757 2771 4385 2396 
3758 3850 6253 1189 
3759 1390 5921 2094 
3760 4987 4988 4986 
3761 5446 5815 5445 
3762 5488 6222 5487 
3763 936 4881 1653 
3764 6727 6862 2785 
3765 1745 5922 1788 
3766 3075 6314 2597 
3767 3649 6080 3138 
3768 152 6102 151 
3769 1744 5854 1775 
3770 3864 6871 4198 
3771 1014 4841 2163 
3772 1805 5290 4739 
3773 3857 4323 3301 
3774 883 4409 918 
3775 5943 5966 2096 
3776 6425 6426 4885 
3777 3292 6861 4710 
3778 4178 6041 3655 
3779 5207 6174 5205 
3780 5726 5765 5728 
3781 3095 5346 3847 
3782 4430 4727 4726 
3783 838 6644 4807 
3784 4915 6507 6273 
3785 3360 4867 3362 
3786 5980 5981 826 
3787 1587 6562 2794 
3788 44 6703 4798 
3789 1423 5426 1421 
3790 4219 4220 3842 
3791 2133 5587 920 
3792 2125 5349 1577 
3793 3085 5624 4863 
3794 2286 5738 5700 
3795 4740 4741 2793 
3796 4886 6367 4887 
3797 6105 6555 5018 
3798 3107 6130 5892 
3799 3185 3939 3938 
3800 1345 4706 1281 
3801 5429 5889 5430 
3802 3016 5384 2294 
3803 4923 4924 4918 
3804 3824 4793 2652 
3805 3138 6080 3136 
3806 7004 7016 6265 
3807 2180 4248 2193 
3808 4122 7060 4123 
3809 4282 4284 4283 
3810 2321 6737 2993 
3811 5868 6116 5845 
3812 2630 6068 2632 
3813 2647 6147 3122 
3814 1171 5493 1317 
3815 1217 6302 1249 
3816 2685 4726 2683 
3817 5546 6058 5545 
3818 4135 4288 3267 
3819 4274 6454 4277 
3820 4780 5963 2691 
3821 824 5980 826 
3822 2333 5938 1848 
3823 2853 6267 3270 
3824 4147 4149 4148 
3825 4716 6727 6478 
3826 3260 4296 3648 
3827 6852 6898 3864 
3828 4165 6933 3716 
3829 2579 6389 2577 
3830 2602 4853 2604 
3831 7022 7032 4388 
3832 5742 5750 5743 
3833 2627 5372 3141 
3834 1273 6253 1336 
3835 2833 5328 2835 
3836 4909 4910 4907 
3837 5642 6725 5707 
3838 1863 5733 2247 
3839 6580 6812 3932 
3840 3290 4732 3711 
3841 7160 7162 5645 
3842 922 6108 928 
3843 3033 3079 3029 
3844 2712 4247 3839 
3845 2758 6163 1368 
3846 1611 6419 4308 
3847 1775 5530 1773 
3848 1867 6284 2265 
3849 4154 4265 3636 
3850 3654 4175 3656 
3851 4777 6202 4810 
3852 1365 6157 1358 
3853 1638 5426 1423 
3854 3328 6988 6871 
3855 6788 6815 4786 
3856 5512 5514 5511 
3857 4789 4791 3522 
3858 2009 6173 2295 
3859 2455 4868 2640 
3860 3916 3917 3179 
3861 7394 7396 6318 
3862 21 4250 20 
3863 4374 4375 1612 
3864 1799 6572 1800 
3865 6187 6490 2724 
3866 4732 7031 3711 
3867 1807 4333 1771 
3868 5447 6228 5448 
3869 3242 3243 2675 
3870 1607 6487 1770 
3871 2415 6581 2303 
3872 643 6367 5039 
3873 2660 4740 2793 
3874 3544 6387 3539 
3875 1872 5787 2368 
3876 5318 5319 2981 
3877 5885 5886 5884 
3878 1320 6384 5851 
3879 3519 4847 3549 
3880 4985 6521 6497 
3881 1874 5787 1872 
3882 2683 4726 2961 
3883 3222 3980 3801 
3884 6256 6681 3860 
3885 2407 6326 3145 
3886 986 6938 1224 
3887 3017 5384 3810 
3888 5991 6627 6612 
3889 945 6468 4881 
3890 1327 5610 5609 
3891 3213 4736 1315 
3892 5331 5333 2064 
3893 3179 6239 3065 
3894 3585 4381 3353 
3895 1769 7070 7059 
3896 2318 6417 6066 
3897 2574 6224 2576 
3898 2815 5070 2817 
3899 4403 5403 3505 
3900 3520 4789 3522 
3901 3286 4295 4294 
3902 848 6367 645 
3903 1696 4399 1731 
3904 2295 6173 6172 
3905 3019 3812 3811 
3906 4221 6253 3850 
3907 3170 6299 2830 
3908 1589 1592 1309 
3909 2041 6411 6030 
3910 2696 5346 3095 
3911 3352 4746 3354 
3912 3675 6783 3676 
3913 4413 6218 3862 
3914 5118 6690 5121 
3915 869 5035 859 
3916 3909 6650 3591 
3917 1380 5026 1382 
3918 2638 4377 2637 
3919 4444 4445 3040 
3920 3727 4876 561 
3921 2376 6233 3037 
3922 1173 5493 1171 
3923 6268 6820 2255 
3924 4443 6778 2401 
3925 3039 5838 2443 
3926 2851 6267 2853 
3927 3008 6115 4191 
3928 4736 6526 1179 
3929 5187 5288 5190 
3930 829 6075 827 
3931 1759 6316 1734 
3932 1817 6320 2324 
3933 4379 7008 6989 
3934 4916 6630 1642 
3935 1393 6628 6402 
3936 2406 5290 1805 
3937 5850 6130 3107 
3938 2189 4346 2240 
3939 6113 6243 5893 
3940 4249 5656 3288 
3941 635 6571 633 
3942 5418 5419 3168 
3943 5679 6427 847 
3944 4980 6511 4983 
3945 1175 5492 1173 
3946 1577 5349 1347 
3947 2592 4803 2770 
3948 516 6315 154 
3949 2595 6314 3073 
3950 4811 4837 3077 
3951 4356 6560 4355 
3952 1646 6656 6345 
3953 2607 4773 3084 
3954 3371 5352 3369 
3955 7031 7035 3711 
3956 2644 4432 2646 
3957 2247 6284 1865 
3958 1573 4374 1612 
3959 1782 4350 1780 
3960 4040 4047 4038 
3961 592 5756 594 
3962 3837 4131 3258 
3963 3843 4263 4262 
3964 6407 6868 845 
3965 3701 4187 3140 
3966 4347 6795 4348 
3967 2023 5309 2297 
3968 2380 5530 3336 
3969 1003 5350 1001 
3970 5806 6905 2081 
3971 4104 4105 3243 
3972 4977 6393 4994 
3973 3642 6881 6814 
3974 3586 5029 3349 
3975 3609 4228 3845 
3976 5549 6363 6270 
3977 3626 3805 3630 
3978 6727 6850 6478 
3979 957 4229 959 
3980 1262 5045 1186 
3981 2280 5464 2001 
3982 4863 6322 3085 
3983 4039 4041 4040 
3984 4897 6052 5566 
3985 2128 5350 1003 
3986 2655 6228 6170 
3987 3188 3189 3187 
3988 2710 6292 6291 
3989 2807 5318 2981 
3990 3529 5010 3547 
3991 4365 4368 4362 
3992 1379 5326 1645 
3993 3537 5303 3535 
3994 928 6108 2057 
3995 2112 6605 1105 
3996 2637 5036 2635 
3997 4988 6692 4986 
3998 2247 5733 5732 
3999 2821 4733 2823 
4000 3307 4756 3309 
4001 1362 6542 1360 
4002 2041 6030 2043 
4003 2726 4936 4910 
4004 3075 4837 4813 
4005 6718 6755 3595 
4006 5600 6566 5569 
4007 5492 5493 1173 
4008 2140 6226 577 
4009 922 928 923 
4010 2763 6492 2765 
4011 5403 6774 3551 
4012 779 6704 2078 
4013 2449 4444 3040 
4014 2836 5869 3169 
4015 5354 5355 3583 
4016 4985 6497 4981 
4017 1820 2253 1821 
4018 3121 4225 2744 
4019 4417 6817 6714 
4020 4444 6379 4446 
4021 4868 4869 2640 
4022 2962 6615 6614 
4023 3365 6430 3363 
4024 3662 3663 3661 
4025 4904 6459 4906 
4026 4908 4909 4907 
4027 633 6571 4987 
4028 881 4891 877 
4029 4464 5014 4461 
4030 4917 4919 4918 
4031 465 4753 156 
4032 2310 4371 4370 
4033 3303 4219 3305 
4034 3669 4286 3896 
4035 4314 4315 3684 
4036 3955 3992 3954 
4037 6610 6676 2137 
4038 2964 4780 2739 
4039 2162 6249 1199 
4040 1305 4772 4771 
4041 2064 5333 1405 
4042 2310 4370 2048 
4043 2230 6792 3876 
4044 2506 6118 2508 
4045 2144 5736 1011 
4046 1012 4841 1014 
4047 1174 5937 2399 
4048 4385 4899 2424 
4049 2633 5314 2631 
4050 4691 4710 3099 
4051 5280 6364 5201 
4052 5212 6174 5207 
4053 5597 5598 5596 
4054 6102 6103 151 
4055 2047 4370 4369 
4056 2067 5758 5757 
4057 3863 6645 2786 
4058 4350 4369 4351 
4059 1305 4770 991 
4060 1802 5057 3093 
4061 1877 5925 2251 
4062 3952 4152 3953 
4063 4803 4804 2770 
4064 5459 5460 1721 
4065 2214 6334 3292 
4066 4269 6460 2366 
4067 2417 3265 3211 
4068 4785 4786 3326 
4069 2040 6513 2323 
4070 3109 6614 3879 
4071 1869 4994 1871 
4072 2770 6306 2594 
4073 3079 4163 3029 
4074 3093 5057 3295 
4075 3704 6957 6576 
4076 1687 6533 1686 
4077 3780 4344 2989 
4078 3562 6960 5831 
4079 6073 6078 50 
4080 1306 6442 960 
4081 2043 6030 2290 
4082 2303 2412 2243 
4083 3077 4837 2601 
4084 4988 6808 5600 
4085 2078 6704 4782 
4086 2670 5996 2810 
4087 6241 6254 5668 
4088 1378 6451 1654 
4089 3626 3630 3629 
4090 3359 4842 3584 
4091 3760 5870 3506 
4092 2305 2390 2304 
4093 3375 6295 3373 
4094 4250 4251 449 
4095 861 5529 2723 
4096 944 5358 935 
4097 1812 6599 2293 
4098 2036 5513 2034 
4099 3975 3976 3207 
4100 3303 4323 4219 
4101 1814 6471 2363 
4102 50 6078 49 
4103 1754 5370 1359 
4104 2457 4868 2455 
4105 2754 3133 3132 
4106 4377 4378 2637 
4107 3703 7051 6979 
4108 148 4763 437 
4109 1785 1787 1751 
4110 6370 6718 3595 
4111 2251 5925 4719 
4112 3828 4243 4202 
4113 786 5368 908 
4114 2609 4773 2607 
4115 3193 4236 4235 
4116 3219 4434 4433 
4117 3957 4018 3956 
4118 6565 6637 4689 
4119 3209 4161 3210 
4120 3703 6979 3704 
4121 4173 4174 4171 
4122 3137 3857 3301 
4123 4039 4042 4041 
4124 116 5467 415 
4125 1659 1744 1660 
4126 7378 7380 6241 
4127 6124 6327 3232 
4128 6223 6569 3299 
4129 3319 6453 3320 
4130 577 6226 575 
4131 644 5579 2121 
4132 2473 4917 3043 
4133 2508 6118 2755 
4134 4349 6479 4148 
4135 5287 5288 5185 
4136 6158 6388 5212 
4137 5863 5864 5862 
4138 3177 3187 3186 
4139 4282 4747 4284 
4140 4911 4913 4912 
4141 5574 5626 5625 
4142 615 6256 5335 
4143 979 4764 977 
4144 3506 5870 3508 
4145 7386 7388 5521 
4146 3305 3842 3307 
4147 589 6547 1792 
4148 3286 4294 940 
4149 2096 6470 5943 
4150 2590 4803 2592 
4151 4372 6561 6523 
4152 1172 5937 1174 
4153 2205 4245 2177 
4154 2386 6743 6275 
4155 2476 6141 2478 
4156 3128 4377 2638 
4157 4275 4276 2694 
4158 2789 4273 3600 
4159 3597 4125 3260 
4160 4830 4833 4832 
4161 5034 5666 5665 
4162 5610 5611 5345 
4163 1796 4779 1762 
4164 2204 4285 2329 
4165 4917 4918 3043 
4166 5065 6330 4447 
4167 1679 1680 1677 
4168 1784 4739 2232 
4169 3672 3674 3673 
4170 908 5367 788 
4171 4262 4731 2361 
4172 6286 6618 3310 
4173 586 6191 588 
4174 1291 6684 6667 
4175 1681 1683 1682 
4176 2775 4333 1807 
4177 2265 4994 1869 
4178 2360 6494 2404 
4179 4427 4726 2685 
4180 4050 4052 4051 
4181 2569 5742 3057 
4182 2842 5415 2840 
4183 3309 3891 3889 
4184 582 6251 584 
4185 1690 6533 1687 
4186 2679 5474 4831 
4187 2830 6299 2828 
4188 5953 7139 7138 
4189 4887 6459 6425 
4190 2169 6370 2167 
4191 3076 6068 2630 
4192 3087 3654 3653 
4193 3114 6373 5593 
4194 4343 6964 6932 
4195 4857 6787 5967 
4196 5709 6577 5279 
4197 832 6065 913 
4198 1379 1645 1377 
4199 4294 4295 2049 
4200 3665 4111 3666 
4201 3893 4732 2400 
4202 4700 4701 3261 
4203 3524 4791 3765 
4204 5605 5607 5606 
4205 4782 6613 2078 
4206 4782 6704 4689 
4207 583 6111 867 
4208 1694 1696 1695 
4209 2377 4246 2234 
4210 3828 4200 3670 
4211 5511 5514 5513 
4212 830 6065 832 
4213 1214 2361 1210 
4214 1370 6288 4932 
4215 3274 3310 3022 
4216 3621 4165 3716 
4217 2700 2701 2391 
4218 859 5035 855 
4219 1359 5370 1361 
4220 1368 6163 1364 
4221 1545 7024 7021 
4222 2379 6317 1809 
4223 2416 3196 3195 
4224 2763 2764 2761 
4225 4903 4936 2456 
4226 3098 6426 6425 
4227 4931 6636 6440 
4228 5608 6327 6124 
4229 4114 4144 1222 
4230 5451 6761 3589 
4231 3636 3637 3616 
4232 3824 4801 4793 
4233 6349 6365 2762 
4234 3009 6115 3008 
4235 3585 4383 4382 
4236 2808 5407 2811 
4237 5352 5354 3583 
4238 2687 4427 2685 
4239 5011 5306 626 
4240 2264 5734 1859 
4241 4900 4901 2776 
4242 3167 5415 2842 
4243 3883 4390 3613 
4244 847 6725 5679 
4245 862 874 868 
4246 2794 5854 1659 
4247 4882 4883 2730 
4248 5351 6301 1333 
4249 2203 6416 2200 
4250 4783 6290 5371 
4251 788 5367 790 
4252 4709 6899 1693 
4253 2346 4285 2201 
4254 3053 5995 5597 
4255 5042 5043 5041 
4256 129 6341 128 
4257 1367 1368 1364 
4258 3091 5637 5635 
4259 7040 7056 1539 
4260 2389 3173 3031 
4261 3143 5314 2633 
4262 3121 5452 5451 
4263 4330 6837 5414 
4264 5296 5297 5102 
4265 6597 6868 5918 
4266 681 6597 2088 
4267 4733 5730 2823 
4268 3831 3833 3803 
4269 4327 4331 4329 
4270 1555 5048 1615 
4271 2034 5513 2056 
4272 4203 4204 4201 
4273 5080 6364 5079 
4274 23 6396 515 
4275 4688 6290 4783 
4276 4817 6314 4815 
4277 5899 6175 5054 
4278 5072 5549 5073 
4279 5749 6047 5745 
4280 5456 5459 1721 
4281 2684 4700 3261 
4282 5131 5286 5134 
4283 5074 5464 2280 
4284 2416 3195 3194 
4285 2811 2813 2812 
4286 2824 4422 2822 
4287 5573 5574 3153 
4288 3295 5057 4221 
4289 1548 6258 1550 
4290 2736 6076 3137 
4291 3065 6239 3193 
4292 6895 6934 1790 
4293 2385 4212 4211 
4294 2740 6594 2718 
4295 6240 6280 2757 
4296 2973 5653 5652 
4297 117 5467 116 
4298 5493 5495 1317 
4299 4892 5048 1557 
4300 1778 6408 1777 
4301 2030 4792 2028 
4302 2806 2808 2807 
4303 6273 6558 4915 
4304 2162 7045 4166 
4305 2466 6358 2468 
4306 2717 6534 2797 
4307 1692 4392 2208 
4308 1841 1843 1842 
4309 3131 3172 3171 
4310 3985 3990 3919 
4311 630 5299 632 
4312 642 5579 644 
4313 871 5529 861 
4314 4399 6334 1731 
4315 2308 6828 6705 
4316 2713 6743 2386 
4317 2424 4899 2426 
4318 2652 4793 2657 
4319 2691 5963 2689 
4320 3734 5437 3408 
4321 3023 6618 6286 
4322 5282 5283 5197 
4323 624 5011 626 
4324 626 5306 628 
4325 5365 6686 1439 
4326 4308 6724 1779 
4327 2324 3866 3083 
4328 3833 4107 4094 
4329 4426 7417 7414 
4330 4937 4958 4723 
4331 6257 6552 5324 
4332 3120 5001 2578 
4333 2818 4838 2816 
4334 3663 3699 3661 
4335 5073 5549 5077 
4336 1441 5365 1439 
4337 3648 6448 3105 
4338 5547 6646 6613 
4339 486 6035 33 
4340 1732 6520 1759 
4341 1887 5473 2269 
4342 3167 5416 5415 
4343 3789 3790 3788 
4344 5584 5894 5693 
4345 2211 6334 2214 
4346 2510 5868 2512 
4347 3512 6209 3514 
4348 5323 6257 5324 
4349 811 4768 809 
4350 2797 3139 2719 
4351 3083 6347 3087 
4352 5328 5329 3297 
4353 3869 6551 6316 
4354 6316 6719 3869 
4355 1557 5048 1555 
4356 5194 5282 5197 
4357 1823 6609 6247 
4358 2651 4735 2785 
4359 3124 3198 2998 
4360 3387 5971 3385 
4361 6030 6411 3858 
4362 4237 4238 4235 
4363 5039 5040 2115 
4364 2968 6326 2407 
4365 3348 5007 3350 
4366 4044 4045 4043 
4367 972 1223 974 
4368 1746 4272 1649 
4369 2021 5309 2023 
4370 3841 5016 2690 
4371 3155 6238 5676 
4372 4447 6330 3040 
4373 3579 4996 4995 
4374 1181 4736 1179 
4375 1349 6562 1296 
4376 3019 3281 2383 
4377 3527 5377 3525 
4378 3581 5353 5352 
4379 3676 3677 3674 
4380 2238 2388 2237 
4381 4272 6705 4207 
4382 4916 6507 4915 
4383 4773 4774 3084 
4384 3317 3319 3318 
4385 3406 5022 3734 
4386 3833 4094 3803 
4387 5185 5288 5187 
4388 654 5841 1219 
4389 980 982 981 
4390 2390 5768 3185 
4391 2700 2703 2702 
4392 4885 6426 2730 
4393 2760 6476 2758 
4394 3498 5044 3759 
4395 3681 3689 3683 
4396 3693 4786 4785 
4397 4952 5734 4976 
4398 5182 5287 5185 
4399 6762 6805 6793 
4400 1689 1690 1687 
4401 2965 6746 4093 
4402 641 5039 2115 
4403 1198 5878 1758 
4404 1526 6304 2075 
4405 2075 5456 1528 
4406 3342 6452 3344 
4407 4441 6308 3540 
4408 628 5306 891 
4409 4891 5529 877 
4410 4775 6466 3084 
4411 3361 4842 3359 
4412 3577 5971 3387 
4413 3521 4847 3519 
4414 1339 6794 1619 
4415 2356 5879 4415 
4416 3656 3658 3657 
4417 2614 2694 2616 
4418 2789 3600 2801 
4419 3014 3184 3028 
4420 4425 4990 4422 
4421 5758 5759 5757 
4422 935 5358 1598 
4423 4422 4990 2822 
4424 4400 6453 3319 
4425 4948 4954 4946 
4426 1365 6351 6157 
4427 3583 5356 3367 
4428 3404 5022 3406 
4429 3585 4382 4381 
4430 3647 6504 3645 
4431 3920 3985 3919 
4432 4177 7038 4178 
4433 5945 6531 5947 
4434 2582 5371 2584 
4435 3581 5352 3371 
4436 2150 6258 1548 
4437 1576 6333 5312 
4438 1873 5924 1875 
4439 2577 6389 3067 
4440 5760 5762 5759 
4441 588 6191 2079 
4442 842 6400 5935 
4443 4792 6297 2338 
4444 2456 4936 2458 
4445 3265 5302 3793 
4446 2070 6561 606 
4447 1702 6374 3822 
4448 3792 4231 3211 
4449 3222 3801 3223 
4450 3933 3984 3927 
4451 3169 5316 5315 
4452 5211 6549 6548 
4453 2032 4450 2030 
4454 6920 6969 3920 
4455 4278 4279 4276 
4456 1211 1214 1210 
4457 3698 6452 3342 
4458 3531 5010 3529 
4459 5104 5297 5107 
4460 1559 4892 1557 
4461 6572 6649 2397 
4462 2417 3211 3030 
4463 3069 3634 3633 
4464 5029 6698 3347 
4465 4416 4418 4414 
4466 4858 4860 4859 
4467 911 6310 816 
4468 1034 5455 2209 
4469 2397 2398 2229 
4470 2754 4196 3133 
4471 3141 4397 4396 
4472 5570 5573 3153 
4473 3868 6757 3687 
4474 4236 4237 4235 
4475 1277 1278 1276 
4476 2682 5311 4700 
4477 3900 4117 3149 
4478 3350 5007 3708 
4479 4334 6860 6493 
4480 4425 6296 4990 
4481 5132 5286 5131 
4482 565 6525 564 
4483 889 6291 884 
4484 1689 1691 1690 
4485 1879 4717 1881 
4486 3804 6289 3978 
4487 6081 6200 5558 
4488 1011 5736 1009 
4489 1409 5852 1407 
4490 3217 6233 6232 
4491 3370 6294 3372 
4492 4909 5679 4911 
4493 594 5756 600 
4494 949 951 944 
4495 2418 6902 3798 
4496 3697 3701 3140 
4497 5030 5033 3165 
4498 3679 3680 3678 
4499 127 5439 473 
4500 2729 4320 1207 
4501 2568 4925 2570 
4502 2960 6730 3827 
4503 4758 4991 3395 
4504 951 4421 944 
4505 967 968 951 
4506 1821 1823 1822 
4507 970 972 971 
4508 2193 4248 3110 
4509 2588 4685 2590 
4510 2838 5869 2836 
4511 3274 3968 3310 
4512 5608 6144 5607 
4513 1288 4989 629 
4514 3230 5605 2949 
4515 6548 6549 2285 
4516 2989 3863 2786 
4517 3169 5869 5317 
4518 5495 5496 5374 
4519 1382 2120 1384 
4520 1851 6423 1853 
4521 2356 4415 4414 
4522 5034 5665 3165 
4523 3688 3868 3687 
4524 5054 6175 5051 
4525 81 6178 407 
4526 1654 5026 1380 
4527 1875 5925 1877 
4528 3579 4995 3379 
4529 5205 6174 6172 
4530 2769 6651 4769 
4531 6371 6401 860 
4532 2797 3641 3140 
4533 3069 3633 3070 
4534 3126 6464 4343 
4535 3367 5356 3365 
4536 4188 4866 4865 
4537 4748 4752 4750 
4538 4760 4991 4758 
4539 5318 5321 5319 
4540 2316 6311 3588 
4541 2751 2753 2752 
4542 3558 6215 5488 
4543 6348 6687 5003 
4544 647 5310 848 
4545 653 6427 4908 
4546 841 6639 6245 
4547 2448 4882 2730 
4548 6097 6098 6096 
4549 997 6301 2156 
4550 2103 6621 1071 
4551 2218 2220 2219 
4552 2266 6393 6217 
4553 5280 6173 2281 
4554 3193 4234 3064 
4555 5078 6264 5075 
4556 5084 6270 5281 
4557 6099 6106 137 
4558 784 5368 786 
4559 2119 4764 979 
4560 2973 5654 5653 
4561 3032 3033 3029 
4562 3514 6209 3762 
4563 6516 6863 5351 
4564 128 6341 5439 
4565 6270 6363 2278 
4566 3219 4439 4434 
4567 3227 5323 4097 
4568 4185 6491 3606 
4569 4783 5371 5334 
4570 4910 4936 4905 
4571 652 5841 654 
4572 6280 6378 1271 
4573 1307 1308 1284 
4574 1635 5365 1441 
4575 3034 3035 2678 
4576 3192 4253 3031 
4577 3728 5931 3382 
4578 4446 6379 6282 
4579 1151 5785 1149 
4580 2221 2303 2243 
4581 4979 4980 2756 
4582 3023 6286 3815 
4583 4125 4296 3260 
4584 3535 5303 3546 
4585 4364 4365 4362 
4586 2558 5410 2560 
4587 2792 5395 5394 
4588 2186 4247 2334 
4589 4658 4661 4660 
4590 5079 6473 5464 
4591 5396 5397 5395 
4592 6431 6585 6356 
4593 1885 5473 1887 
4594 3725 5357 3374 
4595 3971 3998 3970 
4596 2057 4890 934 
4597 2293 6599 3874 
4598 2986 3315 3314 
4599 5742 5743 3057 
4600 3060 4181 3059 
4601 4266 4268 4267 
4602 5048 5050 5049 
4603 5512 5516 5514 
4604 1100 7161 7158 
4605 1406 5836 1408 
4606 1640 5852 1409 
4607 5299 5301 632 
4608 5965 6567 842 
4609 5668 6254 2886 
4610 3059 3604 3603 
4611 3145 6326 3906 
4612 4722 4937 4723 
4613 6016 6528 4864 
4614 5423 5424 5421 
4615 33 6035 32 
4616 517 6104 56 
4617 2141 6151 750 
4618 1168 6177 1170 
4619 2249 4373 3276 
4620 5441 5769 2487 
4621 3522 4791 3524 
4622 5276 5327 5154 
4623 56 6104 55 
4624 2816 6188 2814 
4625 3582 4842 3361 
4626 2231 6251 582 
4627 1579 6122 2125 
4628 1689 1693 1691 
4629 1939 1941 1940 
4630 2976 5896 2852 
4631 3798 3927 3183 
4632 3334 6532 3212 
4633 5410 6049 5411 
4634 1275 6383 2054 
4635 2397 6649 3069 
4636 4838 6188 2816 
4637 3061 3063 3062 
4638 3330 4785 3324 
4639 3408 3410 3409 
4640 5102 5297 5104 
4641 1195 1196 874 
4642 1694 1695 1692 
4643 2242 2319 2192 
4644 2440 5569 2442 
4645 2624 2625 2623 
4646 2657 3234 2659 
4647 3692 3693 3330 
4648 6356 6585 4772 
4649 6331 6976 6970 
4650 981 6331 2119 
4651 1694 4399 1696 
4652 2281 6173 2007 
4653 2229 4788 2230 
4654 5033 5034 3165 
4655 3714 4867 3360 
4656 6049 6114 5411 
4657 2400 3290 3289 
4658 2792 5396 5395 
4659 3341 3342 3340 
4660 3681 3683 3682 
4661 5323 5324 4097 
4662 4406 5403 4403 
4663 5154 5327 5156 
4664 2571 5742 2569 
4665 5558 6200 2880 
4666 3397 4758 3395 
4667 3659 3660 3657 
4668 3925 3936 3926 
4669 4044 4046 4045 
4670 1596 5680 1698 
4671 1897 1899 1898 
4672 2291 2309 2045 
4673 2232 6483 2233 
4674 2636 6538 3081 
4675 5129 5551 5132 
4676 1667 1764 1747 
4677 2071 6378 2235 
4678 2228 3130 2382 
4679 2467 4893 2465 
4680 3007 3010 3009 
4681 5574 5625 3153 
4682 3324 4785 3322 
4683 2134 6660 6162 
4684 3134 6619 2621 
4685 2676 3242 2675 
4686 3922 3924 3923 
4687 4708 4709 1693 
4688 2707 4779 1796 
4689 2746 3121 2744 
4690 1597 5680 1596 
4691 2334 2712 2711 
4692 2690 5016 2738 
4693 3841 5019 5016 
4694 4181 4183 4182 
4695 2593 6193 2591 
4696 3110 3848 3640 
4697 3124 3199 3198 
4698 3507 4403 3505 
4699 3870 3871 3594 
4700 6322 6528 4277 
4701 456 5602 58 
4702 1298 1589 1309 
4703 2043 2290 2045 
4704 2819 5347 3337 
4705 4462 4463 4461 
4706 5745 5746 5744 
4707 1190 4889 578 
4708 1836 2330 1834 
4709 2075 5457 5456 
4710 3393 4991 3573 
4711 649 5310 647 
4712 1783 4739 1784 
4713 2462 6187 2464 
4714 6329 6530 4255 
4715 1334 6331 983 
4716 1955 1957 1956 
4717 1957 1959 1958 
4718 2222 4691 3099 
4719 2747 2749 2748 
4720 3533 4694 3531 
4721 5336 5919 1051 
4722 5048 5049 1615 
4723 1617 5058 1757 
4724 1953 1955 1954 
4725 3198 6263 2998 
4726 3309 4115 3891 
4727 3945 3947 3946 
4728 4592 6368 4590 
4729 2176 5478 2781 
4730 2490 6475 5885 
4731 2668 6390 2662 
4732 2916 5669 2914 
4733 4445 4447 3040 
4734 3723 6294 3370 
4735 3654 3655 3653 
4736 3843 4262 4194 
4737 4905 4936 4903 
4738 5284 5285 5183 
4739 1809 2051 1774 
4740 2288 2707 1796 
4741 2228 2382 2381 
4742 2396 4385 2424 
4743 2615 3100 2613 
4744 2868 5652 5647 
4745 2949 5605 2951 
4746 3503 5403 3551 
4747 4518 4520 4519 
4748 5178 5284 5180 
4749 5882 5883 5881 
4750 1032 5455 1034 
4751 2329 3621 3620 
4752 4893 5623 2465 
4753 2678 6748 2676 
4754 3318 6446 3316 
4755 5275 6091 5158 
4756 791 5967 1293 
4757 1588 6827 1295 
4758 2478 6141 3091 
4759 2745 2746 2744 
4760 3594 6476 2760 
4761 5635 6137 3091 
4762 3280 5476 5475 
4763 3317 3777 3319 
4764 3510 4713 3761 
4765 4711 6708 4708 
4766 1243 6897 6807 
4767 2363 3334 3212 
4768 2587 5681 3068 
4769 2877 2879 2878 
4770 4134 6864 5293 
4771 5113 5438 5116 
4772 5716 6013 5627 
4773 5946 5962 5961 
4774 459 5979 119 
4775 1592 6343 1309 
4776 2882 5558 2880 
4777 3609 3845 3611 
4778 4730 7025 4130 
4779 4172 4173 4171 
4780 4454 4459 4456 
4781 4980 4983 4982 
4782 6243 6596 5893 
4783 793 5967 791 
4784 2385 2713 2386 
4785 2766 2768 2764 
4786 3639 4154 3636 
4787 1642 6507 4916 
4788 2432 4979 2756 
4789 3408 5437 3410 
4790 3542 6308 3769 
4791 2399 5509 1176 
4792 1252 6152 1251 
4793 1593 6515 1297 
4794 5415 5418 3168 
4795 3764 3963 3205 
4796 3301 3303 3302 
4797 3820 7034 4367 
4798 4700 4703 4701 
4799 4729 6974 6924 
4800 4833 4834 4832 
4801 2576 6224 3120 
4802 3270 5420 2855 
4803 3822 4088 3213 
4804 3322 4785 3326 
4805 3580 6295 3375 
4806 5213 5214 5211 
4807 2053 2314 1799 
4808 2152 3312 3149 
4809 2635 3143 2633 
4810 4980 4981 2756 
4811 2871 2873 2872 
4812 3174 4312 2990 
4813 4088 4089 3213 
4814 3276 4218 3278 
4815 3670 3672 3671 
4816 5631 6137 5635 
4817 2059 6465 1191 
4818 2191 2192 2188 
4819 3300 5730 4916 
4820 4052 4056 4055 
4821 4929 6712 6701 
4822 942 2049 957 
4823 2185 6756 2183 
4824 2384 3019 2383 
4825 2814 6188 2980 
4826 3284 6321 2841 
4827 4774 4775 3084 
4828 4947 5732 4949 
4829 6312 6542 6476 
4830 650 5840 652 
4831 967 1222 968 
4832 2321 2993 2408 
4833 2573 6391 3058 
4834 2586 2588 2587 
4835 3120 5002 5001 
4836 3838 4135 3267 
4837 3516 6210 3518 
4838 3672 3673 3671 
4839 3870 6745 3871 
4840 5077 5082 5081 
4841 5560 6254 6241 
4842 35 6884 34 
4843 1203 1210 1204 
4844 1667 1747 1668 
4845 1681 1682 1680 
4846 4333 6462 1771 
4847 2225 4214 2228 
4848 2419 6169 2421 
4849 3049 5531 2503 
4850 2651 2785 2649 
4851 2894 5030 3165 
4852 3091 6141 5637 
4853 3373 6295 3581 
4854 3545 4847 3521 
4855 5355 5356 3583 
4856 5008 6787 6489 
4857 6000 6872 6003 
4858 515 558 22 
4859 667 5603 665 
4860 5511 5513 2036 
4861 2471 6307 2469 
4862 2475 4917 2473 
4863 2712 3839 3271 
4864 2983 3776 2986 
4865 3702 5005 3346 
4866 3574 6709 3405 
4867 5059 5060 3553 
4868 4822 4824 4823 
4869 4927 5895 4925 
4870 4975 5732 4947 
4871 1528 5456 1530 
4872 2365 6460 5021 
4873 2843 2845 2844 
4874 3133 3722 3721 
4875 3839 4124 3840 
4876 5057 5058 4221 
4877 536 5978 78 
4878 1640 6670 5853 
4879 2061 2383 1797 
4880 3050 5800 2507 
4881 2656 5816 2513 
4882 2516 2518 2517 
4883 2530 2532 2531 
4884 4131 4132 3258 
4885 3352 3354 3353 
4886 3363 6430 3582 
4887 3733 5022 3404 
4888 4449 6252 5066 
4889 808 5025 2063 
4890 990 992 991 
4891 1251 6152 2166 
4892 1533 5375 2114 
4893 2779 5939 2536 
4894 4288 4299 2706 
4895 2736 3137 3136 
4896 2903 6050 2905 
4897 2957 5323 3227 
4898 3897 7085 3256 
4899 5142 5145 5144 
4900 5288 5289 5190 
4901 5840 5841 652 
4902 803 2058 801 
4903 928 929 923 
4904 4765 4766 1335 
4905 1664 5056 1651 
4906 2387 3651 3650 
4907 2524 2526 2525 
4908 2632 6068 3078 
4909 3006 4170 3007 
4910 3627 3628 3625 
4911 5225 5226 5224 
4912 5319 5322 5320 
4913 70 6023 69 
4914 675 5932 673 
4915 3344 3702 3346 
4916 3489 5059 3553 
4917 3763 4789 3520 
4918 2401 6778 1824 
4919 1840 2365 1838 
4920 1987 5709 2292 
4921 2309 4993 2045 
4922 3003 3004 3002 
4923 3065 3193 3064 
4924 4415 4416 4414 
4925 4693 6890 6751 
4926 5316 6287 5315 
4927 4144 4145 1222 
4928 1723 5046 1544 
4929 2680 5311 2682 
4930 2978 4423 4422 
4931 4908 6427 4909 
4932 6670 6685 5853 
4933 7007 7037 812 
4934 1607 1736 1735 
4935 2589 5681 2587 
4936 3037 3217 3216 
4937 3558 5486 3479 
4938 1798 6408 1778 
4939 6174 6388 2295 
4940 2380 3336 2987 
4941 2414 3224 3205 
4942 2997 3200 2999 
4943 3259 5360 5359 
4944 5486 5990 3559 
4945 4688 4783 4782 
4946 6364 6473 5079 
4947 83 5792 537 
4948 917 922 921 
4949 2332 4992 1996 
4950 2768 6349 2764 
4951 3627 3970 3628 
4952 3644 3646 3645 
4953 5457 5459 5456 
4954 58 5602 57 
4955 132 6097 131 
4956 4685 4803 2590 
4957 5536 5539 3162 
4958 4872 4874 4870 
4959 5077 5549 5082 
4960 538 5964 86 
4961 934 943 935 
4962 1372 1743 1374 
4963 1398 5764 1400 
4964 1707 6661 5921 
4965 1789 2733 2732 
4966 1804 3279 2696 
4967 2338 6297 5014 
4968 3218 4226 3216 
4969 4445 6309 4448 
4970 1149 5785 2068 
4971 2164 2759 2758 
4972 2494 2496 2495 
4973 2778 4685 2588 
4974 2654 6198 5443 
4975 2948 5570 3153 
4976 3808 3809 3018 
4977 4547 4549 4548 
4978 4941 6393 4977 
4979 5086 5281 5089 
4980 5444 5770 5769 
4981 6663 6684 5586 
4982 2171 2172 2169 
4983 2204 2300 2299 
4984 2465 5623 2463 
4985 3117 5371 2582 
4986 3267 4288 2704 
4987 2914 3160 2912 
4988 3208 3209 3080 
4989 3327 3784 3778 
4990 4354 4356 4355 
4991 4414 6218 4413 
4992 4463 4464 4461 
4993 5158 6091 5160 
4994 69 6024 68 
4995 202 557 201 
4996 1268 1295 1267 
4997 1849 5000 2260 
4998 2504 2506 2505 
4999 2759 2760 2758 
5000 2987 6713 2984 
5001 6714 6914 4417 
5002 1608 1609 1604 
5003 2349 3017 2698 
5004 2389 3031 2388 
5005 3145 3906 3905 
5006 3352 3353 3351 
5007 6291 6292 4754 
5008 5317 5869 5419 
5009 5901 6318 6237 
5010 660 5873 894 
5011 663 5638 1289 
5012 996 998 997 
5013 2361 4731 1210 
5014 1849 1850 1848 
5015 1994 4992 2403 
5016 2204 2329 2300 
5017 3041 4868 2457 
5018 5503 5504 2722 
5019 3501 5856 3499 
5020 3499 5856 3554 
5021 4783 6613 4782 
5022 4804 4807 4806 
5023 4895 5623 4893 
5024 6219 6220 5677 
5025 1388 1390 1389 
5026 1601 1602 1595 
5027 2180 2190 2189 
5028 2441 5838 3038 
5029 2925 5428 3238 
5030 3497 6199 3495 
5031 4998 4999 3580 
5032 3582 4844 4843 
5033 3590 3592 3591 
5034 3637 3638 3616 
5035 686 7235 7232 
5036 1251 2059 1191 
5037 1804 4413 3862 
5038 1861 1863 1862 
5039 2200 2202 2198 
5040 2222 3099 2224 
5041 2281 6364 5280 
5042 2442 5569 3101 
5043 2470 5503 2722 
5044 2512 5868 3106 
5045 2586 6290 2778 
5046 3169 5315 2834 
5047 3064 3225 3062 
5048 3270 5421 5420 
5049 3493 5913 3491 
5050 4556 4557 4555 
5051 4584 4586 4585 
5052 5084 5281 5086 
5053 5503 5505 5504 
5054 665 5638 663 
5055 1170 6177 1264 
5056 2591 6193 3072 
5057 2913 3245 2915 
5058 3807 3948 3206 
5059 3270 6267 5423 
5060 3548 4405 4404 
5061 3607 3609 3608 
5062 3796 3797 3795 
5063 4628 4738 4626 
5064 4773 6437 4774 
5065 1712 5670 5501 
5066 2246 5000 1847 
5067 2474 5891 3090 
5068 3752 3904 3151 
5069 3320 3323 3322 
5070 3341 3705 3698 
5071 5908 5910 3560 
5072 5788 5789 3569 
5073 3889 4166 3890 
5074 4152 4153 3953 
5075 4814 4815 4813 
5076 4826 4827 4825 
5077 5208 5210 5209 
5078 673 5932 2137 
5079 2302 4933 2033 
5080 2205 6795 5302 
5081 2574 2576 2575 
5082 2704 4288 2706 
5083 2821 2823 2822 
5084 2831 2833 2832 
5085 3027 3858 3203 
5086 3312 3900 3149 
5087 3600 6790 6700 
5088 4495 4498 4497 
5089 5703 6277 5968 
5090 75 5977 535 
5091 988 989 987 
5092 1354 1357 1355 
5093 4376 4715 1612 
5094 1718 5689 5688 
5095 1865 1867 1866 
5096 2562 5394 2564 
5097 2631 3142 2629 
5098 2661 5015 3244 
5099 2700 2702 2701 
5100 2985 2989 2786 
5101 2944 5625 3154 
5102 3331 3860 3338 
5103 3419 3568 3417 
5104 3484 5402 3753 
5105 4146 4150 4147 
5106 4388 4389 4378 
5107 535 6071 74 
5108 4375 4376 1612 
5109 3280 5475 2845 
5110 2915 2917 2916 
5111 3542 3543 3541 
5112 4360 4364 4362 
5113 5604 6676 6610 
5114 1773 1774 1745 
5115 1795 2287 1796 
5116 3094 6494 2360 
5117 2419 2421 2420 
5118 2632 3078 2634 
5119 2636 3081 2638 
5120 2778 6290 4688 
5121 5540 5926 3162 
5122 4536 4541 4538 
5123 5425 5427 5426 
5124 63 6148 62 
5125 1177 6526 1316 
5126 1392 1394 1393 
5127 1999 5072 2280 
5128 2312 2313 2161 
5129 2177 2181 2178 
5130 2299 3023 2301 
5131 2396 2423 2394 
5132 2426 4899 2776 
5133 2594 6306 2596 
5134 3617 3883 3613 
5135 4155 4244 3838 
5136 4529 4531 4528 
5137 5099 5296 5102 
5138 5882 5884 5883 
5139 6404 6405 6403 
5140 696 698 697 
5141 970 4349 972 
5142 1281 4706 1343 
5143 1373 1646 1371 
5144 1619 5453 3589 
5145 2196 2199 2198 
5146 2566 2568 2567 
5147 2811 5407 5406 
5148 2874 5989 2872 
5149 5077 5081 5078 
5150 5364 5366 5365 
5151 542 6087 90 
5152 2149 4930 569 
5153 1587 1588 1295 
5154 1309 1593 1297 
5155 1711 6007 6006 
5156 1971 1973 1972 
5157 6039 6227 1991 
5158 2184 2187 2186 
5159 2239 4346 2189 
5160 3059 3603 2314 
5161 4267 4269 2366 
5162 2428 6510 2430 
5163 2843 6321 3280 
5164 3014 3028 3015 
5165 3755 3907 3253 
5166 3422 6120 3424 
5167 3469 5908 3467 
5168 3637 4137 3700 
5169 4274 4277 4275 
5170 4534 4535 4533 
5171 5422 5702 5701 
5172 6005 6006 5672 
5173 74 6071 73 
5174 984 985 983 
5175 1408 2082 1410 
5176 1424 1426 1425 
5177 3644 3645 3291 
5178 3373 3581 3371 
5179 3793 3795 3794 
5180 3941 3983 3940 
5181 4776 4777 4775 
5182 4900 4902 4901 
5183 5421 6474 5422 
5184 5682 5683 60 
5185 5858 5874 693 
5186 765 5677 839 
5187 998 1000 999 
5188 1184 6066 1183 
5189 2317 2318 1184 
5190 7072 7099 1241 
5191 5638 5639 1289 
5192 1729 1746 1649 
5193 1757 5057 1802 
5194 1811 6392 2769 
5195 1881 1883 1882 
5196 2025 2027 2026 
5197 2969 3151 2377 
5198 2719 2720 2718 
5199 2870 5652 2868 
5200 3803 6833 3223 
5201 3447 3569 3445 
5202 3470 3749 3472 
5203 3581 5832 5353 
5204 5021 6460 4269 
5205 5670 5671 5501 
5206 61 5682 60 
5207 79 5523 536 
5208 543 6088 94 
5209 1208 1209 1207 
5210 1717 6183 1480 
5211 1670 1672 1671 
5212 1917 1918 1916 
5213 2039 2040 2038 
5214 3047 6110 2483 
5215 2792 5394 2562 
5216 3089 4853 2602 
5217 2718 6594 2716 
5218 3109 3877 3108 
5219 3172 3781 3171 
5220 3293 6695 3294 
5221 3454 3745 3456 
5222 3791 3955 3954 
5223 4532 4534 4533 
5224 4620 4621 4619 
5225 5116 5118 5117 
5226 131 6097 6096 
5227 761 6712 5876 
5228 923 5463 2710 
5229 983 6331 981 
5230 1855 1857 1856 
5231 1977 2274 1979 
5232 2041 2042 2040 
5233 2392 3823 3074 
5234 2623 4393 3134 
5235 4741 4742 2793 
5236 2899 5987 2901 
5237 5330 6545 3297 
5238 3353 4381 3351 
5239 4565 4568 4567 
5240 4818 4820 4819 
5241 5187 5190 5189 
5242 5339 5919 5336 
5243 1197 1198 1196 
5244 1249 1270 1269 
5245 1590 1673 1650 
5246 1949 2282 1951 
5247 1979 5479 1981 
5248 2906 3162 2904 
5249 3239 6230 5432 
5250 3966 4061 3965 
5251 4561 4563 4562 
5252 4958 4959 4723 
5253 1589 1647 1592 
5254 3087 3653 2327 
5255 2454 4903 2456 
5256 2899 2901 2900 
5257 3238 5433 2927 
5258 3007 3009 3008 
5259 3601 6494 3094 
5260 5068 5374 5373 
5261 76 5977 75 
5262 87 6074 538 
5263 119 5979 118 
5264 756 5491 2091 
5265 3335 6161 886 
5266 942 957 956 
5267 1790 5045 1262 
5268 6143 6337 1294 
5269 1384 1386 1385 
5270 1418 6185 1420 
5271 1696 1731 1730 
5272 1756 5383 1748 
5273 2252 5473 1885 
5274 1889 1891 1890 
5275 1915 1916 1914 
5276 2003 2005 2004 
5277 2211 2213 2212 
5278 2560 5410 2792 
5279 2628 2629 2627 
5280 2686 6604 2688 
5281 2863 2865 2864 
5282 2963 5963 4429 
5283 3187 3190 3186 
5284 4218 6953 3278 
5285 3651 3919 3918 
5286 3737 6121 6120 
5287 4558 4561 4560 
5288 4572 4575 4574 
5289 4750 4751 4749 
5290 5392 5393 4928 
5291 5256 6264 5078 
5292 5193 5228 5191 
5293 5443 6198 5447 
5294 672 5952 674 
5295 807 863 805 
5296 1197 2162 1199 
5297 1284 4888 1703 
5298 1982 2336 1980 
5299 2249 3276 2995 
5300 5072 5073 2280 
5301 2735 2737 2734 
5302 2765 2766 2764 
5303 2893 2895 2894 
5304 2895 2897 2896 
5305 3276 3278 3277 
5306 3348 3349 3347 
5307 3491 5913 5059 
5308 4454 4455 4453 
5309 5332 5333 5331 
5310 5718 5720 5717 
5311 5944 6436 5966 
5312 62 6148 527 
5313 200 496 199 
5314 923 2710 921 
5315 948 955 954 
5316 981 2119 979 
5317 2129 5958 1087 
5318 5717 5936 1095 
5319 5565 5566 1318 
5320 1734 1751 1733 
5321 1839 2258 1841 
5322 1853 2262 1855 
5323 1891 1892 1890 
5324 1903 1905 1904 
5325 2043 2045 2044 
5326 5387 5388 2129 
5327 2915 6160 2917 
5328 2931 2933 2932 
5329 3309 4756 4115 
5330 3342 3343 3340 
5331 3555 5908 3469 
5332 3579 4997 4996 
5333 3847 4185 3606 
5334 3630 3921 3631 
5335 3656 4109 3658 
5336 4607 4609 4606 
5337 6558 6586 4914 
5338 5542 5545 5543 
5339 407 5523 80 
5340 928 2057 934 
5341 962 1192 1191 
5342 1014 1016 1015 
5343 1630 5724 1475 
5344 1492 1494 1493 
5345 1607 1770 1736 
5346 1837 1838 1836 
5347 1863 2247 1865 
5348 1907 1908 1906 
5349 1985 5709 1987 
5350 2017 2019 2018 
5351 2085 6685 6670 
5352 2193 3110 2195 
5353 2566 2796 2568 
5354 2825 3300 2827 
5355 2888 5668 2886 
5356 2911 2913 2912 
5357 3809 3854 3018 
5358 3451 3567 3449 
5359 3523 3545 3521 
5360 3546 4696 4695 
5361 4575 4577 4576 
5362 4840 6188 4838 
5363 4928 4929 4926 
5364 5106 5109 5108 
5365 84 5792 83 
5366 91 6092 542 
5367 566 4876 2227 
5368 1221 6026 740 
5369 821 6337 819 
5370 1092 1094 1093 
5371 1100 1102 1101 
5372 1253 1279 1265 
5373 1378 1379 1377 
5374 1381 5326 1379 
5375 1563 6680 6662 
5376 1752 1785 1751 
5377 1903 1904 1902 
5378 2001 5464 2003 
5379 2294 2348 2146 
5380 2769 4769 2284 
5381 2324 3083 2327 
5382 2514 6203 2516 
5383 2628 3076 2630 
5384 2659 2661 2660 
5385 2812 6540 2809 
5386 2918 3159 2916 
5387 3137 3138 3136 
5388 3224 3764 3205 
5389 3344 3346 3345 
5390 3446 3743 3448 
5391 4336 4337 3805 
5392 3949 4230 3855 
5393 4305 4306 4304 
5394 4306 4307 4304 
5395 4502 4505 4504 
5396 5173 5404 5176 
5397 5743 5745 5744 
5398 52 6079 489 
5399 970 971 969 
5400 1420 1710 1422 
5401 1706 2715 2714 
5402 1829 1830 1828 
5403 1856 2335 1854 
5404 1875 1877 1876 
5405 2284 2414 2413 
5406 2414 3205 3204 
5407 2653 4735 2651 
5408 2941 2943 2942 
5409 5065 5067 3039 
5410 5001 5004 3117 
5411 3477 3559 3475 
5412 3548 4404 4403 
5413 4554 4556 4555 
5414 4616 4618 4617 
5415 71 6084 541 
5416 843 5813 705 
5417 706 708 707 
5418 899 5814 706 
5419 986 1224 988 
5420 1208 6303 1212 
5421 1415 5993 2085 
5422 6771 6848 1614 
5423 1983 1985 1984 
5424 2313 6223 2161 
5425 2164 6346 2759 
5426 2349 2698 2695 
5427 3151 4246 2377 
5428 2385 4211 2713 
5429 2759 2763 2761 
5430 2809 5318 2807 
5431 2925 2927 2926 
5432 2997 6263 3200 
5433 3257 3258 3012 
5434 3172 3789 3788 
5435 3199 3961 3960 
5436 3458 3746 3460 
5437 3546 5303 4696 
5438 3558 5488 5487 
5439 3673 3894 3706 
5440 3773 3775 3774 
5441 4446 6309 4445 
5442 4551 4554 4553 
5443 4740 4743 4741 
5444 4855 4856 4854 
5445 5127 5551 5129 
5446 5180 5284 5183 
5447 5192 5193 5191 
5448 1110 1112 1111 
5449 1112 1114 1113 
5450 1116 1118 1117 
5451 1183 6066 1701 
5452 1947 1949 1948 
5453 2268 5708 1947 
5454 2071 2235 2234 
5455 2117 6005 5672 
5456 2181 2417 2306 
5457 2568 2570 2569 
5458 3337 4733 2821 
5459 2933 5988 3236 
5460 3395 4991 3393 
5461 3629 6617 3624 
5462 700 702 701 
5463 943 949 944 
5464 1524 6304 1526 
5465 1587 1659 1588 
5466 1755 1813 1794 
5467 1805 4739 1783 
5468 5808 5809 2098 
5469 2117 5672 5671 
5470 3023 3024 2301 
5471 3145 3146 2406 
5472 2527 3053 2525 
5473 2578 5001 2580 
5474 2825 5730 3300 
5475 3776 6455 2986 
5476 3109 3879 3878 
5477 3114 6131 5959 
5478 3200 3956 3201 
5479 3221 3235 3220 
5480 3430 6061 3432 
5481 3432 3739 3434 
5482 3466 3748 3468 
5483 4444 4446 4445 
5484 5520 6200 6081 
5485 5844 5848 5846 
5486 92 6092 91 
5487 94 6088 93 
5488 690 692 691 
5489 1120 1122 1121 
5490 1122 1124 1123 
5491 1763 6486 2060 
5492 1830 2326 1828 
5493 4717 5381 1881 
5494 1938 2351 1936 
5495 2380 2987 2984 
5496 6170 6198 2493 
5497 2584 2586 2585 
5498 3453 5791 3451 
5499 3513 5829 3511 
5500 3520 3522 3521 
5501 4498 4500 4499 
5502 86 5964 85 
5503 628 630 629 
5504 1294 6337 821 
5505 5880 5881 1290 
5506 1422 1424 1423 
5507 1825 2244 1827 
5508 1963 1965 1964 
5509 1971 2273 1973 
5510 1998 2332 1996 
5511 2152 3149 3056 
5512 2241 2242 2192 
5513 2201 4285 2204 
5514 2646 4432 3226 
5515 3249 5987 2899 
5516 2905 3247 2907 
5517 3874 3875 3016 
5518 3215 4787 3036 
5519 5626 5627 3154 
5520 4701 4702 3261 
5521 3473 5951 3471 
5522 3472 5710 3474 
5523 3749 5711 5710 
5524 4244 6432 3838 
5525 4351 4354 4353 
5526 4543 4545 4544 
5527 5072 6363 5549 
5528 5099 5102 5101 
5529 5392 5394 5393 
5530 6356 6357 6355 
5531 78 5978 77 
5532 729 6470 727 
5533 1249 2050 1270 
5534 1277 1283 1278 
5535 1685 1686 1684 
5536 2305 2699 2391 
5537 2661 3244 2667 
5538 2715 2716 2714 
5539 2741 2743 2742 
5540 3300 4914 2827 
5541 2890 3166 2888 
5542 2894 3165 2892 
5543 2897 5542 3249 
5544 3004 3283 3282 
5545 3231 3835 3189 
5546 3354 4746 3713 
5547 3576 4758 3397 
5548 3418 3420 3419 
5549 3753 5601 3486 
5550 3866 6778 4443 
5551 4460 4461 4458 
5552 4534 4536 4535 
5553 4538 4540 4539 
5554 5002 5004 5001 
5555 5086 5088 5087 
5556 5162 5164 5163 
5557 81 407 80 
5558 124 405 123 
5559 157 465 156 
5560 518 5872 232 
5561 622 624 623 
5562 716 718 717 
5563 792 794 793 
5564 992 1255 994 
5565 1799 1800 1766 
5566 1814 2362 1767 
5567 1951 1953 1952 
5568 1987 1989 1988 
5569 2410 2411 2308 
5570 2436 2438 2437 
5571 3596 5070 2815 
5572 2929 2931 2930 
5573 3415 3571 3413 
5574 3425 3566 3423 
5575 3478 3480 3479 
5576 3750 5401 3478 
5577 4056 4058 4057 
5578 4833 4835 4834 
5579 5192 5282 5194 
5580 5564 6769 5565 
5581 5682 5684 5683 
5582 873 6450 869 
5583 880 1741 873 
5584 1201 1202 1200 
5585 1619 3589 1338 
5586 1425 1638 1423 
5587 1925 2276 1927 
5588 2184 2185 2183 
5589 2187 2188 2186 
5590 2324 6320 3866 
5591 2496 6428 5863 
5592 2699 6742 2700 
5593 2978 4422 2824 
5594 3333 5328 2833 
5595 3588 4118 3264 
5596 3316 6365 3314 
5597 3314 6365 6349 
5598 3376 3378 3377 
5599 4694 5010 3531 
5600 4086 4100 3686 
5601 4643 4664 4641 
5602 4687 4803 4685 
5603 4688 4782 4689 
5604 4907 4910 4905 
5605 5082 5084 5083 
5606 5149 5152 5151 
5607 5848 5850 5846 
5608 682 684 683 
5609 692 5857 2089 
5610 976 978 977 
5611 1132 1134 1133 
5612 1271 2071 2070 
5613 1282 5879 2356 
5614 1407 2064 1405 
5615 1408 5836 2082 
5616 1738 1778 1777 
5617 1781 1782 1780 
5618 1780 4350 1798 
5619 1939 2267 1941 
5620 2111 5935 5592 
5621 2119 4767 4764 
5622 2468 6358 5503 
5623 2787 2788 2767 
5624 2927 2929 2928 
5625 6556 6806 2962 
5626 3230 5607 5605 
5627 3444 5839 3446 
5628 3495 6199 3556 
5629 3699 4176 3661 
5630 5968 6277 5731 
5631 5751 5752 5750 
5632 5773 6129 5771 
5633 540 6138 65 
5634 277 403 276 
5635 299 402 298 
5636 630 631 629 
5637 634 5301 1218 
5638 1293 6787 5008 
5639 1723 5047 5046 
5640 4994 6393 2266 
5641 2305 2391 2390 
5642 2612 2614 2613 
5643 4805 6306 2770 
5644 2811 5406 2813 
5645 3158 5644 2920 
5646 3466 5855 3748 
5647 3769 6244 3552 
5648 4461 5014 4458 
5649 4834 4836 4832 
5650 5059 5913 5062 
5651 5147 5149 5148 
5652 88 6074 87 
5653 875 6336 887 
5654 1111 1323 1109 
5655 1163 1299 1161 
5656 1264 5937 1172 
5657 1415 2085 1413 
5658 1526 2075 1528 
5659 2393 6471 1815 
5660 1871 2266 1873 
5661 2166 3298 2168 
5662 2442 2444 2443 
5663 2576 2578 2577 
5664 3236 5616 2935 
5665 3383 6212 3381 
5666 3426 3738 3428 
5667 3443 3570 3441 
5668 3442 3741 3444 
5669 3464 5855 3466 
5670 3738 6060 6059 
5671 5180 5182 5181 
5672 5182 5185 5184 
5673 5430 5434 5433 
5674 5508 5930 5506 
5675 191 510 190 
5676 624 625 623 
5677 730 732 731 
5678 736 738 737 
5679 789 6382 787 
5680 1470 1472 1471 
5681 1566 1568 1567 
5682 1570 1572 1571 
5683 1745 1788 1660 
5684 1711 6006 6005 
5685 1850 2333 1848 
5686 2088 6597 5918 
5687 2380 2984 2379 
5688 2436 2437 2435 
5689 2489 5441 2487 
5690 2497 2655 2495 
5691 2696 3095 2697 
5692 2737 3339 2734 
5693 2819 3337 2821 
5694 2974 5901 2864 
5695 4248 4293 3110 
5696 3180 3916 3179 
5697 3268 3838 3267 
5698 3548 4403 3507 
5699 3518 6210 3763 
5700 3523 6463 3545 
5701 3534 3535 3533 
5702 6312 6476 3594 
5703 4156 4707 4155 
5704 4553 4665 4550 
5705 4941 4943 4942 
5706 5152 5153 5151 
5707 5313 6591 6278 
5708 5443 5445 5442 
5709 5714 6013 5716 
5710 72 6084 71 
5711 154 6315 153 
5712 1325 5955 1083 
5713 1324 5386 1091 
5714 2105 5717 1097 
5715 1316 5492 1175 
5716 1325 5958 5957 
5717 1888 2345 1886 
5718 2056 4450 2032 
5719 2041 2043 2042 
5720 2170 2171 2169 
5721 2216 2218 2217 
5722 2378 2969 2377 
5723 2500 5867 2502 
5724 2508 2755 2510 
5725 2618 2620 2619 
5726 2657 4793 3234 
5727 2902 3163 2900 
5728 2953 6257 2955 
5729 2984 3779 2988 
5730 3019 3811 3281 
5731 3382 5931 3384 
5732 3455 3565 3453 
5733 3471 3555 3469 
5734 3486 5601 3488 
5735 5164 5166 5165 
5736 5387 5920 5391 
5737 5389 5390 5388 
5738 5498 5499 5497 
5739 5597 5599 5598 
5740 90 6087 89 
5741 182 511 181 
5742 813 2143 811 
5743 832 913 834 
5744 862 1195 874 
5745 1016 1018 1017 
5746 1301 5956 1101 
5747 1102 1104 1103 
5748 1312 1339 1338 
5749 1500 1502 1501 
5750 1883 2252 1885 
5751 1944 2350 1942 
5752 1970 2340 1968 
5753 2020 2325 2018 
5754 2023 2297 2025 
5755 2445 3039 2443 
5756 2483 6110 2481 
5757 2569 3057 2567 
5758 2845 5475 2847 
5759 2865 2867 2866 
5760 2950 5570 2948 
5761 3049 5969 5531 
5762 5892 5893 3111 
5763 3359 3584 3357 
5764 3414 3416 3415 
5765 3416 3418 3417 
5766 3736 6167 3416 
5767 3568 6033 3417 
5768 3448 5803 3450 
5769 3452 5823 3454 
5770 3457 5804 3455 
5771 3456 5824 3458 
5772 3459 3563 3457 
5773 3624 6617 3622 
5774 4733 6630 5730 
5775 5102 5103 5101 
5776 172 469 171 
5777 674 5952 2095 
5778 1014 2163 1016 
5779 1084 1086 1085 
5780 1088 1090 1089 
5781 1094 1096 1095 
5782 1096 1098 1097 
5783 1217 1249 1248 
5784 1366 1367 1364 
5785 1394 1396 1395 
5786 1516 5622 2074 
5787 1548 1550 1549 
5788 6601 6656 1646 
5789 1908 2355 1906 
5790 2509 3050 2507 
5791 2865 5731 3262 
5792 3120 5003 5002 
5793 3271 4880 4159 
5794 3323 3325 3324 
5795 3386 3387 3385 
5796 3410 3735 3412 
5797 3477 5486 3559 
5798 5061 6216 3553 
5799 3587 4302 4301 
5800 3685 3686 3599 
5801 4041 4044 4043 
5802 4466 6015 4468 
5803 4618 4623 4620 
5804 5004 5547 5334 
5805 5904 5907 5905 
5806 5949 6436 5944 
5807 616 890 618 
5808 855 2777 833 
5809 965 3850 1189 
5810 1127 2110 1125 
5811 1126 6142 1128 
5812 2318 6066 1184 
5813 1468 1470 1469 
5814 1748 1765 1749 
5815 2316 3264 2317 
5816 2422 6417 2318 
5817 2519 3051 2517 
5818 2623 3134 2621 
5819 2656 5817 5816 
5820 2833 2835 2834 
5821 2877 6125 3255 
5822 5800 5801 3049 
5823 3818 3819 3209 
5824 3559 5826 5825 
5825 3678 4209 3720 
5826 3809 3855 3854 
5827 4939 4941 4940 
5828 5663 5664 5114 
5829 5582 5894 5584 
5830 6045 6046 6044 
5831 961 1193 954 
5832 973 2159 971 
5833 1357 1754 1359 
5834 1412 1709 1414 
5835 2130 6185 1418 
5836 1628 5766 1491 
5837 4932 6397 1743 
5838 2426 2427 2425 
5839 2580 3117 2582 
5840 2835 3297 2837 
5841 2848 2977 2846 
5842 3239 5428 2923 
5843 2929 5433 3237 
5844 2933 2935 2934 
5845 2938 2970 2936 
5846 2966 6350 2954 
5847 3185 3938 3799 
5848 3463 3562 3461 
5849 3462 3747 3464 
5850 3582 4843 4842 
5851 3614 3617 3613 
5852 3718 5024 5023 
5853 4470 4472 4471 
5854 4542 4663 4539 
5855 5097 5100 5099 
5856 5147 5148 5146 
5857 5342 5609 5343 
5858 5521 5989 5518 
5859 553 6043 121 
5860 657 847 655 
5861 1472 1474 1473 
5862 3313 6122 1600 
5863 1806 2407 2406 
5864 2034 2056 2032 
5865 2183 5478 2178 
5866 2836 3169 2834 
5867 2858 5051 2856 
5868 2861 2863 2862 
5869 2901 3248 2903 
5870 5648 5649 2974 
5871 3058 6391 5751 
5872 3161 5537 5536 
5873 3268 4156 4155 
5874 3434 5974 3436 
5875 3577 5973 5972 
5876 3739 5975 5974 
5877 4527 4529 4528 
5878 5154 5155 5153 
5879 184 435 3 
5880 185 552 4 
5881 408 6262 54 
5882 167 556 166 
5883 188 445 187 
5884 2079 4931 590 
5885 602 603 601 
5886 603 6414 2124 
5887 2106 6051 710 
5888 766 5385 2116 
5889 772 774 773 
5890 843 5847 5844 
5891 949 967 951 
5892 989 2090 987 
5893 1024 1227 1026 
5894 1328 6127 5338 
5895 1480 1482 1481 
5896 1498 1500 1499 
5897 1535 5375 1533 
5898 1867 2265 1869 
5899 2011 2013 2012 
5900 2603 3077 2601 
5901 2720 3129 2741 
5902 3618 3619 2775 
5903 2855 2857 2856 
5904 3360 3362 3361 
5905 3424 6120 6086 
5906 3768 4441 3538 
5907 3592 3593 3591 
5908 3844 4193 3688 
5909 4354 4359 4356 
5910 4536 4537 4535 
5911 4625 4626 4624 
5912 5290 6635 4739 
5913 4926 4927 4925 
5914 5338 5342 5341 
5915 82 6178 81 
5916 169 499 168 
5917 407 6178 5525 
5918 851 5877 773 
5919 1000 1002 1001 
5920 1268 1348 1296 
5921 1716 5888 1472 
5922 1484 1486 1485 
5923 1602 1603 1595 
5924 1674 1675 1672 
5925 1806 2406 1805 
5926 1868 2342 1866 
5927 1945 2268 1947 
5928 2040 2323 2038 
5929 2293 2294 2146 
5930 2592 2594 2593 
5931 2991 3176 3175 
5932 4918 6359 3043 
5933 3348 3350 3349 
5934 3354 3356 3355 
5935 3420 3737 3422 
5936 3431 3564 3429 
5937 3433 5903 3431 
5938 3576 4759 4758 
5939 6066 6417 3598 
5940 4257 4258 4256 
5941 4949 5732 4952 
5942 5422 5701 5420 
5943 5918 6231 5634 
5944 80 5523 79 
5945 865 6112 713 
5946 747 5586 1291 
5947 5412 5953 760 
5948 790 792 791 
5949 802 803 801 
5950 1055 6127 1328 
5951 1059 6004 1057 
5952 1328 5338 5337 
5953 1462 1464 1463 
5954 2126 5689 1484 
5955 2099 6027 1517 
5956 1740 1767 1618 
5957 1712 5501 5498 
5958 1757 1802 1771 
5959 1768 1814 1767 
5960 1802 2360 1807 
5961 1950 2347 1948 
5962 2015 6158 2285 
5963 5040 5041 2115 
5964 2363 3212 2721 
5965 2418 3183 2419 
5966 2572 2573 2571 
5967 2807 2981 2805 
5968 2827 2828 2826 
5969 2897 2899 2898 
5970 3113 3873 3872 
5971 4395 6619 3134 
5972 3370 3371 3369 
5973 3369 5352 3583 
5974 3449 5788 3447 
5975 4316 4317 4313 
5976 5093 5094 5092 
5977 5215 5217 5216 
5978 5499 5887 5497 
5979 5582 5584 5583 
5980 6667 6684 5584 
5981 5751 5753 5752 
5982 5771 6129 6110 
5983 5860 5880 5874 
5984 6135 6944 6919 
5985 5523 5526 536 
5986 804 6360 910 
5987 883 918 888 
5988 947 3286 940 
5989 1458 6038 1714 
5990 2092 5765 1479 
5991 4351 4352 1798 
5992 1962 5729 1960 
5993 2117 5671 5670 
5994 2755 5868 2510 
5995 2554 5582 2791 
5996 2690 2691 2689 
5997 2839 2841 2840 
5998 2976 6175 5899 
5999 3063 3064 3062 
6000 3212 4087 3240 
6001 5428 5429 3238 
6002 5468 5469 3245 
6003 3303 3305 3304 
6004 3370 3372 3371 
6005 3374 3376 3375 
6006 3607 4228 3609 
6007 4279 4280 4276 
6008 4454 4456 4455 
6009 4595 4682 4592 
6010 884 4754 880 
6011 985 1334 983 
6012 1030 1258 1032 
6013 1591 2062 1308 
6014 1400 1402 1401 
6015 1460 1462 1461 
6016 1947 5708 1949 
6017 1960 2343 1958 
6018 1983 6089 2275 
6019 2017 2018 2016 
6020 2174 2180 2179 
6021 2538 2540 2539 
6022 2680 2682 2681 
6023 2879 2881 2880 
6024 3351 3586 3349 
6025 3474 6214 3476 
6026 3503 3551 3501 
6027 4445 4448 4447 
6028 4816 4818 4817 
6029 4820 4822 4821 
6030 5053 5055 5052 
6031 5123 5125 5124 
6032 5550 5551 5127 
6033 5519 5521 5518 
6034 5591 6243 5590 
6035 5692 6245 5691 
6036 680 682 681 
6037 861 2723 858 
6038 1048 1050 1049 
6039 1130 1132 1131 
6040 1187 1246 1188 
6041 7176 7195 1233 
6042 1704 1790 1262 
6043 1488 1490 1489 
6044 1718 5686 1488 
6045 2086 5673 1503 
6046 1979 1980 1978 
6047 2127 6588 6570 
6048 2426 2776 2428 
6049 2432 2434 2433 
6050 2712 3271 3269 
6051 2887 2889 2888 
6052 2914 5669 3160 
6053 3017 3808 3018 
6054 3293 3294 3094 
6055 3351 4381 3586 
6056 3379 4995 3377 
6057 3390 3392 3391 
6058 3445 5802 3443 
6059 3877 4199 3880 
6060 5127 5129 5128 
6061 778 907 780 
6062 2049 4229 957 
6063 1042 1044 1043 
6064 1044 1046 1045 
6065 1046 1048 1047 
6066 1270 1298 1297 
6067 1339 1619 1338 
6068 1534 1536 1535 
6069 6054 6055 1632 
6070 1831 1833 1832 
6071 2644 2645 2313 
6072 2446 2448 2447 
6073 2464 2466 2465 
6074 2650 2651 2649 
6075 2767 6422 6421 
6076 2857 2859 2858 
6077 3250 5542 2895 
6078 5945 5946 3116 
6079 3315 3316 3314 
6080 3362 3718 3364 
6081 6059 6061 3430 
6082 3577 5997 5973 
6083 4472 4475 4474 
6084 5107 6190 5106 
6085 5617 5619 5618 
6086 68 6024 460 
6087 678 680 679 
6088 876 877 871 
6089 941 947 940 
6090 957 959 958 
6091 1170 1172 1171 
6092 1476 1478 1477 
6093 1490 1492 1491 
6094 1590 1650 1591 
6095 1630 5765 5726 
6096 1691 1694 1692 
6097 1783 1784 1782 
6098 1857 1858 1856 
6099 1861 1862 1860 
6100 1957 5737 1959 
6101 2015 2016 2014 
6102 2152 6164 3312 
6103 2421 2676 2675 
6104 6497 6521 2436 
6105 2564 5394 5392 
6106 2631 5314 3142 
6107 2684 2686 2685 
6108 2806 3632 2808 
6109 3166 5668 2888 
6110 3109 3878 3877 
6111 3189 4398 3187 
6112 3188 3830 3231 
6113 3217 3218 3216 
6114 3227 4095 3228 
6115 3295 4221 4217 
6116 3332 4692 3331 
6117 3437 3561 3435 
6118 3494 6255 3496 
6119 3508 3509 3507 
6120 3676 3679 3678 
6121 3828 4202 4200 
6122 4509 4511 4510 
6123 4748 4750 4749 
6124 5156 5327 5275 
6125 5166 5169 5168 
6126 5394 5395 5393 
6127 32 6035 6034 
6128 155 516 154 
6129 823 5757 1294 
6130 884 6291 4754 
6131 955 961 954 
6132 978 979 977 
6133 1012 1014 1013 
6134 1466 1468 1467 
6135 1715 6008 1466 
6136 1629 5727 1483 
6137 1520 1522 1521 
6138 1536 1722 1538 
6139 1580 1582 1581 
6140 1734 1752 1751 
6141 2014 2364 2012 
6142 2334 2711 2353 
6143 2487 5769 2485 
6144 2486 3097 2488 
6145 2491 2654 2489 
6146 2498 2728 2500 
6147 2632 2633 2631 
6148 3105 3128 2638 
6149 2654 5442 5441 
6150 2883 6069 3254 
6151 3157 5819 2924 
6152 2960 3827 3263 
6153 3641 3697 3140 
6154 3651 3918 3650 
6155 4124 7060 3840 
6156 4589 4591 4590 
6157 4610 4611 4609 
6158 4625 4630 4627 
6159 4904 4905 4903 
6160 4904 4906 4905 
6161 4906 4907 4905 
6162 5171 5173 5172 
6163 6478 6850 6802 
6164 566 567 565 
6165 872 879 873 
6166 2154 5776 1019 
6167 1166 1168 1167 
6168 1416 2130 1418 
6169 1426 1428 1427 
6170 1562 1564 1563 
6171 1564 1566 1565 
6172 5794 5795 1716 
6173 1763 1795 1762 
6174 1855 1856 1854 
6175 1863 1864 1862 
6176 1985 1986 1984 
6177 2025 2026 2024 
6178 2105 5956 5719 
6179 2440 2442 2441 
6180 2446 4882 2448 
6181 2464 2724 2466 
6182 3043 6307 2471 
6183 2472 2474 2473 
6184 2544 2546 2545 
6185 3712 4780 2964 
6186 3095 3847 3606 
6187 3242 3826 3243 
6188 3374 5357 3376 
6189 3488 5601 3754 
6190 3514 3762 3516 
6191 3522 3523 3521 
6192 5903 5904 3564 
6193 3690 4313 3683 
6194 4605 4606 4604 
6195 4620 4622 4621 
6196 4856 5954 4862 
6197 5059 5062 5060 
6198 5158 5159 5157 
6199 5175 5178 5177 
6200 5178 5180 5179 
6201 5647 5652 5650 
6202 1020 1022 1021 
6203 1419 1639 1417 
6204 2083 5983 1471 
6205 1502 1504 1503 
6206 1853 6423 2262 
6207 1933 2279 1935 
6208 2157 5739 1988 
6209 2785 6147 2649 
6210 3155 5674 2932 
6211 2935 2937 2936 
6212 2956 2966 2954 
6213 4794 4795 3234 
6214 3964 3994 3963 
6215 4466 4467 4465 
6216 5427 6269 5426 
6217 566 2227 568 
6218 590 591 589 
6219 814 911 816 
6220 818 2122 820 
6221 5947 6531 864 
6222 943 950 949 
6223 969 5037 4421 
6224 1019 5776 1017 
6225 1450 1452 1451 
6226 2118 6053 1463 
6227 1514 1516 1515 
6228 1546 1548 1547 
6229 1795 4242 2287 
6230 2055 2237 1813 
6231 1862 2339 1860 
6232 1865 1866 1864 
6233 1929 2277 1931 
6234 1987 1988 1986 
6235 1986 5739 2369 
6236 4450 4792 2030 
6237 2501 3048 2499 
6238 2502 3104 2504 
6239 2661 2667 2662 
6240 2736 3136 3135 
6241 3087 3834 3654 
6242 3438 3740 3440 
6243 3530 3767 3532 
6244 5088 5090 5087 
6245 5106 5108 5105 
6246 5416 5418 5415 
6247 5635 5637 5636 
6248 967 4114 1222 
6249 1138 1140 1139 
6250 1400 1401 1399 
6251 1430 1432 1431 
6252 1494 1496 1495 
6253 1657 5985 1506 
6254 1731 2210 1730 
6255 1818 1820 1819 
6256 1853 1854 1852 
6257 2011 2012 2010 
6258 2027 2028 2026 
6259 2507 5800 2505 
6260 2518 5892 2520 
6261 3251 5311 2680 
6262 6403 6405 2802 
6263 2913 5468 3245 
6264 2957 2959 2958 
6265 5627 6013 3154 
6266 3475 5825 3473 
6267 3484 3753 3486 
6268 3508 4713 3510 
6269 3577 5972 5971 
6270 3602 6412 3786 
6271 4142 4143 3849 
6272 4147 4148 4145 
6273 4507 4508 4506 
6274 4513 4514 4512 
6275 4644 4646 4643 
6276 4647 4648 4646 
6277 4839 4840 4838 
6278 5129 5132 5131 
6279 5146 5233 5144 
6280 5145 5775 5489 
6281 213 452 212 
6282 702 704 703 
6283 704 706 705 
6284 774 776 775 
6285 784 786 785 
6286 828 2109 830 
6287 916 917 889 
6288 1217 1248 1216 
6289 7255 7275 1229 
6290 1266 6152 1252 
6291 1286 1287 1275 
6292 1402 1404 1403 
6293 1416 1417 1415 
6294 1544 5046 1546 
6295 1550 1551 1549 
6296 1574 1575 1573 
6297 1586 1611 1610 
6298 3599 5680 1597 
6299 1698 1699 1600 
6300 1736 1763 1762 
6301 1867 1868 1866 
6302 1976 2337 1974 
6303 1989 1991 1990 
6304 2005 2281 2007 
6305 5877 6687 2076 
6306 2390 2992 2304 
6307 3090 6141 2476 
6308 2513 5816 2511 
6309 2533 5777 2531 
6310 2532 5948 2534 
6311 2652 2653 2651 
6312 3331 3338 2771 
6313 2819 2820 2818 
6314 2839 3284 2841 
6315 2921 2923 2922 
6316 2924 5819 2922 
6317 2951 3229 2953 
6318 2955 2957 2956 
6319 3181 3182 3035 
6320 5777 5778 3054 
6321 3199 3960 3198 
6322 4483 4486 4485 
6323 6237 6318 5053 
6324 5123 5278 5125 
6325 5125 5550 5127 
6326 5206 5207 5205 
6327 5524 5526 5523 
6328 462 5792 84 
6329 265 475 264 
6330 708 710 709 
6331 786 788 787 
6332 1273 1314 1313 
6333 1400 5764 2158 
6334 1932 2354 1930 
6335 1988 5739 1986 
6336 2075 6304 5458 
6337 2213 2249 2212 
6338 2329 3620 2693 
6339 2375 3147 2376 
6340 2536 5939 2538 
6341 2583 2679 2581 
6342 2629 5372 2627 
6343 3823 3829 3074 
6344 5315 6287 3170 
6345 7141 7142 3400 
6346 4774 4776 4775 
6347 5468 5471 5469 
6348 400 554 399 
6349 2065 5310 649 
6350 5603 5638 665 
6351 2098 5842 699 
6352 748 750 749 
6353 788 790 789 
6354 804 806 805 
6355 870 871 861 
6356 1261 1262 1186 
6357 1546 2150 1548 
6358 1991 1993 1992 
6359 2113 6112 5849 
6360 2177 2178 2176 
6361 3083 3087 2327 
6362 2459 3041 2457 
6363 2525 5595 2523 
6364 2524 3114 2526 
6365 2528 3115 2530 
6366 3027 3202 3025 
6367 3877 3880 3108 
6368 3263 3766 3742 
6369 5702 5703 3266 
6370 3432 6061 3739 
6371 3468 5912 3470 
6372 3524 3526 3525 
6373 3526 3528 3527 
6374 4588 4676 4585 
6375 4810 4812 4811 
6376 5075 5076 5074 
6377 5140 5142 5141 
6378 5171 5404 5173 
6379 5807 5813 5810 
6380 6445 6821 6768 
6381 363 555 362 
6382 712 714 713 
6383 1139 1319 1137 
6384 1140 1241 1142 
6385 1150 1151 1149 
6386 1158 1160 1159 
6387 1171 1317 1169 
6388 1212 1216 1213 
6389 1420 6185 1710 
6390 1784 2047 1782 
6391 1826 2401 1824 
6392 1989 1990 1988 
6393 2009 2010 2008 
6394 2296 5309 2021 
6395 2031 2033 2032 
6396 2035 2037 2036 
6397 2432 2756 2434 
6398 2484 2486 2485 
6399 2607 3084 2605 
6400 3619 4333 2775 
6401 2841 2843 2842 
6402 2859 2861 2860 
6403 2944 3154 2942 
6404 3225 6553 3062 
6405 6069 6070 3254 
6406 3346 3348 3347 
6407 3392 5998 3731 
6408 3420 5645 3737 
6409 3550 5829 3513 
6410 3540 6308 3542 
6411 3548 6480 4405 
6412 4472 4934 4475 
6413 4479 4480 4478 
6414 4518 4519 4517 
6415 4568 4569 4567 
6416 4656 4657 4655 
6417 5160 6091 5274 
6418 5274 5871 5162 
6419 5172 5231 5170 
6420 6355 6516 6354 
6421 651 2065 649 
6422 654 1219 656 
6423 660 894 662 
6424 663 1289 661 
6425 662 5916 664 
6426 846 5603 667 
6427 900 5875 714 
6428 906 5866 772 
6429 1002 1004 1003 
6430 1061 1327 1059 
6431 1066 1068 1067 
6432 1148 1149 1147 
6433 1802 3093 2360 
6434 1939 1940 1938 
6435 1989 6039 1991 
6436 2029 2030 2028 
6437 2480 2482 2481 
6438 2596 2598 2597 
6439 2677 3034 2678 
6440 2689 2963 2687 
6441 3092 6137 5631 
6442 3239 5432 5431 
6443 3246 5472 5471 
6444 3396 3732 3398 
6445 3428 6059 3430 
6446 3545 4848 4847 
6447 3902 3903 3752 
6448 4360 4362 4361 
6449 4565 4567 4564 
6450 4570 4571 4569 
6451 4617 5038 4615 
6452 4911 5679 4913 
6453 588 590 589 
6454 600 602 601 
6455 602 604 603 
6456 612 614 613 
6457 706 707 705 
6458 707 5847 843 
6459 758 760 759 
6460 784 785 783 
6461 1112 1113 1111 
6462 1116 1117 1115 
6463 1320 5851 1129 
6464 1299 5763 1161 
6465 1250 1277 1276 
6466 1283 1307 1284 
6467 1312 1340 1339 
6468 1493 6009 1628 
6469 1516 1518 1517 
6470 1869 1870 1868 
6471 1991 1992 1990 
6472 2448 2449 2447 
6473 2452 2453 2451 
6474 2456 2457 2455 
6475 2458 4936 2726 
6476 2462 2463 2461 
6477 2463 5623 3042 
6478 2546 5690 2548 
6479 2558 2560 2559 
6480 2598 2600 2599 
6481 2604 3088 2606 
6482 2720 2741 2740 
6483 3004 3282 3002 
6484 3039 6330 5065 
6485 3209 3210 3080 
6486 3336 4198 3696 
6487 3384 3386 3385 
6488 3410 5437 3735 
6489 3488 3754 3490 
6490 5790 5802 3569 
6491 3576 4762 4759 
6492 3783 3911 3776 
6493 4481 4483 4482 
6494 4520 4521 4519 
6495 4561 4562 4560 
6496 4572 4574 4571 
6497 5142 5775 5145 
6498 5200 5202 5201 
6499 501 5585 364 
6500 576 1190 578 
6501 628 891 630 
6502 637 852 635 
6503 659 6361 5707 
6504 666 2104 668 
6505 669 846 667 
6506 774 775 773 
6507 822 824 823 
6508 878 2153 882 
6509 1001 5350 1333 
6510 1005 2128 1003 
6511 1072 1074 1073 
6512 1302 5712 1075 
6513 1136 1138 1137 
6514 1170 1264 1172 
6515 1178 1180 1179 
6516 1655 5764 1398 
6517 1411 1640 1409 
6518 1452 1454 1453 
6519 1458 1460 1459 
6520 1660 6505 1588 
6521 1811 2769 2284 
6522 1857 1859 1858 
6523 2263 5890 1923 
6524 2007 2008 2006 
6525 2235 2377 2234 
6526 3020 3021 2288 
6527 2290 6030 3027 
6528 2472 5891 2474 
6529 2922 5819 3158 
6530 2934 6238 3155 
6531 3826 4104 3243 
6532 3364 3366 3365 
6533 3412 6155 3414 
6534 3481 3558 3479 
6535 3498 3500 3499 
6536 3609 3610 3608 
6537 4355 4358 4357 
6538 4482 4877 4480 
6539 5086 5089 5088 
6540 57 5602 517 
6541 60 5683 59 
6542 237 526 236 
6543 570 1652 572 
6544 598 599 597 
6545 1194 5011 624 
6546 650 651 649 
6547 710 711 709 
6548 788 789 787 
6549 790 791 789 
6550 790 5367 2066 
6551 2087 5967 793 
6552 982 2142 984 
6553 992 994 993 
6554 1006 1007 1005 
6555 1031 2084 1029 
6556 1070 1071 1069 
6557 1127 5851 2110 
6558 1145 5564 1318 
6559 1167 5568 2147 
6560 1204 1205 1202 
6561 1321 5784 5783 
6562 1530 1531 1529 
6563 1669 1670 1665 
6564 1763 1797 1795 
6565 1791 1805 1783 
6566 1871 4994 2266 
6567 1971 1972 1970 
6568 1997 5072 1999 
6569 2031 2032 2030 
6570 2444 2445 2443 
6571 2466 2467 2465 
6572 2486 2487 2485 
6573 2488 2489 2487 
6574 2498 2499 2497 
6575 3055 5777 2533 
6576 2548 2784 2550 
6577 3279 5346 2696 
6578 2778 4688 4686 
6579 5690 5691 2784 
6580 2923 2925 2924 
6581 4727 4728 2961 
6582 2975 5052 5051 
6583 5542 5543 3249 
6584 3377 4995 3580 
6585 3458 5824 3746 
6586 3593 3909 3591 
6587 3615 3616 3614 
6588 4498 4499 4497 
6589 4522 4524 4521 
6590 4629 4632 4631 
6591 4638 4639 4637 
6592 4658 4660 4657 
6593 5068 5373 5067 
6594 5109 5110 5108 
6595 5162 5163 5161 
6596 5186 5229 5184 
6597 5189 5192 5191 
6598 5204 5205 5203 
6599 5444 5769 5441 
6600 5447 6198 6170 
6601 5659 5778 5777 
6602 5691 5694 5693 
6603 5793 6008 5796 
6604 59 5683 456 
6605 239 406 238 
6606 629 4989 627 
6607 691 5874 1290 
6608 712 6051 900 
6609 772 773 771 
6610 994 995 993 
6611 1066 1067 1065 
6612 1144 1145 1143 
6613 1152 2073 1154 
6614 1180 1182 1181 
6615 1360 1365 1358 
6616 1582 1596 1581 
6617 1882 2341 1880 
6618 2338 6181 2026 
6619 2290 2291 2045 
6620 3146 5290 2406 
6621 2500 2501 2499 
6622 2540 2542 2541 
6623 2688 2689 2687 
6624 3112 3618 2775 
6625 2837 2838 2836 
6626 2946 5625 2944 
6627 3157 6325 5821 
6628 3227 4097 4095 
6629 5433 5434 3237 
6630 3323 3324 3322 
6631 3436 5950 3438 
6632 3504 3505 3503 
6633 3678 3720 3677 
6634 3785 3914 3780 
6635 4453 4792 4450 
6636 4495 4497 4494 
6637 4644 4647 4646 
6638 5204 5206 5205 
6639 5812 6134 5809 
6640 5941 5944 5943 
6641 398 497 397 
6642 610 612 611 
6643 636 637 635 
6644 652 654 653 
6645 666 667 665 
6646 666 5915 2104 
6647 668 669 667 
6648 709 5847 707 
6649 714 715 713 
6650 715 5590 865 
6651 718 720 719 
6652 782 2093 784 
6653 860 861 858 
6654 920 930 919 
6655 1187 1188 964 
6656 4332 6481 976 
6657 1009 5736 1332 
6658 1035 1303 1033 
6659 1037 6109 1035 
6660 1039 2136 1037 
6661 1053 5336 1051 
6662 1076 1078 1077 
6663 1136 1137 1135 
6664 1138 1139 1137 
6665 1159 2077 1157 
6666 1176 5509 1178 
6667 1282 1704 1262 
6668 5881 6184 1290 
6669 1336 1617 1337 
6670 1474 5888 2097 
6671 1921 1923 1922 
6672 1923 5890 1925 
6673 2027 2029 2028 
6674 2056 4451 4450 
6675 2452 3098 2454 
6676 2470 2471 2469 
6677 2474 2475 2473 
6678 2480 2481 2479 
6679 2482 2483 2481 
6680 2481 6110 3045 
6681 2485 5769 3047 
6682 2501 5531 3048 
6683 2506 6305 6118 
6684 2508 2509 2507 
6685 2510 2511 2509 
6686 2516 6203 3107 
6687 2584 2585 2583 
6688 2588 2589 2587 
6689 2592 2593 2591 
6690 3240 6592 2721 
6691 2841 2842 2840 
6692 2885 2887 2886 
6693 2965 3710 2964 
6694 5771 6110 3047 
6695 3092 5631 5630 
6696 5334 5371 3117 
6697 3253 3771 3147 
6698 3467 5908 3560 
6699 3494 3495 3493 
6700 3689 4110 3690 
6701 4486 4487 4485 
6702 4488 4489 4487 
6703 4525 4526 4524 
6704 4575 4576 4574 
6705 4661 4666 4660 
6706 6402 6628 4734 
6707 5008 6489 4805 
6708 4980 4982 4981 
6709 5138 5140 5139 
6710 5531 5969 5532 
6711 5532 5535 5534 
6712 5808 6117 5811 
6713 5859 5865 5861 
6714 5862 5880 5860 
6715 55 408 54 
6716 461 5977 76 
6717 387 447 386 
6718 584 925 586 
6719 588 2079 590 
6720 594 600 596 
6721 630 632 631 
6722 2121 6204 646 
6723 673 2137 671 
6724 1335 6342 975 
6725 1078 1080 1079 
6726 1124 1126 1125 
6727 1239 6142 1126 
6728 1174 2399 1176 
6729 1177 1316 1175 
6730 2316 2317 1184 
6731 5564 5565 1318 
6732 1428 1430 1429 
6733 1575 4374 1573 
6734 1812 2146 2145 
6735 1873 1874 1872 
6736 1901 1903 1902 
6737 1923 1924 1922 
6738 1926 2357 1924 
6739 2004 6344 2331 
6740 2071 2072 2070 
6741 2176 2781 2172 
6742 2181 2182 2178 
6743 2235 6378 3590 
6744 2580 5001 3117 
6745 2632 2634 2633 
6746 4883 4885 2730 
6747 2821 2822 2820 
6748 3710 3712 2964 
6749 2989 6412 3863 
6750 3164 6229 5032 
6751 3691 3692 3330 
6752 3341 6541 3705 
6753 3547 5377 3527 
6754 3532 3534 3533 
6755 4636 4637 4635 
6756 6758 6787 4857 
6757 5876 6712 4929 
6758 5073 5075 5074 
6759 5183 5287 5182 
6760 365 501 364 
6761 376 6083 375 
6762 566 568 567 
6763 674 2095 676 
6764 700 2132 702 
6765 710 6051 712 
6766 1209 2729 1207 
6767 1215 1267 1214 
6768 1298 1309 1297 
6769 1380 1381 1379 
6770 1482 1483 1481 
6771 1485 5994 1629 
6772 1568 1570 1569 
6773 1847 5000 1849 
6774 1943 1945 1944 
6775 1993 2278 1995 
6776 2233 2310 2048 
6777 2470 2472 2471 
6778 3118 6206 2544 
6779 2546 2548 2547 
6780 2670 2810 2668 
6781 3161 5536 2908 
6782 5962 6225 3118 
6783 5625 5626 3154 
6784 3280 5477 5476 
6785 3424 6086 3426 
6786 3488 3490 3489 
6787 5060 5061 3553 
6788 3711 5976 3643 
6789 5091 5093 5092 
6790 5571 5573 5570 
6791 5647 5650 5648 
6792 616 617 615 
6793 621 6313 6261 
6794 686 687 685 
6795 726 728 727 
6796 794 795 793 
6797 990 991 989 
6798 1012 1013 1011 
6799 1076 1077 1075 
6800 1078 1079 1077 
6801 1106 1107 1105 
6802 1106 5594 1236 
6803 2110 5992 1125 
6804 1134 1135 1133 
6805 1144 1146 1145 
6806 2138 6177 1168 
6807 1192 1251 1191 
6808 1367 1370 1369 
6809 1388 1389 1387 
6810 1390 1392 1391 
6811 1410 1411 1409 
6812 1446 1448 1447 
6813 1540 1541 1539 
6814 1558 1560 1559 
6815 1702 3822 3213 
6816 5795 5888 1716 
6817 1784 2232 2048 
6818 2404 2775 1807 
6819 1943 1944 1942 
6820 1969 1970 1968 
6821 1997 1998 1996 
6822 2001 2002 2000 
6823 2003 2004 2002 
6824 2026 6181 2024 
6825 2033 2034 2032 
6826 2056 4452 4451 
6827 2321 2322 2320 
6828 2476 2477 2475 
6829 2514 2515 2513 
6830 2516 2517 2515 
6831 2520 2521 2519 
6832 2530 2531 2529 
6833 2531 5777 3054 
6834 2534 2535 2533 
6835 2534 5948 2779 
6836 2536 2537 2535 
6837 2535 5657 3055 
6838 2537 6085 5657 
6839 2540 2541 2539 
6840 2582 2583 2581 
6841 2602 2603 2601 
6842 2646 3226 2648 
6843 2843 3280 2845 
6844 2901 2902 2900 
6845 3381 6212 3579 
6846 3403 3575 3401 
6847 3404 3406 3405 
6848 3486 3488 3487 
6849 3532 3533 3531 
6850 3623 3627 3625 
6851 3858 4401 3859 
6852 4511 4516 4513 
6853 4554 4555 4553 
6854 4577 4578 4576 
6855 4724 6217 4725 
6856 4818 4819 4817 
6857 4820 4821 4819 
6858 6511 6512 4983 
6859 5555 5556 5554 
6860 5662 5778 5659 
6861 449 6679 19 
6862 66 5704 540 
6863 372 453 371 
6864 379 545 378 
6865 387 6044 447 
6866 578 4889 580 
6867 1271 2070 606 
6868 614 615 613 
6869 682 5933 2069 
6870 778 780 779 
6871 817 836 815 
6872 816 6310 818 
6873 887 919 886 
6874 1018 1019 1017 
6875 1017 5776 1331 
6876 1018 1020 1019 
6877 1020 1021 1019 
6878 1142 1144 1143 
6879 1370 4932 1372 
6880 1412 1413 1411 
6881 1530 1532 1531 
6882 1662 1663 1651 
6883 2060 2061 1797 
6884 2229 2230 1801 
6885 1945 1947 1946 
6886 1999 2000 1998 
6887 2111 5592 5591 
6888 6089 6090 2275 
6889 2642 2644 2313 
6890 2434 2435 2433 
6891 2477 3044 2475 
6892 2505 3049 2503 
6893 2522 2523 2521 
6894 2523 5595 3052 
6895 2528 2529 2527 
6896 2548 2550 2549 
6897 2784 5894 2550 
6898 2560 2792 2562 
6899 2586 2778 2588 
6900 2608 2609 2607 
6901 2620 2622 2621 
6902 2644 2646 2645 
6903 2873 2875 2874 
6904 2938 5714 2970 
6905 5531 5532 3048 
6906 5017 5018 3285 
6907 3360 3361 3359 
6908 3369 3583 3367 
6909 3368 3370 3369 
6910 3402 3733 3404 
6911 3535 3546 3533 
6912 3797 3941 3940 
6913 4327 4329 4328 
6914 4551 4553 4550 
6915 4634 4635 4633 
6916 4638 4640 4639 
6917 5924 6217 4724 
6918 5109 5663 5111 
6919 5111 5663 5114 
6920 5114 5438 5113 
6921 5399 5400 5398 
6922 5808 5811 5809 
6923 6100 6101 6099 
6924 391 464 390 
6925 612 613 611 
6926 672 673 671 
6927 682 683 681 
6928 723 5965 842 
6929 776 778 777 
6930 1022 1023 1021 
6931 1026 1028 1027 
6932 1085 5958 1325 
6933 1093 5936 1324 
6934 1104 1105 1103 
6935 1168 1170 1169 
6936 1174 1175 1173 
6937 1347 5349 5348 
6938 1352 1354 1353 
6939 1361 5370 5369 
6940 1367 1369 1368 
6941 1372 1373 1371 
6942 1448 1450 1449 
6943 1470 1471 1469 
6944 1486 1487 1485 
6945 1546 5046 2150 
6946 1554 1555 1553 
6947 1564 1565 1563 
6948 1572 1573 1571 
6949 1739 1740 1618 
6950 1875 1876 1874 
6951 1896 2374 1894 
6952 1921 2263 1923 
6953 1965 1967 1966 
6954 2105 5719 5718 
6955 2171 2175 2172 
6956 2201 2204 2203 
6957 2512 3106 2514 
6958 2516 3107 2518 
6959 2528 5959 3115 
6960 2542 2543 2541 
6961 2542 5961 3118 
6962 2584 6290 2586 
6963 2610 2611 2609 
6964 2612 2613 2611 
6965 2682 4700 2684 
6966 2779 5941 5940 
6967 2806 2807 2805 
6968 2979 4838 2818 
6969 2829 2830 2828 
6970 2833 2834 2832 
6971 2847 3272 2849 
6972 2863 2864 2862 
6973 2903 2904 2902 
6974 2976 5899 5897 
6975 5946 5961 3116 
6976 3167 6366 5417 
6977 3329 3691 3330 
6978 3476 6214 3750 
6979 3480 3751 3482 
6980 3500 3502 3501 
6981 3545 4849 4848 
6982 3879 4129 3878 
6983 4102 4103 3943 
6984 4719 4724 4722 
6985 4724 4725 4722 
6986 5386 5920 5387 
6987 5941 5943 5942 
6988 5959 6131 5960 
6989 610 611 609 
6990 674 675 673 
6991 716 2102 718 
6992 720 5934 901 
6993 771 2076 769 
6994 942 956 933 
6995 1056 1058 1057 
6996 1327 6004 1059 
6997 1099 5956 2105 
6998 1146 1242 1148 
6999 1149 2068 1147 
7000 1182 2316 1184 
7001 1702 3213 1315 
7002 1626 5984 1507 
7003 1510 1512 1511 
7004 1512 1514 1513 
7005 1543 1620 1541 
7006 1561 1614 1559 
7007 2287 2288 1796 
7008 1945 1946 1944 
7009 1967 1968 1966 
7010 2515 2656 2513 
7011 2517 5986 2515 
7012 2520 3111 2522 
7013 2531 3054 2529 
7014 2535 3055 2533 
7015 2534 2779 2536 
7016 2537 5657 2535 
7017 2550 2552 2551 
7018 2825 2826 2824 
7019 2896 5030 2894 
7020 2909 2910 2908 
7021 2917 2918 2916 
7022 2918 5644 3159 
7023 2957 2958 2956 
7024 3037 3214 3036 
7025 5657 5658 3055 
7026 3164 5031 5030 
7027 3388 6040 3730 
7028 3730 5998 3390 
7029 3599 6444 5680 
7030 3711 7035 5976 
7031 4088 4090 4089 
7032 5014 6297 4458 
7033 4518 4523 4520 
7034 4632 4633 4631 
7035 5200 5201 5080 
7036 5202 5204 5203 
7037 5487 5990 5486 
7038 5560 5561 5559 
7039 5658 5661 5659 
7040 5660 5779 5658 
7041 5820 5822 5819 
7042 79 536 78 
7043 83 537 82 
7044 122 553 121 
7045 547 6062 369 
7046 389 550 388 
7047 395 6126 470 
7048 722 723 721 
7049 724 725 723 
7050 730 731 729 
7051 734 735 733 
7052 736 737 735 
7053 737 5991 2127 
7054 907 5735 780 
7055 798 799 797 
7056 800 802 801 
7057 827 2067 825 
7058 831 835 829 
7059 868 869 859 
7060 1060 1061 1059 
7061 1087 5958 1085 
7062 1088 1089 1087 
7063 1096 1097 1095 
7064 1167 2147 1165 
7065 1178 5509 1244 
7066 1281 1342 1280 
7067 1369 2164 1368 
7068 1402 1403 1401 
7069 1432 1433 1431 
7070 1431 5643 1637 
7071 1478 1479 1477 
7072 1489 2101 1487 
7073 1506 1507 1505 
7074 1505 5984 2086 
7075 1508 5985 2123 
7076 1621 5375 1535 
7077 1556 1725 1558 
7078 1583 1584 1575 
7079 1585 1622 1586 
7080 1845 1846 1844 
7081 2232 2233 2048 
7082 2126 5741 5740 
7083 2175 2177 2176 
7084 2180 2193 2190 
7085 2424 2426 2425 
7086 2430 2431 2429 
7087 2546 2547 2545 
7088 2552 2554 2553 
7089 3058 5742 2571 
7090 2614 2615 2613 
7091 2689 5963 2963 
7092 3095 3096 2697 
7093 2799 2965 2964 
7094 2866 5647 2974 
7095 3154 6013 2942 
7096 2947 2948 2946 
7097 2963 4429 4428 
7098 5891 5930 3090 
7099 3155 5676 5675 
7100 3315 4215 3317 
7101 3320 3322 3321 
7102 3364 5023 3366 
7103 3390 3391 3389 
7104 3436 3437 3435 
7105 4582 4583 4581 
7106 5111 5112 5110 
7107 5612 5613 5611 
7108 5676 6238 6208 
7109 374 6082 548 
7110 375 6083 6082 
7111 719 2111 717 
7112 728 729 727 
7113 738 739 737 
7114 762 764 763 
7115 905 5385 764 
7116 1096 6107 1235 
7117 1166 2138 1168 
7118 1430 1431 1429 
7119 1438 1440 1439 
7120 1469 5983 1631 
7121 1477 5765 1630 
7122 1506 5985 1508 
7123 1675 1677 1676 
7124 5312 5313 1750 
7125 1897 2255 1899 
7126 1902 2352 1900 
7127 1917 1919 1918 
7128 1947 1948 1946 
7129 2372 5713 1952 
7130 2371 5729 1962 
7131 2331 6012 2002 
7132 2055 2238 2237 
7133 2177 4245 2181 
7134 2196 2198 2197 
7135 2301 6416 2203 
7136 3024 3622 2301 
7137 2463 3042 2461 
7138 2523 3052 2521 
7139 2529 5995 2527 
7140 2530 5949 2532 
7141 2538 3116 2540 
7142 2548 5690 2784 
7143 2659 5015 2661 
7144 2779 5940 5939 
7145 2892 5665 2890 
7146 3164 5030 2896 
7147 4089 4736 3213 
7148 3306 3707 3304 
7149 4267 4270 4269 
7150 4321 4322 4315 
7151 4468 4470 4469 
7152 4627 4628 4626 
7153 5066 5068 5067 
7154 5076 5079 5074 
7155 5400 6069 5398 
7156 5400 6070 6069 
7157 5690 5692 5691 
7158 5941 5948 5944 
7159 65 6138 64 
7160 363 5585 555 
7161 374 548 373 
7162 393 546 392 
7163 572 574 573 
7164 578 580 579 
7165 600 601 596 
7166 604 605 603 
7167 676 678 677 
7168 766 767 765 
7169 941 1753 948 
7170 1028 1029 1027 
7171 1328 5336 1053 
7172 1145 1318 1143 
7173 1162 1263 1164 
7174 1182 1183 1181 
7175 1274 1275 1247 
7176 5609 6004 1327 
7177 1404 1405 1403 
7178 1490 1491 1489 
7179 1490 5686 2081 
7180 2307 2308 1794 
7181 1806 2782 2407 
7182 1919 1920 1918 
7183 1949 1951 1950 
7184 1965 1966 1964 
7185 2274 5479 1979 
7186 2037 2038 2036 
7187 2375 3148 3147 
7188 2396 2424 2423 
7189 2430 2432 2431 
7190 2488 2490 2489 
7191 2492 2494 2493 
7192 2498 2500 2499 
7193 2526 5959 2528 
7194 2540 5961 2542 
7195 2542 3118 2544 
7196 2548 2549 2547 
7197 2550 2551 2549 
7198 2574 2575 2573 
7199 2576 3120 2578 
7200 2596 3102 2598 
7201 2599 3075 2597 
7202 2783 3688 3687 
7203 5693 5894 2784 
7204 2895 2896 2894 
7205 5959 5960 3115 
7206 5939 5945 3116 
7207 3259 5362 5360 
7208 3380 3382 3381 
7209 3394 3396 3395 
7210 3426 3427 3425 
7211 3428 3429 3427 
7212 3430 3431 3429 
7213 3432 3433 3431 
7214 3431 5903 3564 
7215 3508 3510 3509 
7216 3538 3540 3539 
7217 4134 4191 4132 
7218 4355 6560 4358 
7219 4543 4544 4542 
7220 4613 5382 4611 
7221 4719 4722 4720 
7222 4741 4744 4742 
7223 5073 5077 5075 
7224 5138 5139 5137 
7225 5465 5466 5143 
7226 5342 5343 5341 
7227 5342 6127 6004 
7228 5941 5942 5940 
7229 104 404 103 
7230 491 6097 132 
7231 375 6082 374 
7232 384 549 383 
7233 470 6063 394 
7234 742 6026 6025 
7235 750 752 751 
7236 1052 1054 1053 
7237 5509 5510 1244 
7238 1273 1336 1314 
7239 1420 1421 1419 
7240 1428 1429 1427 
7241 1808 2379 1809 
7242 1879 1880 1878 
7243 1949 1950 1948 
7244 1959 1961 1960 
7245 1999 2001 2000 
7246 2673 5481 2557 
7247 2712 3269 2711 
7248 2792 5410 5396 
7249 2865 2866 2864 
7250 2901 5987 3248 
7251 2907 2908 2906 
7252 2951 2952 2950 
7253 2951 5605 3229 
7254 2960 3263 3150 
7255 2976 5897 5896 
7256 2991 3174 2990 
7257 3294 3601 3094 
7258 3263 3742 3150 
7259 5819 5822 3158 
7260 3163 6323 6229 
7261 3354 3355 3353 
7262 3452 3453 3451 
7263 3455 5804 3565 
7264 3515 3550 3513 
7265 3590 6240 3592 
7266 3871 6312 3594 
7267 6365 6446 3870 
7268 4505 4507 4506 
7269 4524 4678 4521 
7270 4579 4582 4581 
7271 4719 5925 4724 
7272 4949 4952 4951 
7273 5733 5734 4952 
7274 5113 5116 5115 
7275 5461 6125 5361 
7276 5610 5612 5611 
7277 5809 6134 5842 
7278 5903 5906 5904 
7279 727 2096 725 
7280 752 754 753 
7281 2091 5412 758 
7282 769 6219 767 
7283 796 909 798 
7284 799 837 797 
7285 808 810 809 
7286 810 812 811 
7287 875 876 871 
7288 915 927 926 
7289 965 1189 966 
7290 1034 1036 1035 
7291 1056 1231 1058 
7292 1068 1070 1069 
7293 1174 1176 1175 
7294 1701 1702 1315 
7295 1554 1556 1555 
7296 1688 1689 1687 
7297 3046 6374 1702 
7298 1915 1917 1916 
7299 2286 5700 1961 
7300 1965 2272 1967 
7301 2363 2721 2362 
7302 3044 4917 2475 
7303 2502 2504 2503 
7304 3106 6203 2514 
7305 2560 2562 2561 
7306 2564 2566 2565 
7307 3072 5681 2589 
7308 2602 2604 2603 
7309 3100 6354 2613 
7310 2671 2680 2672 
7311 2758 6476 6163 
7312 2841 6321 2843 
7313 2973 5652 2870 
7314 2906 5536 3162 
7315 2923 2924 2922 
7316 2957 3227 2959 
7317 4793 4794 3234 
7318 3372 3373 3371 
7319 3448 3449 3447 
7320 3454 3455 3453 
7321 3458 3459 3457 
7322 3524 3765 3526 
7323 4493 4496 4495 
7324 5156 5158 5157 
7325 5225 5227 5226 
7326 31 409 30 
7327 580 582 581 
7328 586 588 587 
7329 590 592 591 
7330 592 594 593 
7331 742 743 741 
7332 744 745 743 
7333 744 6025 903 
7334 746 747 745 
7335 756 758 757 
7336 820 822 821 
7337 824 826 825 
7338 830 832 831 
7339 853 1599 857 
7340 1030 1031 1029 
7341 2209 6072 1036 
7342 1038 1040 1039 
7343 1050 1052 1051 
7344 1056 1057 1055 
7345 1150 1152 1151 
7346 1216 1250 1213 
7347 1424 1425 1423 
7348 1442 1443 1441 
7349 1444 1445 1443 
7350 1466 1467 1465 
7351 1481 2092 1479 
7352 1482 2126 1484 
7353 1777 2160 1793 
7354 1813 2307 1794 
7355 1843 1844 1842 
7356 1952 5713 1950 
7357 1957 1958 1956 
7358 2270 5737 1957 
7359 1959 1960 1958 
7360 1961 1962 1960 
7361 1977 1979 1978 
7362 1979 1981 1980 
7363 2249 2250 2212 
7364 2216 2217 2215 
7365 2316 3588 3264 
7366 2442 3101 2444 
7367 2552 2553 2551 
7368 2552 5894 5582 
7369 2671 2672 2670 
7370 2737 3341 3340 
7371 2933 2934 2932 
7372 5649 5901 2974 
7373 3167 5417 5416 
7374 3408 3409 3407 
7375 3410 3411 3409 
7376 3412 3413 3411 
7377 3414 3415 3413 
7378 3415 6033 3571 
7379 3420 3421 3419 
7380 3619 4334 4333 
7381 4525 4530 4527 
7382 4575 4580 4577 
7383 4647 4652 4649 
7384 4720 4721 4718 
7385 4826 4828 4827 
7386 4849 6463 6410 
7387 4871 4872 4870 
7388 5060 5063 5061 
7389 5075 6264 5076 
7390 5111 5114 5113 
7391 5166 5167 5165 
7392 5421 5422 5420 
7393 25 436 24 
7394 77 461 76 
7395 85 462 84 
7396 85 5964 462 
7397 118 5979 512 
7398 120 459 119 
7399 127 473 126 
7400 160 485 159 
7401 368 472 367 
7402 382 434 381 
7403 395 470 394 
7404 396 6126 395 
7405 508 5706 5705 
7406 613 850 611 
7407 618 620 619 
7408 631 1288 629 
7409 634 1218 636 
7410 644 2121 646 
7411 748 6037 2141 
7412 754 756 755 
7413 764 765 763 
7414 912 5980 824 
7415 1742 4891 881 
7416 948 954 947 
7417 978 980 979 
7418 1121 5783 1119 
7419 1464 1465 1463 
7420 1596 1600 1581 
7421 1670 1674 1672 
7422 1774 5922 1745 
7423 1881 1882 1880 
7424 1913 1915 1914 
7425 1949 5708 2282 
7426 1951 1952 1950 
7427 1953 1954 1952 
7428 1955 1956 1954 
7429 2251 4719 4718 
7430 5073 5074 2280 
7431 2438 2731 2440 
7432 2469 2641 2467 
7433 2473 3043 2471 
7434 3054 5995 2529 
7435 2636 2638 2637 
7436 2657 2659 2658 
7437 2682 2683 2681 
7438 2809 6540 5318 
7439 2927 2928 2926 
7440 3153 5625 2946 
7441 2949 2950 2948 
7442 3157 5820 5819 
7443 3386 6040 3388 
7444 3482 5402 3484 
7445 3612 3614 3613 
7446 3618 6797 3695 
7447 3651 3920 3919 
7448 3681 3682 3680 
7449 4488 4490 4489 
7450 4568 4570 4569 
7451 4596 4601 4598 
7452 4606 6467 4604 
7453 4774 6437 4778 
7454 5095 5097 5096 
7455 5129 5131 5130 
7456 5504 5507 5506 
7457 5661 5662 5659 
7458 55 6104 408 
7459 57 517 56 
7460 122 5696 553 
7461 580 581 579 
7462 748 749 747 
7463 762 763 761 
7464 762 5953 905 
7465 779 2078 777 
7466 806 807 805 
7467 1034 1035 1033 
7468 1036 1037 1035 
7469 1055 1328 1053 
7470 1057 6127 1055 
7471 1148 1150 1149 
7472 1246 1274 1247 
7473 1274 1286 1275 
7474 1307 1590 1308 
7475 1390 1391 1389 
7476 1450 1451 1449 
7477 1452 1453 1451 
7478 1454 1455 1453 
7479 1454 5554 1456 
7480 1456 1457 1455 
7481 1460 1461 1459 
7482 1462 1463 1461 
7483 1486 1718 1488 
7484 1494 1495 1493 
7485 1720 5622 1514 
7486 1583 1661 1585 
7487 1804 3862 3279 
7488 1809 6317 2052 
7489 1954 2372 1952 
7490 1964 2371 1962 
7491 1981 1983 1982 
7492 2275 5709 1985 
7493 2037 2039 2038 
7494 2214 2215 2213 
7495 2321 2408 2322 
7496 2456 2458 2457 
7497 2522 2524 2523 
7498 2528 2530 2529 
7499 2556 2557 2555 
7500 2568 2569 2567 
7501 2622 2623 2621 
7502 2738 5016 3285 
7503 2798 2799 2739 
7504 2796 4928 4926 
7505 2813 5406 3596 
7506 2847 2848 2846 
7507 2855 2856 2854 
7508 5901 6237 2862 
7509 2869 2870 2868 
7510 2952 3152 2950 
7511 4726 4727 2961 
7512 5744 6274 3057 
7513 5544 5987 3249 
7514 3378 3379 3377 
7515 3444 3445 3443 
7516 3462 3463 3461 
7517 3464 3465 3463 
7518 3500 3501 3499 
7519 3623 3624 3622 
7520 4196 4197 3722 
7521 3866 4443 3867 
7522 3925 3926 3924 
7523 4589 4590 4588 
7524 4618 4619 4617 
7525 5732 5733 4952 
7526 5031 5033 5030 
7527 5088 5091 5090 
7528 5147 5150 5149 
7529 5948 5949 5944 
7530 489 6073 51 
7531 77 5978 461 
7532 585 6111 583 
7533 623 6313 621 
7534 785 838 783 
7535 919 3335 886 
7536 974 976 975 
7537 1282 1705 1704 
7538 1410 1412 1411 
7539 1474 1475 1473 
7540 1495 6009 1493 
7541 1507 5984 1505 
7542 1509 1626 1507 
7543 1526 1527 1525 
7544 1530 1721 1532 
7545 1534 1535 1533 
7546 1602 6582 1608 
7547 1611 4308 1738 
7548 1784 2048 2047 
7549 1871 1873 1872 
7550 1883 1884 1882 
7551 1911 1913 1912 
7552 1931 1933 1932 
7553 1981 6089 1983 
7554 2038 5511 2036 
7555 2108 2395 2394 
7556 2166 2168 2167 
7557 2178 5478 2176 
7558 2201 2203 2200 
7559 2217 2248 2215 
7560 2376 3037 3036 
7561 2553 2666 2551 
7562 2566 5392 2796 
7563 2683 2961 2681 
7564 2799 2964 2739 
7565 2975 5051 2858 
7566 2863 5968 5731 
7567 2921 2922 2920 
7568 2955 2956 2954 
7569 3192 4256 4253 
7570 3839 3840 3271 
7571 3364 3365 3363 
7572 3378 3380 3379 
7573 3389 3577 3387 
7574 3442 3443 3441 
7575 3443 5802 3570 
7576 3496 3497 3495 
7577 3508 5870 4713 
7578 3673 3706 3671 
7579 4275 4278 4276 
7580 4591 4592 4590 
7581 4649 4651 4650 
7582 4722 4723 4720 
7583 4861 4864 4863 
7584 5424 6474 5421 
7585 5714 5716 5715 
7586 23 515 22 
7587 32 6034 31 
7588 59 456 58 
7589 428 6074 88 
7590 350 505 349 
7591 568 569 567 
7592 598 853 599 
7593 604 606 605 
7594 752 753 751 
7595 754 755 753 
7596 808 809 807 
7597 810 811 809 
7598 812 813 811 
7599 816 817 815 
7600 818 819 817 
7601 875 887 886 
7602 878 881 877 
7603 887 920 919 
7604 920 931 930 
7605 927 933 926 
7606 936 1653 930 
7607 938 942 933 
7608 946 965 953 
7609 980 981 979 
7610 1034 2209 1036 
7611 1042 1043 1041 
7612 1048 1049 1047 
7613 1050 1051 1049 
7614 1049 5919 1329 
7615 1069 6246 1067 
7616 1068 1259 1070 
7617 1129 5851 1127 
7618 1147 5564 1145 
7619 1154 1156 1155 
7620 1156 1158 1157 
7621 1198 1758 1196 
7622 1203 1211 1210 
7623 1282 2356 1705 
7624 1313 1576 1347 
7625 1343 1607 1605 
7626 1461 6053 1632 
7627 1496 1497 1495 
7628 1731 2211 2210 
7629 2277 6153 1931 
7630 1933 1935 1934 
7631 1955 2270 1957 
7632 1959 2286 1961 
7633 2403 6205 1992 
7634 2044 2392 2046 
7635 2251 4718 4717 
7636 2542 2544 2543 
7637 2558 6049 5410 
7638 2560 2561 2559 
7639 2562 2563 2561 
7640 2564 2565 2563 
7641 2628 6338 3076 
7642 2630 2631 2629 
7643 2669 2671 2670 
7644 2861 2862 2860 
7645 2871 3259 2873 
7646 2881 6069 2883 
7647 2911 5468 2913 
7648 2929 2930 2928 
7649 2945 2946 2944 
7650 3380 3381 3379 
7651 3390 5998 3392 
7652 3442 6179 3741 
7653 3468 3469 3467 
7654 3496 6255 5044 
7655 3506 3507 3505 
7656 3534 3536 3535 
7657 3936 3986 3937 
7658 4593 4595 4592 
7659 4612 4613 4611 
7660 4614 4615 4613 
7661 4616 4617 4615 
7662 4860 4861 4859 
7663 5134 5286 5277 
7664 5136 5137 5135 
7665 5185 5187 5186 
7666 5410 5411 5396 
7667 37 410 36 
7668 40 476 39 
7669 43 411 42 
7670 62 527 61 
7671 64 412 63 
7672 563 566 565 
7673 576 577 575 
7674 650 652 651 
7675 758 759 757 
7676 820 821 819 
7677 824 825 823 
7678 826 827 825 
7679 834 855 833 
7680 862 868 859 
7681 1257 4841 1012 
7682 1046 1047 1045 
7683 1126 1128 1127 
7684 1215 1268 1267 
7685 1279 1281 1280 
7686 1403 1641 1401 
7687 1473 5724 2083 
7688 1537 1621 1535 
7689 1549 1616 1547 
7690 1738 1779 1778 
7691 1839 1840 1838 
7692 1863 1865 1864 
7693 1885 1886 1884 
7694 1887 1888 1886 
7695 1909 1910 1908 
7696 1911 1912 1910 
7697 1913 1914 1912 
7698 2071 2234 2072 
7699 2669 2670 2668 
7700 2686 2687 2685 
7701 2764 6349 2761 
7702 2765 6492 2787 
7703 2903 2905 2904 
7704 3241 6230 2919 
7705 2937 5616 3233 
7706 3128 4380 4379 
7707 3164 5032 5031 
7708 3341 3698 3342 
7709 3362 3363 3361 
7710 3470 3471 3469 
7711 3516 3518 3517 
7712 3689 3690 3683 
7713 3685 4086 3686 
7714 4046 4053 4050 
7715 4405 4408 4404 
7716 4430 4726 4427 
7717 4581 4675 4578 
7718 5168 5170 5167 
7719 28 494 27 
7720 34 486 33 
7721 52 489 51 
7722 66 540 65 
7723 427 6084 72 
7724 75 535 74 
7725 87 538 86 
7726 101 487 100 
7727 107 474 106 
7728 118 512 117 
7729 128 5439 127 
7730 584 6251 925 
7731 713 6112 711 
7732 756 757 755 
7733 828 829 827 
7734 830 831 829 
7735 855 5035 2777 
7736 868 872 869 
7737 888 916 889 
7738 935 1598 929 
7739 937 946 945 
7740 939 940 938 
7741 946 953 952 
7742 1038 1228 1040 
7743 1067 1326 1065 
7744 1073 2103 1071 
7745 1074 1260 1076 
7746 1199 1201 1200 
7747 1348 1349 1296 
7748 1417 5993 1415 
7749 1444 1446 1445 
7750 1472 1473 1471 
7751 1485 1629 1483 
7752 1520 1521 1519 
7753 1552 1554 1553 
7754 1699 3313 1600 
7755 1611 1737 1610 
7756 1732 1733 1697 
7757 4755 6994 1741 
7758 2370 5787 1874 
7759 1893 1894 1892 
7760 1895 1896 1894 
7761 1929 1931 1930 
7762 1973 1975 1974 
7763 1990 2157 1988 
7764 2290 3027 3025 
7765 2391 5768 2390 
7766 2641 4893 2467 
7767 2495 6170 2493 
7768 2636 2637 2635 
7769 2646 2648 2647 
7770 2673 5482 5481 
7771 2808 2809 2807 
7772 2845 2847 2846 
7773 2859 2860 2858 
7774 2887 2888 2886 
7775 2891 2892 2890 
7776 3152 5570 2950 
7777 3081 3597 3260 
7778 3858 3859 3203 
7779 3230 6327 5608 
7780 3344 3345 3343 
7781 3471 5951 3555 
7782 3488 3489 3487 
7783 3490 3491 3489 
7784 3516 3517 3515 
7785 3518 3519 3517 
7786 3520 3521 3519 
7787 3528 3529 3527 
7788 3534 7324 7323 
7789 3538 3539 3537 
7790 4149 4304 4303 
7791 4327 4328 4326 
7792 4416 4419 4418 
7793 4479 4484 4481 
7794 4598 4599 4597 
7795 4603 4604 4602 
7796 5089 5646 5088 
7797 5102 5104 5103 
7798 5118 5119 5117 
7799 5120 5122 5119 
7800 5173 5175 5174 
7801 5176 5480 5175 
7802 5690 6206 5692 
7803 436 6396 24 
7804 68 460 67 
7805 541 6023 70 
7806 354 506 353 
7807 364 5585 363 
7808 377 444 376 
7809 632 634 633 
7810 634 636 635 
7811 636 638 637 
7812 690 5857 692 
7813 791 1293 789 
7814 870 875 871 
7815 941 948 947 
7816 1010 1257 1012 
7817 1013 2144 1011 
7818 1060 1062 1061 
7819 1128 1130 1129 
7820 1350 1351 1349 
7821 1442 2117 1444 
7822 1500 1501 1499 
7823 1518 1519 1517 
7824 1931 6153 1933 
7825 2091 5413 5412 
7826 2389 3602 3173 
7827 2438 2440 2439 
7828 2731 5569 2440 
7829 2641 4894 4893 
7830 2963 4427 2687 
7831 2706 2991 2990 
7832 2716 3861 2714 
7833 2814 2980 2812 
7834 2839 2840 2838 
7835 2867 2868 2866 
7836 2935 2936 2934 
7837 2939 2940 2938 
7838 2940 5714 2938 
7839 2949 2951 2950 
7840 3027 3203 3202 
7841 6110 6129 3045 
7842 5769 5770 3047 
7843 3161 6154 5538 
7844 4095 4096 3228 
7845 3384 3385 3383 
7846 3396 3398 3397 
7847 3406 3734 3408 
7848 3438 3439 3437 
7849 3474 3475 3473 
7850 3751 5402 3482 
7851 3486 3487 3485 
7852 3627 3971 3970 
7853 3658 3659 3657 
7854 4697 5010 4694 
7855 4725 6217 4939 
7856 5076 5199 5080 
7857 5123 5124 5122 
7858 5125 5126 5124 
7859 5129 5130 5128 
7860 5131 5133 5130 
7861 5134 5135 5133 
7862 5520 5522 5519 
7863 5532 5534 5533 
7864 13 495 12 
7865 6023 6024 69 
7866 318 525 317 
7867 752 904 754 
7868 770 906 772 
7869 808 2063 810 
7870 865 6113 6112 
7871 875 886 876 
7872 1062 1232 1064 
7873 1158 1159 1157 
7874 5497 5887 1450 
7875 1470 5793 1716 
7876 1486 5689 1718 
7877 1502 1503 1501 
7878 1501 5673 1627 
7879 1542 1543 1541 
7880 1556 1557 1555 
7881 1558 1559 1557 
7882 1560 1561 1559 
7883 1818 1819 1817 
7884 1909 2259 1911 
7885 2392 3074 2046 
7886 2474 2476 2475 
7887 2481 3045 2479 
7888 2480 6137 2482 
7889 2484 5629 2486 
7890 2559 2673 2557 
7891 2564 5392 2566 
7892 2572 2574 2573 
7893 5691 5693 2784 
7894 2904 5926 2902 
7895 2921 3239 2923 
7896 2926 6325 3157 
7897 2971 5559 5558 
7898 3066 3180 3179 
7899 3092 5630 5629 
7900 3230 5608 5607 
7901 3438 5950 3740 
7902 3476 3477 3475 
7903 3478 3479 3477 
7904 3480 3481 3479 
7905 3480 5401 3751 
7906 3482 3483 3481 
7907 3484 3485 3483 
7908 3540 3541 3539 
7909 3542 3769 3552 
7910 4052 4055 4051 
7911 4354 4355 4353 
7912 4468 6015 4473 
7913 4475 4476 4474 
7914 4525 4527 4526 
7915 4661 4668 4667 
7916 4759 4760 4758 
7917 4824 6211 4826 
7918 5104 5107 5106 
7919 5156 5275 5158 
7920 5353 5354 5352 
7921 5610 6449 5612 
7922 10 502 9 
7923 46 488 45 
7924 53 6079 52 
7925 67 5704 66 
7926 211 504 210 
7927 405 5697 5696 
7928 574 575 573 
7929 595 597 593 
7930 620 622 621 
7931 624 626 625 
7932 717 5590 715 
7933 754 5491 756 
7934 756 2091 758 
7935 945 4881 936 
7936 1185 1186 952 
7937 972 973 971 
7938 1081 2134 1079 
7939 1104 5594 1106 
7940 1160 1161 1159 
7941 1317 5568 1169 
7942 1352 1353 1351 
7943 1363 1364 1362 
7944 1374 1375 1373 
7945 1396 1397 1395 
7946 1398 1399 1397 
7947 1474 2097 1476 
7948 1542 1723 1544 
7949 1555 1615 1553 
7950 1760 1811 1810 
7951 1812 2145 1761 
7952 1786 1816 1785 
7953 1804 2696 1803 
7954 1811 2284 2283 
7955 1817 2324 1816 
7956 1820 1821 1819 
7957 1822 6778 6320 
7958 1831 1832 1830 
7959 1833 1834 1832 
7960 1835 1836 1834 
7961 1899 1900 1898 
7962 1901 1902 1900 
7963 1905 1906 1904 
7964 1927 1929 1928 
7965 2021 2023 2022 
7966 2349 2695 2348 
7967 2813 2815 2814 
7968 2845 2846 2844 
7969 2847 5475 3272 
7970 2875 2876 2874 
7971 2897 2898 2896 
7972 3160 6154 2912 
7973 2939 2941 2940 
7974 3023 3815 3024 
7975 3136 6080 3892 
7976 3305 3306 3304 
7977 3746 6189 3460 
7978 4149 4303 4148 
7979 4457 4460 4458 
7980 4600 4603 4602 
7981 4725 4937 4722 
7982 5118 5121 5120 
7983 5127 5128 5126 
7984 5145 5489 5147 
7985 5461 5462 5399 
7986 5428 5431 5429 
7987 5689 5740 5688 
7988 5883 6184 5881 
7989 51 6073 50 
7990 73 6071 427 
7991 463 6092 92 
7992 320 401 319 
7993 444 6083 376 
7994 600 2757 602 
7995 603 2124 601 
7996 866 5932 675 
7997 780 782 781 
7998 782 784 783 
7999 2093 5368 784 
8000 968 969 951 
8001 1028 1030 1029 
8002 1091 5386 1089 
8003 1504 1505 1503 
8004 1596 1698 1600 
8005 1765 1799 1766 
8006 2126 5740 5689 
8007 2222 2223 2220 
8008 2997 2999 2253 
8009 2437 2639 2435 
8010 3098 4903 2454 
8011 2541 2664 2539 
8012 2864 5901 2862 
8013 2872 2973 2870 
8014 2877 2878 2876 
8015 3163 6229 2900 
8016 2948 3153 2946 
8017 3133 3721 3703 
8018 3194 3806 3197 
8019 3270 5423 5421 
8020 3558 5487 5486 
8021 3559 5990 5826 
8022 3764 3964 3963 
8023 3816 3993 3950 
8024 4351 4353 4352 
8025 4568 4573 4570 
8026 4577 4579 4578 
8027 4892 5050 5048 
8028 5255 5256 5078 
8029 5117 5236 5115 
8030 5489 5490 5150 
8031 5160 5162 5161 
8032 5387 5389 5388 
8033 5443 5447 5446 
8034 5631 5632 5630 
8035 71 541 70 
8036 163 503 162 
8037 275 539 274 
8038 322 521 321 
8039 672 674 673 
8040 914 1742 881 
8041 1152 1153 1151 
8042 1159 5763 2077 
8043 1162 1163 1161 
8044 1391 1643 1389 
8045 1390 2094 1392 
8046 1434 1435 1433 
8047 1510 1511 1509 
8048 1512 1513 1511 
8049 1548 1549 1547 
8050 1617 1739 1618 
8051 2161 3299 1793 
8052 1825 1826 1824 
8053 1827 1828 1826 
8054 1835 2256 1837 
8055 2276 5541 1927 
8056 1937 1939 1938 
8057 2451 4444 2449 
8058 2724 6358 2466 
8059 2657 2658 2653 
8060 4808 6288 2732 
8061 2738 2798 2739 
8062 2813 2814 2812 
8063 5070 5347 2817 
8064 2871 2872 2870 
8065 2910 3161 2908 
8066 2930 5674 3156 
8067 3123 3124 2998 
8068 3000 3804 3207 
8069 5743 5744 3057 
8070 3172 3788 3781 
8071 3948 6776 3206 
8072 3436 5974 5950 
8073 3492 3494 3493 
8074 3495 3556 3493 
8075 3666 3668 3667 
8076 6705 6828 4207 
8077 4804 4806 4805 
8078 5173 5174 5172 
8079 5178 5179 5177 
8080 5178 5480 5284 
8081 5180 5181 5179 
8082 5182 5184 5181 
8083 5185 5186 5184 
8084 5189 5191 5188 
8085 5194 5195 5193 
8086 5196 5198 5195 
8087 5592 5593 5591 
8088 18 551 17 
8089 49 432 48 
8090 49 6078 432 
8091 412 6148 63 
8092 130 433 129 
8093 150 544 149 
8094 242 523 241 
8095 302 520 301 
8096 370 547 369 
8097 592 593 591 
8098 594 595 593 
8099 670 895 672 
8100 681 2088 679 
8101 718 5934 720 
8102 4768 5698 809 
8103 1099 2105 1097 
8104 1576 1577 1347 
8105 1396 1655 1398 
8106 1400 2158 1402 
8107 1420 1422 1421 
8108 1437 1636 1435 
8109 1468 6008 5793 
8110 1504 1657 1506 
8111 1512 1720 1514 
8112 1768 2107 1815 
8113 2458 2726 2460 
8114 2496 2498 2497 
8115 2728 5867 2500 
8116 2849 2850 2848 
8117 2923 5428 2925 
8118 2960 3150 2958 
8119 5961 5962 3118 
8120 3392 3393 3391 
8121 4463 4466 4465 
8122 4478 4681 4476 
8123 4636 4638 4637 
8124 4642 4643 4641 
8125 5362 5363 5360 
8126 5772 5773 5771 
8127 6116 6117 5810 
8128 527 5682 61 
8129 73 427 72 
8130 89 428 88 
8131 91 542 90 
8132 93 463 92 
8133 95 543 94 
8134 98 413 97 
8135 110 414 109 
8136 113 490 112 
8137 116 415 115 
8138 133 491 132 
8139 136 416 135 
8140 139 492 138 
8141 142 417 141 
8142 145 493 144 
8143 148 437 147 
8144 153 448 152 
8145 5527 5978 536 
8146 570 572 571 
8147 572 573 571 
8148 576 578 577 
8149 580 4889 2231 
8150 925 6191 586 
8151 655 6427 653 
8152 723 842 721 
8153 778 779 777 
8154 802 804 803 
8155 1086 1234 1088 
8156 1092 2207 1094 
8157 1164 1165 1163 
8158 1204 1206 1205 
8159 1386 1707 1388 
8160 1418 1419 1417 
8161 1438 1439 1437 
8162 1440 1441 1439 
8163 1442 6005 2117 
8164 1540 1542 1541 
8165 1556 1558 1557 
8166 1645 4411 4410 
8167 1678 1679 1677 
8168 1779 1781 1780 
8169 1925 1927 1926 
8170 2006 6344 2004 
8171 2190 2239 2189 
8172 2761 2762 2760 
8173 2772 3331 2771 
8174 2835 2836 2834 
8175 2859 5701 3266 
8176 2941 2942 2940 
8177 2941 6166 6123 
8178 7212 7220 2966 
8179 2972 5520 5519 
8180 5004 5334 3117 
8181 3148 3755 3253 
8182 3161 5538 5537 
8183 3381 3579 3379 
8184 3382 3384 3383 
8185 3394 3395 3393 
8186 3418 6167 5645 
8187 3740 6179 3440 
8188 3510 3512 3511 
8189 3762 6210 3516 
8190 3518 3520 3519 
8191 3670 3671 3669 
8192 5058 6253 4221 
8193 5097 5099 5098 
8194 5128 5235 5126 
8195 583 867 581 
8196 776 777 775 
8197 1361 1363 1362 
8198 1392 1393 1391 
8199 1438 1711 1440 
8200 1522 1658 1524 
8201 1604 1706 1603 
8202 1608 1667 1609 
8203 1738 1777 1737 
8204 1811 2283 1810 
8205 2407 3145 2406 
8206 3127 6534 2715 
8207 2881 2882 2880 
8208 2889 2890 2888 
8209 2893 2894 2892 
8210 2905 6050 3247 
8211 2913 2915 2914 
8212 3159 5669 2916 
8213 3113 3872 3112 
8214 3563 5804 3457 
8215 5825 5951 3473 
8216 3491 5059 3489 
8217 3510 3761 3512 
8218 3612 3613 3610 
8219 3809 3856 3855 
8220 4545 4547 4546 
8221 4563 4564 4562 
8222 4640 4641 4639 
8223 16 466 15 
8224 64 6138 412 
8225 235 457 234 
8226 273 458 272 
8227 304 439 303 
8228 324 455 323 
8229 584 586 585 
8230 588 589 587 
8231 610 4372 612 
8232 850 5621 611 
8233 658 659 657 
8234 660 661 659 
8235 704 705 703 
8236 703 5813 5807 
8237 704 5685 899 
8238 720 901 722 
8239 726 1220 728 
8240 732 902 734 
8241 778 6221 907 
8242 786 787 785 
8243 876 878 877 
8244 927 939 938 
8245 959 960 958 
8246 1000 1001 999 
8247 1002 1003 1001 
8248 1004 1005 1003 
8249 1036 1038 1037 
8250 1118 1119 1117 
8251 1120 1121 1119 
8252 1122 1123 1121 
8253 1124 1125 1123 
8254 1123 5992 1321 
8255 1126 1127 1125 
8256 1166 1167 1165 
8257 1212 1213 1209 
8258 1340 1594 1341 
8259 1426 1427 1425 
8260 1443 1635 1441 
8261 1446 5670 1712 
8262 1483 5727 1481 
8263 1594 1601 1595 
8264 2004 2331 2002 
8265 2174 2179 2173 
8266 2414 3204 2413 
8267 2450 2451 2449 
8268 2458 2459 2457 
8269 2460 2461 2459 
8270 2500 2502 2501 
8271 2506 2508 2507 
8272 2508 2510 2509 
8273 2510 2512 2511 
8274 3107 5892 2518 
8275 2547 2665 2545 
8276 2840 5415 3168 
8277 2844 3167 2842 
8278 2855 5420 2857 
8279 5051 6175 2856 
8280 5518 5989 2874 
8281 2937 2938 2936 
8282 2975 5053 5052 
8283 3276 3277 2995 
8284 3000 3207 3001 
8285 5532 5533 3048 
8286 3246 5471 5468 
8287 3374 3375 3373 
8288 3376 5357 3726 
8289 3384 3729 3386 
8290 3396 3397 3395 
8291 3398 3399 3397 
8292 3400 3401 3399 
8293 3400 3402 3401 
8294 3402 3403 3401 
8295 3402 3404 3403 
8296 3416 3417 3415 
8297 3422 3423 3421 
8298 3480 3482 3481 
8299 3529 3547 3527 
8300 4341 4342 4340 
8301 4536 4538 4537 
8302 4824 4826 4825 
8303 5443 5446 5445 
8304 5447 5448 5446 
8305 5899 5900 5897 
8306 244 440 243 
8307 280 478 279 
8308 296 479 295 
8309 315 438 314 
8310 564 3256 562 
8311 563 565 564 
8312 609 2165 608 
8313 612 2774 614 
8314 647 848 645 
8315 656 657 655 
8316 657 5707 847 
8317 708 5814 2106 
8318 1001 1333 999 
8319 1006 1008 1007 
8320 1128 6142 2367 
8321 1384 1385 1383 
8322 1448 1449 1447 
8323 1464 1715 1466 
8324 1583 1585 1584 
8325 1760 1761 1699 
8326 2107 2108 1815 
8327 1923 1925 1924 
8328 1993 1995 1994 
8329 2009 2011 2010 
8330 2031 2302 2033 
8331 3040 6330 2447 
8332 2482 3092 2484 
8333 4899 4900 2776 
8334 2827 4914 2829 
8335 2848 6207 2977 
8336 2883 2884 2882 
8337 2885 2886 2884 
8338 3247 6182 2907 
8339 2909 3246 2911 
8340 3173 3192 3031 
8341 3182 3220 3035 
8342 3295 4180 3293 
8343 3485 3557 3483 
8344 3551 5856 3501 
8345 3541 3544 3539 
8346 3756 3757 3755 
8347 4341 6913 4342 
8348 4429 4431 4428 
8349 4632 4634 4633 
8350 4725 4939 4938 
8351 5093 5095 5094 
8352 5152 5276 5154 
8353 5492 5494 5493 
8354 93 6088 463 
8355 570 571 569 
8356 641 2115 639 
8357 648 649 647 
8358 652 653 651 
8359 654 655 653 
8360 662 663 661 
8361 6184 6235 687 
8362 696 697 695 
8363 696 6159 898 
8364 697 5842 844 
8365 700 701 699 
8366 700 6196 2132 
8367 701 5807 2098 
8368 712 713 711 
8369 711 6112 2113 
8370 741 841 739 
8371 740 6026 742 
8372 767 5677 765 
8373 843 5844 5843 
8374 998 999 997 
8375 1110 1111 1109 
8376 1124 1239 1126 
8377 1128 1129 1127 
8378 1146 1147 1145 
8379 1209 4420 2729 
8380 1277 1344 1283 
8381 1456 6038 1458 
8382 1484 5689 1486 
8383 1514 5622 1516 
8384 1530 5456 1721 
8385 1532 1533 1531 
8386 1713 5555 5554 
8387 1992 6205 1990 
8388 1999 2280 2001 
8389 2024 2344 2022 
8390 2052 3893 2400 
8391 2322 3071 2320 
8392 2446 2447 2445 
8393 2464 2465 2463 
8394 2464 6187 2724 
8395 2470 2722 2472 
8396 2490 2491 2489 
8397 2492 2493 2491 
8398 2494 2495 2493 
8399 2497 6171 2655 
8400 2512 2514 2513 
8401 2514 2516 2515 
8402 2518 2520 2519 
8403 2520 2522 2521 
8404 2532 2534 2533 
8405 2534 2536 2535 
8406 2536 2538 2537 
8407 2572 2795 2574 
8408 2610 2612 2611 
8409 2654 5443 5442 
8410 2761 6349 2762 
8411 2823 2825 2824 
8412 5801 5969 3049 
8413 5658 5659 3055 
8414 3098 6425 4904 
8415 5926 5927 3163 
8416 3250 5546 5545 
8417 3255 5461 5399 
8418 3255 6125 5461 
8419 3462 6189 3747 
8420 3496 5044 3498 
8421 3498 3759 3500 
8422 3502 3503 3501 
8423 3710 3898 3712 
8424 4041 4043 4040 
8425 4423 4425 4422 
8426 4468 4473 4470 
8427 4603 4608 4605 
8428 5099 5101 5098 
8429 5106 6190 5109 
8430 5657 6085 5660 
8431 5807 5810 5808 
8432 5813 5843 5810 
8433 5847 5848 5844 
8434 20 449 19 
8435 512 5467 117 
8436 564 3897 3256 
8437 644 645 643 
8438 646 647 645 
8439 656 658 657 
8440 658 660 659 
8441 692 693 691 
8442 694 695 693 
8443 800 2151 802 
8444 937 945 936 
8445 958 6442 2800 
8446 1072 1073 1071 
8447 1130 1131 1129 
8448 1300 5785 1151 
8449 1162 1164 1163 
8450 1168 1169 1167 
8451 1189 1273 1272 
8452 1328 5337 5336 
8453 1463 6053 1461 
8454 1529 1623 1527 
8455 4350 4351 1798 
8456 1969 1971 1970 
8457 2048 4370 2047 
8458 5809 5842 2098 
8459 2175 2176 2172 
8460 2442 2443 2441 
8461 2455 2640 2453 
8462 2458 2460 2459 
8463 2486 5629 3097 
8464 2502 5867 3104 
8465 2715 2717 2716 
8466 2751 2752 2750 
8467 2779 5948 5941 
8468 5533 6171 3048 
8469 5605 5606 3229 
8470 3498 3499 3497 
8471 3509 3548 3507 
8472 4554 4559 4556 
8473 4642 4644 4643 
8474 5100 5296 5099 
8475 5217 5218 5216 
8476 582 583 581 
8477 584 585 583 
8478 660 662 661 
8479 703 5807 701 
8480 704 899 706 
8481 744 903 746 
8482 747 1291 745 
8483 774 2148 776 
8484 786 908 788 
8485 887 2133 920 
8486 962 1191 961 
8487 1185 6399 3119 
8488 1378 1380 1379 
8489 1479 5765 1477 
8490 1494 1719 1496 
8491 1538 1540 1539 
8492 1573 1612 1571 
8493 6924 6974 1615 
8494 6027 6028 1625 
8495 1885 1887 1886 
8496 1941 1943 1942 
8497 2426 2428 2427 
8498 3053 5595 2525 
8499 2526 2528 2527 
8500 3114 5959 2526 
8501 3115 5949 2530 
8502 3116 5961 2540 
8503 2550 5894 2552 
8504 2671 3251 2680 
8505 2750 2803 2748 
8506 2787 2789 2788 
8507 2876 5518 2874 
8508 3875 4384 3016 
8509 3037 3216 3214 
8510 3145 3905 3146 
8511 3356 3358 3357 
8512 5356 6430 3365 
8513 3466 3468 3467 
8514 3748 5912 3468 
8515 3490 3492 3491 
8516 3494 3496 3495 
8517 3505 5403 3503 
8518 3843 4194 3647 
8519 4625 4627 4626 
8520 4854 4858 4853 
8521 5076 5080 5079 
8522 5084 5086 5085 
8523 5097 5098 5096 
8524 5160 5274 5162 
8525 5211 6548 5209 
8526 5219 5220 5218 
8527 5940 5945 5939 
8528 6633 6895 6578 
8529 271 519 270 
8530 575 885 573 
8531 579 2140 577 
8532 632 633 631 
8533 634 635 633 
8534 638 639 637 
8535 637 6192 852 
8536 640 641 639 
8537 642 643 641 
8538 893 5840 650 
8539 662 664 663 
8540 894 5916 662 
8541 688 689 687 
8542 701 2098 699 
8543 716 717 715 
8544 775 851 773 
8545 792 793 791 
8546 992 993 991 
8547 1010 1011 1009 
8548 1067 6246 1326 
8549 1074 1075 1073 
8550 1073 5712 2103 
8551 1132 1133 1131 
8552 1140 1141 1139 
8553 1142 1143 1141 
8554 2068 5564 1147 
8555 1164 1166 1165 
8556 1172 1174 1173 
8557 1199 6249 1201 
8558 1275 2054 1247 
8559 1431 1637 1429 
8560 1455 5723 1633 
8561 1457 6067 5723 
8562 1524 1525 1523 
8563 1536 1537 1535 
8564 1538 1539 1537 
8565 1755 2055 1813 
8566 1995 1997 1996 
8567 2001 2003 2002 
8568 2344 5409 2022 
8569 2075 5458 5457 
8570 2180 2189 2179 
8571 2375 2376 2311 
8572 2440 2441 2439 
8573 2449 3040 2447 
8574 2468 2469 2467 
8575 2472 2473 2471 
8576 2478 2479 2477 
8577 2477 6283 3044 
8578 2482 6137 3092 
8579 2502 2503 2501 
8580 2504 2505 2503 
8581 2586 2587 2585 
8582 2590 2591 2589 
8583 2594 2595 2593 
8584 2596 2597 2595 
8585 2641 4896 4894 
8586 2661 2662 2660 
8587 2849 2851 2850 
8588 2922 3158 2920 
8589 2972 5519 5518 
8590 3102 6758 6620 
8591 5701 5702 3266 
8592 3492 3493 3491 
8593 3528 3530 3529 
8594 4273 6601 3600 
8595 3922 4714 3925 
8596 4490 4492 4489 
8597 4622 4625 4624 
8598 4654 4659 4656 
8599 4810 4811 4809 
8600 4882 4884 4883 
8601 4896 4898 4897 
8602 5121 6690 6048 
8603 5149 5151 5148 
8604 5849 6130 5850 
8605 6112 6113 5849 
8606 5883 6235 6184 
8607 233 518 232 
8608 246 524 245 
8609 313 514 312 
8610 326 522 325 
8611 604 1271 606 
8612 607 608 605 
8613 648 893 650 
8614 664 666 665 
8615 708 2106 710 
8616 716 5875 2102 
8617 749 5586 747 
8618 762 905 764 
8619 931 936 930 
8620 993 1305 991 
8621 1050 1230 1052 
8622 2164 2758 1368 
8623 1645 4410 1377 
8624 1381 6445 5326 
8625 1469 1631 1467 
8626 1497 2139 1495 
8627 1740 1768 1767 
8628 1967 1969 1968 
8629 2037 2289 2039 
8630 5807 5808 2098 
8631 2113 5848 5847 
8632 2499 6171 2497 
8633 2512 2513 2511 
8634 2554 2791 2556 
8635 2557 5481 2555 
8636 2823 5730 2825 
8637 2868 5647 2866 
8638 3259 5359 2873 
8639 2943 2944 2942 
8640 5770 5771 3047 
8641 3512 3514 3513 
8642 4479 4481 4480 
8643 4949 4950 4948 
8644 5215 5216 5214 
8645 5218 6829 6813 
8646 5652 5653 5650 
8647 5810 6117 5808 
8648 307 482 306 
8649 620 621 619 
8650 619 6261 1285 
8651 626 627 625 
8652 891 5299 630 
8653 852 6571 635 
8654 892 5579 642 
8655 666 668 667 
8656 691 1290 689 
8657 692 2089 694 
8658 770 6176 906 
8659 771 5877 2076 
8660 5842 6134 844 
8661 1043 1330 1041 
8662 1049 1329 1047 
8663 1051 5919 1049 
8664 1064 1065 1063 
8665 1075 5712 1073 
8666 1107 5834 2112 
8667 1135 2135 1133 
8668 1268 1296 1295 
8669 1484 1485 1483 
8670 1498 1499 1497 
8671 1522 1523 1521 
8672 2039 6411 2041 
8673 2312 2643 2642 
8674 2438 2439 2437 
8675 2515 5986 2656 
8676 2532 2533 2531 
8677 2538 2539 2537 
8678 2580 2581 2579 
8679 2873 5359 2875 
8680 5659 5777 3055 
8681 3422 3424 3423 
8682 3440 3441 3439 
8683 3446 3448 3447 
8684 3456 3458 3457 
8685 3472 3473 3471 
8686 3489 3553 3487 
8687 3526 3527 3525 
8688 4547 4552 4549 
8689 5303 5304 4696 
8690 4816 4817 4815 
8691 4856 4862 4854 
8692 4920 4921 4919 
8693 5631 5633 5632 
8694 5635 5636 5633 
8695 5657 5660 5658 
8696 5658 5779 5661 
8697 89 6087 428 
8698 138 6099 137 
8699 640 892 642 
8700 643 5039 641 
8701 712 900 714 
8702 851 6652 5877 
8703 1014 1015 1013 
8704 1016 1017 1015 
8705 1081 5955 2134 
8706 1172 1173 1171 
8707 1347 5348 1272 
8708 1327 6449 5610 
8709 1426 2080 1428 
8710 1444 5670 1446 
8711 1446 1712 1448 
8712 1480 1481 1479 
8713 1578 1750 1580 
8714 1712 5498 5497 
8715 1781 1783 1782 
8716 2360 2404 1807 
8717 2468 5503 2470 
8718 2504 6305 2506 
8719 2527 5995 3053 
8720 2538 5939 3116 
8721 2795 6224 2574 
8722 2652 2657 2653 
8723 2662 4740 2660 
8724 2704 2705 2702 
8725 2843 2844 2842 
8726 2878 2972 2876 
8727 2913 2914 2912 
8728 2915 2916 2914 
8729 2943 3232 2945 
8730 3011 3012 3009 
8731 3100 6356 6355 
8732 3148 3253 3147 
8733 5430 5433 3238 
8734 3407 3574 3405 
8735 3476 3750 3478 
8736 3484 3486 3485 
8737 4046 4050 4049 
8738 4493 4495 4494 
8739 4527 4528 4526 
8740 4567 4677 4564 
8741 4582 4587 4584 
8742 4883 4886 4885 
8743 4921 4923 4919 
8744 5110 5237 5108 
8745 5140 5143 5142 
8746 5794 5797 5795 
8747 5898 6207 5896 
8748 407 5524 5523 
8749 2104 6132 668 
8750 680 681 679 
8751 720 721 719 
8752 719 5935 2111 
8753 753 840 751 
8754 758 5412 760 
8755 796 797 795 
8756 878 882 881 
8757 1024 1025 1023 
8758 1024 1026 1025 
8759 1077 1302 1075 
8760 1079 6162 1077 
8761 1082 1083 1081 
8762 1089 5386 2129 
8763 1107 2112 1105 
8764 2135 6128 1133 
8765 1313 1347 1272 
8766 1354 1355 1353 
8767 1360 6542 1365 
8768 1376 1377 1375 
8769 1449 1634 1447 
8770 1448 5497 1450 
8771 1481 5727 2092 
8772 1482 6183 2126 
8773 1516 1517 1515 
8774 1526 1528 1527 
8775 1566 1567 1565 
8776 1570 1571 1569 
8777 1572 2155 1574 
8778 1578 1579 1577 
8779 1810 1812 1761 
8780 1892 2373 1890 
8781 1919 1921 1920 
8782 2028 2338 2026 
8783 2027 2298 2029 
8784 2056 5513 4452 
8785 2182 2183 2178 
8786 2193 2195 2194 
8787 2225 6616 4214 
8788 2395 2396 2394 
8789 2524 2525 2523 
8790 2565 2674 2563 
8791 2578 2579 2577 
8792 2642 3219 2644 
8793 2684 3261 2686 
8794 2890 5665 3166 
8795 3747 5855 3464 
8796 4579 4581 4578 
8797 4947 4948 4946 
8798 5095 5096 5094 
8799 5111 5113 5112 
8800 5390 5957 5388 
8801 5632 5634 5630 
8802 5719 5722 5721 
8803 206 500 205 
8804 209 471 208 
8805 580 2231 582 
8806 853 854 599 
8807 668 670 669 
8808 759 1292 757 
8809 768 769 767 
8810 857 858 854 
8811 1018 1226 1020 
8812 1083 5955 1081 
8813 1471 5983 1469 
8814 1487 5994 1485 
8815 1516 2074 1518 
8816 1519 2099 1517 
8817 1536 1538 1537 
8818 1562 1726 1564 
8819 1580 1581 1579 
8820 1748 1749 1668 
8821 1763 2060 1797 
8822 1776 6645 6495 
8823 1887 2269 1889 
8824 1891 2271 1893 
8825 2454 2456 2455 
8826 2587 3068 2585 
8827 2925 3238 2927 
8828 3214 3215 3036 
8829 3301 4323 3303 
8830 3434 3436 3435 
8831 3496 3498 3497 
8832 3499 3554 3497 
8833 5079 5464 5074 
8834 5221 5222 5220 
8835 5793 5796 5794 
8836 405 5696 123 
8837 407 5525 5524 
8838 571 2149 569 
8839 625 849 623 
8840 676 677 675 
8841 678 679 677 
8842 730 7174 7172 
8843 795 2087 793 
8844 872 873 869 
8845 1084 1085 1083 
8846 1089 2129 1087 
8847 1090 1091 1089 
8848 1092 1093 1091 
8849 1093 1324 1091 
8850 1098 1099 1097 
8851 1102 1103 1101 
8852 1176 1177 1175 
8853 1178 1179 1177 
8854 1312 1338 1287 
8855 1488 1489 1487 
8856 1489 5766 2101 
8857 1514 1515 1513 
8858 1544 1545 1543 
8859 1546 1547 1545 
8860 1552 1553 1551 
8861 1698 1760 1699 
8862 1718 5688 5687 
8863 1731 6334 2211 
8864 2108 2394 2393 
8865 2428 2429 2427 
8866 2432 2433 2431 
8867 2434 2436 2435 
8868 2546 6206 5690 
8869 2576 2577 2575 
8870 2662 6390 4740 
8871 6346 6492 2763 
8872 2772 3332 3331 
8873 2901 2903 2902 
8874 2905 2906 2904 
8875 3245 6160 2915 
8876 2917 2919 2918 
8877 3265 3792 3211 
8878 3388 3389 3387 
8879 3393 3573 3391 
8880 3432 3434 3433 
8881 3556 5913 3493 
8882 3504 3760 3506 
8883 3552 3773 3543 
8884 4549 4550 4548 
8885 5957 5958 5388 
8886 586 587 585 
8887 606 607 605 
8888 607 609 608 
8889 670 672 671 
8890 895 5952 672 
8891 2095 6139 676 
8892 685 845 683 
8893 800 5553 2151 
8894 969 4421 951 
8895 1097 5717 1095 
8896 1100 1101 1099 
8897 1134 1136 1135 
8898 1248 6506 1216 
8899 1386 1387 1385 
8900 1394 1395 1393 
8901 1416 1418 1417 
8902 1433 5643 1431 
8903 1434 2131 1436 
8904 1488 5686 1490 
8905 1505 2086 1503 
8906 1568 1727 1570 
8907 1679 1700 1681 
8908 1701 3598 3046 
8909 1812 2293 2146 
8910 1843 1845 1844 
8911 1867 1869 1868 
8912 2721 3288 2362 
8913 3101 6285 2444 
8914 3057 6274 2567 
8915 2737 3340 3339 
8916 4804 4805 2770 
8917 2801 2804 2802 
8918 2879 5398 2881 
8919 2917 6160 3241 
8920 2920 5644 2918 
8921 2940 6013 5714 
8922 3255 5399 5398 
8923 3434 3435 3433 
8924 3506 3508 3507 
8925 3621 3716 3715 
8926 4500 4503 4502 
8927 4532 4533 4531 
8928 4610 4612 4611 
8929 4686 4687 4685 
8930 4727 4729 4728 
8931 6219 6348 6220 
8932 249 420 248 
8933 283 418 282 
8934 285 528 284 
8935 288 441 287 
8936 290 529 289 
8937 293 419 292 
8938 677 866 675 
8939 882 915 914 
8940 1094 6107 1096 
8941 1103 1301 1101 
8942 1157 5580 1155 
8943 1609 4784 1604 
8944 1705 1804 1803 
8945 1718 5687 5686 
8946 1780 1798 1778 
8947 2196 2197 2194 
8948 2218 2222 2220 
8949 2307 2410 2308 
8950 2486 2488 2487 
8951 2654 5441 2489 
8952 2490 2492 2491 
8953 2588 2590 2589 
8954 3073 6193 2593 
8955 2717 2719 2718 
8956 2851 2852 2850 
8957 2853 2854 2852 
8958 2854 2976 2852 
8959 2860 2975 2858 
8960 5667 5668 3166 
8961 3305 3307 3306 
8962 3354 3713 3356 
8963 3737 6120 3422 
8964 3424 3426 3425 
8965 3738 6059 3428 
8966 3451 5791 3567 
8967 460 5704 67 
8968 216 530 215 
8969 218 442 217 
8970 220 531 219 
8971 223 423 222 
8972 226 480 225 
8973 228 532 227 
8974 230 429 229 
8975 252 477 251 
8976 254 533 253 
8977 256 430 255 
8978 259 481 258 
8979 262 431 261 
8980 268 424 267 
8981 310 421 309 
8982 329 425 328 
8983 332 483 331 
8984 335 426 334 
8985 338 484 337 
8986 340 534 339 
8987 342 422 341 
8988 345 513 344 
8989 347 443 346 
8990 356 468 355 
8991 359 498 358 
8992 574 576 575 
8993 578 579 577 
8994 593 4730 591 
8995 607 610 609 
8996 674 676 675 
8997 1290 6184 689 
8998 767 6219 5677 
8999 800 801 799 
9000 806 808 807 
9001 946 952 945 
9002 982 984 983 
9003 1030 1032 1031 
9004 1058 1059 1057 
9005 1096 1235 1098 
9006 1133 6128 1131 
9007 1134 1240 1136 
9008 1153 1300 1151 
9009 1180 1181 1179 
9010 1183 1701 1315 
9011 1270 1297 1269 
9012 1438 6266 1711 
9013 1490 2081 1492 
9014 1518 1520 1519 
9015 1572 1574 1573 
9016 1586 1610 1584 
9017 1675 1676 1672 
9018 1675 1678 1677 
9019 1701 3046 1702 
9020 1705 1803 1704 
9021 2108 2393 1815 
9022 1997 1999 1998 
9023 2010 2328 2008 
9024 2181 2306 2182 
9025 2796 5392 4928 
9026 2820 2979 2818 
9027 2911 2912 2910 
9028 2919 2920 2918 
9029 5647 5648 2974 
9030 5539 5540 3162 
9031 3257 3837 3258 
9032 3426 6086 3738 
9033 3470 3472 3471 
9034 3472 3474 3473 
9035 3761 6209 3512 
9036 3546 4694 3533 
9037 4513 4515 4514 
9038 4540 4542 4539 
9039 4545 4546 4544 
9040 4561 4566 4563 
9041 4584 4585 4583 
9042 4941 4977 4943 
9043 5654 5655 5653 
9044 614 616 615 
9045 733 864 731 
9046 812 814 813 
9047 816 818 817 
9048 834 856 855 
9049 886 6161 876 
9050 1004 1225 1006 
9051 1032 1034 1033 
9052 1323 5834 1109 
9053 1476 1477 1475 
9054 1614 4892 1559 
9055 1683 1684 1682 
9056 1961 1963 1962 
9057 2019 2021 2020 
9058 2077 5581 5580 
9059 3092 5629 2484 
9060 2562 2564 2563 
9061 2582 2584 2583 
9062 2604 2606 2605 
9063 2611 3086 2609 
9064 2650 2652 2651 
9065 2811 2812 2809 
9066 2847 2849 2848 
9067 2917 3241 2919 
9068 2932 5674 2930 
9069 2945 2947 2946 
9070 3277 6608 2995 
9071 3133 4196 3722 
9072 3735 6155 3412 
9073 3417 6033 3415 
9074 3569 5802 3445 
9075 3447 5788 3569 
9076 3450 3451 3449 
9077 3454 3456 3455 
9078 3519 3549 3517 
9079 5138 5465 5140 
9080 5165 5232 5163 
9081 5532 5969 5535 
9082 5648 5651 5649 
9083 5962 6612 6225 
9084 352 450 351 
9085 582 584 583 
9086 597 4730 593 
9087 594 596 595 
9088 854 1346 599 
9089 739 5991 737 
9090 798 5553 800 
9091 985 6135 1334 
9092 1032 1033 1031 
9093 1258 5455 1032 
9094 1054 1055 1053 
9095 1176 1178 1177 
9096 1183 1315 1181 
9097 1382 1384 1383 
9098 1406 1408 1407 
9099 1422 1423 1421 
9100 2114 6168 1531 
9101 1684 1769 1682 
9102 1920 2359 1918 
9103 2292 6039 1989 
9104 2019 2020 2018 
9105 2073 6963 6942 
9106 3025 3026 2291 
9107 2478 3091 2480 
9108 2485 3047 2483 
9109 2554 2555 2553 
9110 2570 2571 2569 
9111 2577 3067 2575 
9112 2608 3085 2610 
9113 2620 2621 2619 
9114 2820 4990 2979 
9115 2895 5542 2897 
9116 5714 5715 2970 
9117 2979 4839 4838 
9118 2996 3886 3694 
9119 3250 5545 5542 
9120 3358 3714 3360 
9121 3368 3369 3367 
9122 3404 3405 3403 
9123 3418 3419 3417 
9124 3424 3425 3423 
9125 3446 3447 3445 
9126 3450 5803 3744 
9127 3454 5823 3745 
9128 3546 4695 4694 
9129 3895 4878 3638 
9130 4586 4588 4585 
9131 4849 4850 4848 
9132 4945 4946 4944 
9133 5096 5239 5094 
9134 5180 5183 5182 
9135 5223 5224 5222 
9136 5338 5341 5340 
9137 5342 6004 5609 
9138 7169 7170 6086 
9139 563 564 562 
9140 684 686 685 
9141 738 1221 740 
9142 832 834 833 
9143 1052 1053 1051 
9144 1544 1546 1545 
9145 1582 2152 1597 
9146 1617 1757 1739 
9147 1986 2369 1984 
9148 2021 2022 2020 
9149 2053 2315 2314 
9150 2199 2200 2198 
9151 2408 2418 2409 
9152 2580 2582 2581 
9153 2606 2608 2607 
9154 2905 2907 2906 
9155 3001 3003 3002 
9156 3310 6618 3022 
9157 3246 6182 5472 
9158 5023 5774 3366 
9159 3376 3726 3378 
9160 3385 3578 3383 
9161 4424 4426 4423 
9162 4486 4488 4487 
9163 6229 6323 5032 
9164 5104 5105 5103 
9165 5156 5157 5155 
9166 5210 5213 5211 
9167 5631 5635 5633 
9168 567 932 565 
9169 616 618 617 
9170 750 751 749 
9171 826 828 827 
9172 1035 6109 1303 
9173 1123 1321 1121 
9174 1185 1261 1186 
9175 1311 1312 1287 
9176 1337 4249 1314 
9177 1408 1410 1409 
9178 1450 5887 1452 
9179 1452 1713 1454 
9180 1458 1714 1460 
9181 1524 1526 1525 
9182 1528 1529 1527 
9183 1670 1671 1665 
9184 1696 1697 1695 
9185 1757 1771 1739 
9186 1844 2366 1842 
9187 1877 2251 1879 
9188 2023 2024 2022 
9189 3051 5986 2517 
9190 2578 2580 2579 
9191 2614 2616 2615 
9192 2626 2627 2625 
9193 2753 3108 2754 
9194 3162 5926 2904 
9195 3446 5839 3743 
9196 3460 3461 3459 
9197 4337 4338 3805 
9198 4314 4321 4315 
9199 4602 4662 4599 
9200 4984 4986 4985 
9201 5120 5123 5122 
9202 5125 5127 5126 
9203 5131 5134 5133 
9204 5145 5146 5144 
9205 5338 5340 5337 
9206 5338 6127 5342 
9207 5743 5749 5745 
9208 197 467 196 
9209 919 6300 3335 
9210 953 1185 952 
9211 1594 1595 1341 
9212 1475 5724 1473 
9213 1611 1738 1737 
9214 1755 1794 1746 
9215 1777 6408 2160 
9216 5026 5028 2120 
9217 2988 6317 2379 
9218 2444 2446 2445 
9219 2450 2452 2451 
9220 2558 2559 2557 
9221 2575 6391 2573 
9222 2648 2650 2649 
9223 2763 2765 2764 
9224 5420 5701 2857 
9225 2859 3266 2861 
9226 2866 2974 2864 
9227 2893 3250 2895 
9228 2978 4424 4423 
9229 3093 3293 3094 
9230 3608 6633 3096 
9231 5703 5968 3266 
9232 3290 3291 3289 
9233 3315 6455 4215 
9234 3317 3318 3316 
9235 3380 3728 3382 
9236 3388 3730 3390 
9237 3669 3896 3667 
9238 4500 4502 4501 
9239 4719 4720 4718 
9240 564 6525 3897 
9241 668 6132 670 
9242 705 5813 703 
9243 707 843 705 
9244 760 761 759 
9245 764 5385 766 
9246 2116 6176 768 
9247 814 815 813 
9248 870 6336 875 
9249 878 6161 2153 
9250 882 914 881 
9251 915 926 914 
9252 959 963 960 
9253 1189 1272 966 
9254 1040 1041 1039 
9255 1211 1215 1214 
9256 1211 2780 1215 
9257 1249 1269 1248 
9258 1261 1282 1262 
9259 1273 1313 1272 
9260 1281 1343 1342 
9261 1455 1633 1453 
9262 1457 5723 1455 
9263 1468 5793 1470 
9264 1522 1524 1523 
9265 1574 1583 1575 
9266 1576 1578 1577 
9267 1578 1580 1579 
9268 1628 5767 5766 
9269 6055 6067 1632 
9270 1695 4392 1692 
9271 1706 3127 2715 
9272 1859 1860 1858 
9273 1915 2261 1917 
9274 5589 7096 1919 
9275 1977 1978 1976 
9276 1981 1982 1980 
9277 1983 1984 1982 
9278 2552 5582 2554 
9279 2566 2567 2565 
9280 3234 5015 2659 
9281 3096 6633 2697 
9282 2955 6257 5323 
9283 3066 3179 3065 
9284 3201 3852 3851 
9285 3565 5791 3453 
9286 3466 3467 3465 
9287 3504 3506 3505 
9288 4428 4430 4427 
9289 4486 4491 4488 
9290 4640 4645 4642 
9291 5091 5092 5090 
9292 5147 5489 5150 
9293 5187 5189 5188 
9294 5192 5194 5193 
9295 5903 6201 5906 
9296 654 656 655 
9297 765 839 763 
9298 856 859 855 
9299 931 937 936 
9300 965 966 953 
9301 1044 1045 1043 
9302 1206 3287 1208 
9303 1397 1642 1395 
9304 1491 5766 1489 
9305 2152 3056 1597 
9306 1823 1825 1824 
9307 1837 1839 1838 
9308 2168 2170 2169 
9309 2381 2786 2226 
9310 2317 2405 2318 
9311 2672 5996 2670 
9312 2741 2742 2740 
9313 5582 5583 2791 
9314 2797 3140 3139 
9315 2873 2874 2872 
9316 2891 6194 2893 
9317 2931 2932 2930 
9318 2953 2954 2952 
9319 3567 5788 3449 
9320 3749 5710 3472 
9321 3514 3516 3515 
9322 3722 4186 3721 
9323 4586 4589 4588 
9324 589 1792 587 
9325 694 6159 696 
9326 697 844 695 
9327 698 6196 700 
9328 702 5685 704 
9329 711 2113 709 
9330 748 2141 750 
9331 909 5553 798 
9332 860 870 861 
9333 1178 1244 1180 
9334 1440 6005 1442 
9335 1466 6008 1468 
9336 1750 6278 6164 
9337 1914 2358 1912 
9338 1933 1934 1932 
9339 1975 1976 1974 
9340 1982 6165 2336 
9341 2013 2014 2012 
9342 2184 2186 2185 
9343 2418 3798 3183 
9344 2826 2978 2824 
9345 2947 2949 2948 
9346 2965 4093 3724 
9347 3169 5317 5316 
9348 3329 3330 3324 
9349 3512 3513 3511 
9350 3530 3531 3529 
9351 3581 6295 5832 
9352 4468 4469 4467 
9353 4929 6691 5876 
9354 4943 4944 4942 
9355 5091 5646 5279 
9356 5217 5219 5218 
9357 5843 6116 5810 
9358 5844 5845 5843 
9359 448 6102 152 
9360 195 507 194 
9361 579 5307 2140 
9362 2165 3642 608 
9363 695 5858 693 
9364 790 2066 792 
9365 827 6075 2067 
9366 832 833 831 
9367 879 883 880 
9368 883 888 884 
9369 972 974 973 
9370 2077 5580 1157 
9371 1185 3119 1261 
9372 5554 6038 1456 
9373 1473 2083 1471 
9374 1472 5888 1474 
9375 1498 2100 1500 
9376 1542 1544 1543 
9377 1579 2125 1577 
9378 1630 5726 5725 
9379 1650 1662 1651 
9380 1856 6415 2335 
9381 2024 6181 2344 
9382 2160 2312 2161 
9383 2266 6217 5924 
9384 2329 2693 2300 
9385 2376 3036 2311 
9386 2430 4979 2432 
9387 2634 2635 2633 
9388 2835 2837 2836 
9389 3190 3942 3186 
9390 5617 5618 3233 
9391 3340 4300 3339 
9392 3438 3440 3439 
9393 3448 3450 3449 
9394 3743 5803 3448 
9395 3452 3454 3453 
9396 3744 5823 3452 
9397 3745 5824 3456 
9398 3597 4126 4125 
9399 4327 6912 4331 
9400 4383 6010 4382 
9401 4596 4597 4595 
9402 4600 4602 4599 
9403 5052 5054 5051 
9404 5077 5078 5075 
9405 5865 6134 5812 
9406 113 6094 490 
9407 664 5915 666 
9408 688 897 690 
9409 715 865 713 
9410 714 5875 716 
9411 773 5877 771 
9412 844 5859 5858 
9413 1269 2709 1248 
9414 5874 5880 1290 
9415 1336 1337 1314 
9416 1800 1801 1766 
9417 1935 1937 1936 
9418 2404 3112 2775 
9419 2431 2663 2429 
9420 2448 2450 2449 
9421 2660 2793 2658 
9422 2840 3168 2838 
9423 2886 6254 2884 
9424 2907 2909 2908 
9425 2933 3236 2935 
9426 2953 2955 2954 
9427 3157 5821 5820 
9428 3398 3400 3399 
9429 3458 3460 3459 
9430 3479 5486 3477 
9431 3482 3484 3483 
9432 3646 3647 3645 
9433 4137 4138 3700 
9434 4191 6115 4132 
9435 4688 4689 4686 
9436 5832 6295 4999 
9437 5827 5951 5825 
9438 6113 6130 5849 
9439 537 6178 82 
9440 595 598 597 
9441 974 975 973 
9442 1021 2154 1019 
9443 1154 1155 1153 
9444 1156 1157 1155 
9445 1359 1360 1358 
9446 6477 6478 1613 
9447 1786 1817 1816 
9448 2160 2161 1793 
9449 1929 5541 2277 
9450 1931 1932 1930 
9451 1935 1936 1934 
9452 2033 2035 2034 
9453 2381 2985 2786 
9454 2733 2736 2735 
9455 2817 2818 2816 
9456 2857 2858 2856 
9457 5016 5017 3285 
9458 3358 3360 3359 
9459 3385 5971 3578 
9460 3436 3438 3437 
9461 3444 3446 3445 
9462 3462 3464 3463 
9463 3485 6216 3557 
9464 3554 6199 3497 
9465 4449 5066 5065 
9466 4509 4510 4508 
9467 4511 4512 4510 
9468 4945 4947 4946 
9469 4952 4976 4951 
9470 984 986 985 
9471 1080 1233 1082 
9472 1114 1116 1115 
9473 1421 6269 1419 
9474 1480 6183 1482 
9475 1501 1627 1499 
9476 1503 5673 1501 
9477 1747 1756 1748 
9478 1876 2370 1874 
9479 1994 2403 1992 
9480 2105 5718 5717 
9481 2111 5591 5590 
9482 2254 2997 2253 
9483 2776 6510 2428 
9484 2591 3072 2589 
9485 2592 2770 2594 
9486 2745 4340 2747 
9487 2749 2962 2751 
9488 2804 2805 2802 
9489 3248 6050 2903 
9490 2951 2953 2952 
9491 2998 6263 2997 
9492 3006 3007 3005 
9493 5665 5666 3166 
9494 3739 5974 3434 
9495 3442 3444 3443 
9496 3741 5839 3444 
9497 4463 4465 4464 
9498 4649 4650 4648 
9499 5719 5721 5718 
9500 6093 6095 6094 
9501 883 884 880 
9502 888 889 884 
9503 939 941 940 
9504 1085 1325 1083 
9505 1118 1120 1119 
9506 1146 1148 1147 
9507 1324 5920 5386 
9508 1433 5982 5643 
9509 1436 1437 1435 
9510 1465 2118 1463 
9511 1508 1509 1507 
9512 1533 2114 1531 
9513 1585 1586 1584 
9514 1728 1729 1649 
9515 1773 1808 1774 
9516 1929 1930 1928 
9517 1937 1938 1936 
9518 2096 5966 5965 
9519 5386 5387 2129 
9520 2170 2174 2173 
9521 2254 3123 2998 
9522 2462 2464 2463 
9523 7334 7336 2774 
9524 2919 2921 2920 
9525 3007 3008 3005 
9526 3126 4343 4341 
9527 3363 3582 3361 
9528 3389 5997 3577 
9529 3573 5997 3391 
9530 3464 3466 3465 
9531 3468 3470 3469 
9532 3807 3995 3948 
9533 4343 6932 4341 
9534 4477 4478 4476 
9535 4515 4517 4514 
9536 4598 4600 4599 
9537 4654 4655 4653 
9538 4941 4942 4940 
9539 5219 5221 5220 
9540 5318 6540 5321 
9541 648 650 649 
9542 957 958 956 
9543 1102 2206 1104 
9544 1461 1632 1459 
9545 1468 1469 1467 
9546 1589 1648 1647 
9547 1879 1881 1880 
9548 1973 1974 1972 
9549 5479 6089 1981 
9550 2023 2025 2024 
9551 2865 3262 2867 
9552 2872 5989 2973 
9553 3165 5665 2892 
9554 3061 3062 3060 
9555 3368 3723 3370 
9556 3426 3428 3427 
9557 3430 3432 3431 
9558 4505 4506 4504 
9559 4507 4509 4508 
9560 5199 5200 5080 
9561 5088 5646 5091 
9562 5142 5144 5141 
9563 5160 5161 5159 
9564 568 570 569 
9565 678 896 680 
9566 680 5933 682 
9567 692 694 693 
9568 721 5935 719 
9569 853 857 854 
9570 4421 5358 944 
9571 1336 6253 5058 
9572 1708 5836 1406 
9573 1430 1656 1432 
9574 1927 5541 1929 
9575 1996 4992 1994 
9576 2594 2596 2595 
9577 2831 3333 2833 
9578 2899 2900 2898 
9579 2909 6182 3246 
9580 2925 2926 2924 
9581 3867 6347 3083 
9582 3433 6201 5903 
9583 3555 5909 5908 
9584 3643 3846 3644 
9585 4201 6783 3675 
9586 5086 5087 5085 
9587 5404 5405 5176 
9588 5859 6134 5865 
9589 640 642 641 
9590 642 644 643 
9591 725 5965 723 
9592 780 781 779 
9593 857 860 858 
9594 1683 1685 1684 
9595 1800 2397 2229 
9596 1851 1852 1850 
9597 1868 6029 2342 
9598 1927 1928 1926 
9599 6726 6878 2248 
9600 5504 5506 2722 
9601 2844 6366 3167 
9602 2927 5433 2929 
9603 2934 3155 2932 
9604 5470 6160 3245 
9605 3300 4916 4915 
9606 3410 3412 3411 
9607 3420 3422 3421 
9608 3545 6463 4849 
9609 4502 4504 4501 
9610 5173 5176 5175 
9611 5507 5508 5506 
9612 5770 5772 5771 
9613 5861 5862 5860 
9614 708 709 707 
9615 731 6589 729 
9616 737 2127 735 
9617 766 2116 768 
9618 782 783 781 
9619 2143 4768 811 
9620 814 816 815 
9621 818 820 819 
9622 2122 5294 820 
9623 1114 1115 1113 
9624 1404 1708 1406 
9625 1406 1407 1405 
9626 1412 1414 1413 
9627 1446 1447 1445 
9628 1492 1493 1491 
9629 1666 2773 1601 
9630 1602 1608 1604 
9631 1760 1810 1761 
9632 1925 5890 2276 
9633 2249 2995 2250 
9634 2410 3000 2411 
9635 2454 2455 2453 
9636 2667 2669 2668 
9637 2745 2747 2746 
9638 2850 6207 2848 
9639 2909 2911 2910 
9640 2963 4428 4427 
9641 3273 3274 3022 
9642 3118 6225 6206 
9643 3155 5675 5674 
9644 3217 6232 3908 
9645 3278 3958 3277 
9646 3406 3407 3405 
9647 3456 3457 3455 
9648 4449 5065 4447 
9649 4471 4683 4469 
9650 4481 4482 4480 
9651 4540 4543 4542 
9652 4582 4584 4583 
9653 4777 4810 4809 
9654 4939 4940 4938 
9655 5066 5067 5065 
9656 5081 5255 5078 
9657 5109 6190 5663 
9658 5175 5480 5178 
9659 5556 6038 5554 
9660 626 628 627 
9661 702 703 701 
9662 828 830 829 
9663 2109 6065 830 
9664 876 6161 878 
9665 1112 1237 1114 
9666 1140 1142 1141 
9667 5426 6269 1421 
9668 1701 6066 3598 
9669 1883 1885 1884 
9670 1993 1994 1992 
9671 2015 2017 2016 
9672 2460 2462 2461 
9673 2884 2971 2882 
9674 2908 5536 2906 
9675 3100 6431 6356 
9676 3474 3476 3475 
9677 3559 5825 3475 
9678 3476 3478 3477 
9679 3478 5401 3480 
9680 3970 3972 3628 
9681 4500 4501 4499 
9682 4609 4684 4606 
9683 4695 4697 4694 
9684 4896 4897 4894 
9685 4931 6440 5756 
9686 4943 4945 4944 
9687 4982 4984 4981 
9688 5134 5136 5135 
9689 5223 5225 5224 
9690 5826 5827 5825 
9691 619 1285 617 
9692 917 921 889 
9693 1254 5414 980 
9694 1117 1322 1115 
9695 1414 1416 1415 
9696 1452 5887 1713 
9697 1470 1716 1472 
9698 5793 5794 1716 
9699 2312 2642 2313 
9700 2608 2610 2609 
9701 2754 3132 2752 
9702 2898 3164 2896 
9703 2935 5616 2937 
9704 3502 3504 3503 
9705 4490 4493 4492 
9706 6217 6393 4939 
9707 5194 5197 5196 
9708 5540 5927 5926 
9709 6054 6056 6055 
9710 658 6149 5873 
9711 664 665 663 
9712 698 699 697 
9713 774 5866 2148 
9714 1272 5348 966 
9715 1068 1069 1067 
9716 1206 1207 1205 
9717 1340 1341 1339 
9718 1458 1459 1457 
9719 1768 1815 1814 
9720 1857 2264 1859 
9721 1871 1872 1870 
9722 1887 1889 1888 
9723 1893 1895 1894 
9724 1895 1897 1896 
9725 1907 1909 1908 
9726 1925 1926 1924 
9727 1993 6227 2278 
9728 2013 6158 2015 
9729 2113 5849 5848 
9730 2225 2228 2226 
9731 2395 2771 2396 
9732 2452 2454 2453 
9733 2474 3090 2476 
9734 2496 2497 2495 
9735 2612 4274 2614 
9736 2680 2681 2672 
9737 2688 2690 2689 
9738 2749 2751 2750 
9739 2815 2817 2816 
9740 2947 3230 2949 
9741 5067 5838 3039 
9742 3079 6722 4164 
9743 3366 3367 3365 
9744 3376 3377 3375 
9745 4999 6295 3580 
9746 3663 3888 3699 
9747 4483 4485 4482 
9748 4558 4560 4557 
9749 4975 6433 6284 
9750 5084 5085 5083 
9751 5197 5273 5196 
9752 5844 5846 5845 
9753 664 5916 5915 
9754 690 691 689 
9755 742 6025 744 
9756 844 6134 5859 
9757 1008 1009 1007 
9758 1108 1109 1107 
9759 5639 5640 1289 
9760 1408 1409 1407 
9761 1779 1780 1778 
9762 2266 5924 1873 
9763 1941 1942 1940 
9764 2005 2006 2004 
9765 2009 2295 2011 
9766 3131 3171 2382 
9767 2484 2485 2483 
9768 2573 3058 2571 
9769 2646 2647 2645 
9770 2736 3135 2735 
9771 2765 2767 2766 
9772 2801 2802 2790 
9773 2819 2821 2820 
9774 2921 6230 3239 
9775 2929 3237 2931 
9776 2943 2945 2944 
9777 2947 6327 3230 
9778 2965 3724 3710 
9779 3098 4904 4903 
9780 3152 5572 5571 
9781 5616 5617 3233 
9782 5329 5330 3297 
9783 3561 6201 3435 
9784 3467 3560 3465 
9785 3492 3758 3494 
9786 5158 5160 5159 
9787 5194 5196 5195 
9788 628 629 627 
9789 865 6243 6113 
9790 931 2402 937 
9791 1131 6128 1320 
9792 1550 1724 1552 
9793 1995 1996 1994 
9794 2469 6307 2641 
9795 2506 2507 2505 
9796 2738 3285 2798 
9797 2825 2827 2826 
9798 2831 2832 2830 
9799 2879 2880 2878 
9800 5398 6069 2881 
9801 2891 2893 2892 
9802 3044 4920 4919 
9803 3345 3587 3343 
9804 3428 3430 3429 
9805 3470 5912 3749 
9806 3609 3611 3610 
9807 3797 3940 3795 
9808 4166 4167 3890 
9809 4493 4494 4492 
9810 4777 4809 4775 
9811 4812 4813 4811 
9812 4894 4895 4893 
9813 4920 4922 4921 
9814 5152 5154 5153 
9815 5169 5589 5588 
9816 5860 5874 5858 
9817 656 6149 658 
9818 724 726 725 
9819 732 734 733 
9820 1188 4440 964 
9821 1152 1154 1153 
9822 1170 1171 1169 
9823 1617 1618 1337 
9824 1396 1398 1397 
9825 1647 1649 1592 
9826 1905 1907 1906 
9827 2165 6797 3642 
9828 2505 5800 3049 
9829 2520 5892 3111 
9830 2961 6677 2681 
9831 2738 2739 2691 
9832 2778 4686 4685 
9833 2857 5701 2859 
9834 2897 3249 2899 
9835 2943 6123 3232 
9836 3204 3807 3206 
9837 3553 6216 3487 
9838 5789 5790 3569 
9839 4556 4558 4557 
9840 4949 4951 4950 
9841 5140 5141 5139 
9842 5909 5910 5908 
9843 115 6093 114 
9844 618 619 617 
9845 622 623 621 
9846 670 671 669 
9847 685 6235 845 
9848 718 719 717 
9849 841 5991 739 
9850 770 771 769 
9851 802 6360 804 
9852 877 5529 871 
9853 955 2727 962 
9854 986 988 987 
9855 1022 1024 1023 
9856 1077 6162 1302 
9857 1106 1236 1108 
9858 1251 2166 2059 
9859 1279 1280 1265 
9860 1386 1388 1387 
9861 2101 5994 1487 
9862 1791 1806 1805 
9863 2015 2285 2017 
9864 2220 2221 2219 
9865 2518 2519 2517 
9866 2598 2599 2597 
9867 2600 2601 2599 
9868 2604 2605 2603 
9869 4981 6497 2756 
9870 2796 4926 4925 
9871 2827 2829 2828 
9872 3266 5968 2861 
9873 2955 5323 2957 
9874 3227 3228 2959 
9875 3089 4855 4854 
9876 3346 3347 3345 
9877 3382 3383 3381 
9878 3578 6212 3383 
9879 3384 5931 3729 
9880 3411 3572 3409 
9881 3412 3414 3413 
9882 3414 3736 3416 
9883 3450 3744 3452 
9884 3524 3525 3523 
9885 3536 3537 3535 
9886 5904 5905 3564 
9887 3618 3695 3619 
9888 4451 6632 4454 
9889 4656 4658 4657 
9890 4725 4938 4937 
9891 4824 4825 4823 
9892 4855 4857 4856 
9893 5202 5203 5201 
9894 670 6132 895 
9895 684 685 683 
9896 693 5874 691 
9897 2207 6107 1094 
9898 1212 1217 1216 
9899 1474 1476 1475 
9900 1478 1480 1479 
9901 1765 1766 1749 
9902 1847 1848 1846 
9903 2029 2031 2030 
9904 2478 2480 2479 
9905 3091 6137 2480 
9906 2482 2484 2483 
9907 2524 6373 3114 
9908 2532 5949 5948 
9909 2606 2607 2605 
9910 2822 4990 2820 
9911 2983 3783 3776 
9912 3010 3011 3009 
9913 3044 4919 4917 
9914 3302 3649 3138 
9915 5016 5019 5017 
9916 5082 5083 5081 
9917 5140 5465 5143 
9918 5361 6125 5359 
9919 5387 5391 5389 
9920 5859 5861 5860 
9921 678 6139 896 
9922 750 6151 752 
9923 924 6108 922 
9924 927 938 933 
9925 1017 1331 1015 
9926 1018 6332 1226 
9927 1044 1229 1046 
9928 1062 1063 1061 
9929 1080 1081 1079 
9930 1350 1772 1352 
9931 1353 1356 1351 
9932 1373 4412 1646 
9933 1562 1563 1561 
9934 1568 1569 1567 
9935 1744 1745 1660 
9936 1921 1922 1920 
9937 2035 2036 2034 
9938 5388 5958 2129 
9939 2221 4737 2415 
9940 2222 2224 2223 
9941 2284 2413 2283 
9942 2294 2349 2348 
9943 3069 3070 2398 
9944 2441 3038 2439 
9945 2479 6283 2477 
9946 2526 2527 2525 
9947 2544 2545 2543 
9948 2618 3082 2620 
9949 2734 4808 2732 
9950 2743 2744 2742 
9951 2863 5731 2865 
9952 2902 5926 3163 
9953 3229 6257 2953 
9954 3190 4102 3943 
9955 3487 6216 3485 
9956 3615 3636 3616 
9957 3939 3987 3938 
9958 4361 6560 4356 
9959 5162 5871 5164 
9960 5164 5165 5163 
9961 5667 6241 5668 
9962 5720 5936 5717 
9963 903 6037 746 
9964 6004 6127 1057 
9965 1414 1415 1413 
9966 1550 1552 1551 
9967 6053 6054 1632 
9968 2695 3103 2348 
9969 3204 3206 2413 
9970 3042 6501 2461 
9971 2476 2478 2477 
9972 2622 2624 2623 
9973 2817 2819 2818 
9974 2937 3233 2939 
9975 2959 2960 2958 
9976 4434 4435 4433 
9977 5221 5223 5222 
9978 130 6096 433 
9979 682 2069 684 
9980 833 6140 831 
9981 879 880 873 
9982 1128 2367 1130 
9983 1156 1243 1158 
9984 1632 6067 1459 
9985 1567 1613 1565 
9986 1987 2292 1989 
9987 2733 2735 2734 
9988 2766 2983 2768 
9989 2813 3596 2815 
9990 3133 3703 3132 
9991 3643 3644 3291 
9992 3968 3969 3310 
9993 5406 6821 6485 
9994 2089 6159 694 
9995 898 6196 698 
9996 2113 5847 709 
9997 710 712 711 
9998 732 733 731 
9999 955 962 961 
10000 1026 1027 1025 
10001 1086 1087 1085 
10002 1094 1095 1093 
10003 1131 1320 1129 
10004 1605 1606 1342 
10005 1418 1420 1419 
10006 2131 6266 1436 
10007 1550 6258 1724 
10008 1647 1728 1649 
10009 1800 2229 1801 
10010 2019 2296 2021 
10011 2218 2219 2217 
10012 2424 2425 2423 
10013 2796 4925 2568 
10014 2600 3089 2602 
10015 3320 3321 3318 
10016 3530 3532 3531 
10017 4131 4133 4132 
10018 4547 4548 4546 
10019 4629 4631 4628 
10020 5549 6270 5082 
10021 6206 6225 5692 
10022 200 5833 496 
10023 6104 6105 408 
10024 644 646 645 
10025 646 648 647 
10026 658 5873 660 
10027 676 6139 678 
10028 688 690 689 
10029 726 727 725 
10030 872 6879 2708 
10031 1161 5763 1159 
10032 1641 6273 1401 
10033 1482 1484 1483 
10034 1711 6266 6007 
10035 1877 1878 1876 
10036 1985 1987 1986 
10037 2448 2730 2450 
10038 2829 2831 2830 
10039 2877 3255 2879 
10040 3252 6194 2891 
10041 3193 4235 4234 
10042 3295 4217 4180 
10043 3362 3364 3363 
10044 3542 3552 3543 
10045 3936 3937 3926 
10046 4589 4594 4591 
10047 4812 4814 4813 
10048 5166 5168 5167 
10049 740 741 739 
10050 1070 1072 1071 
10051 1101 5956 1099 
10052 1108 1110 1109 
10053 1219 6150 6149 
10054 1249 6302 2050 
10055 1253 1265 1252 
10056 1271 6378 2071 
10057 1464 1466 1465 
10058 6186 6834 1710 
10059 1950 5713 2347 
10060 2061 2384 2383 
10061 2233 6483 2375 
10062 3590 3591 2378 
10063 2572 5895 2795 
10064 2590 2592 2591 
10065 2854 6175 2976 
10066 2971 5558 2882 
10067 2930 3156 2928 
10068 2941 6123 2943 
10069 3063 3065 3064 
10070 3399 3576 3397 
10071 3756 6785 3757 
10072 4529 4532 4531 
10073 4538 4539 4537 
10074 5203 5280 5201 
10075 638 640 639 
10076 1359 1361 1360 
10077 1486 1488 1487 
10078 1560 1562 1561 
10079 1960 5729 2343 
10080 2076 6348 6219 
10081 2221 2243 2219 
10082 2468 2470 2469 
10083 3045 6283 2479 
10084 2831 6586 3333 
10085 5319 5320 2981 
10086 3095 3606 3096 
10087 3300 4915 4914 
10088 3372 3725 3374 
10089 5859 5860 5858 
10090 9 6381 8 
10091 686 688 687 
10092 1454 1456 1455 
10093 2139 6009 1495 
10094 1528 1530 1529 
10095 1532 1534 1533 
10096 1685 1688 1687 
10097 1728 2225 1776 
10098 1765 2053 1799 
10099 1963 1964 1962 
10100 1984 6165 1982 
10101 2037 6242 2289 
10102 2290 3025 2291 
10103 2405 2422 2318 
10104 2385 2386 2384 
10105 2404 3113 3112 
10106 2628 2630 2629 
10107 2684 2685 2683 
10108 2971 5560 5559 
10109 3058 5751 5750 
10110 3372 6294 3725 
10111 3729 6040 3386 
10112 3414 6155 3736 
10113 4747 4748 4284 
10114 4453 6297 4792 
10115 4622 4624 4621 
10116 4634 4636 4635 
10117 4805 6489 6306 
10118 5091 5279 5093 
10119 5103 5238 5101 
10120 5654 5989 5521 
10121 941 4210 1753 
10122 982 983 981 
10123 1074 1076 1075 
10124 1106 1108 1107 
10125 1504 1506 1505 
10126 1584 6418 1575 
10127 6122 6714 2125 
10128 2126 6183 5741 
10129 2675 4192 2420 
10130 2690 2738 2691 
10131 2731 5600 5569 
10132 2889 3252 2891 
10133 3003 3005 3004 
10134 3152 5571 5570 
10135 4129 4130 3878 
10136 4448 4449 4447 
10137 4477 4479 4478 
10138 5863 6428 5864 
10139 561 562 560 
10140 632 5301 634 
10141 804 805 803 
10142 2777 6140 833 
10143 1038 1039 1037 
10144 1279 1345 1281 
10145 1385 1644 1383 
10146 1407 5852 2064 
10147 1517 6027 1515 
10148 1607 1735 1605 
10149 1666 3825 2773 
10150 2210 6520 1730 
10151 1859 1861 1860 
10152 3093 3094 2360 
10153 2704 2706 2705 
10154 2881 2883 2882 
10155 2889 2891 2890 
10156 3246 5468 2911 
10157 2939 6166 2941 
10158 3093 3295 3293 
10159 3325 3329 3324 
10160 4995 4998 3580 
10161 4164 4222 4163 
10162 4748 4749 4284 
10163 4651 4654 4653 
10164 4814 4816 4815 
10165 5113 5115 5112 
10166 5118 5120 5119 
10167 5168 5171 5170 
10168 5885 6475 5886 
10169 114 6094 113 
10170 622 1194 624 
10171 963 1187 964 
10172 1515 1625 1513 
10173 3056 3599 1597 
10174 2225 2226 1776 
10175 1841 1842 1840 
10176 1959 5737 2286 
10177 2937 2939 2938 
10178 3440 6179 3442 
10179 3784 3912 3778 
10180 4343 6464 5436 
10181 776 6221 778 
10182 1496 1498 1497 
10183 2466 2468 2467 
10184 2762 3594 2760 
10185 2986 3314 2768 
10186 2883 2885 2884 
10187 2969 3752 3151 
10188 5139 5234 5137 
10189 5347 6749 6631 
10190 752 6151 904 
10191 813 6133 2143 
10192 958 2800 956 
10193 1169 5568 1167 
10194 1590 1591 1308 
10195 1663 1669 1665 
10196 1829 1831 1830 
10197 1853 1855 1854 
10198 2043 2044 2042 
10199 2175 2205 2177 
10200 2387 3650 2241 
10201 2570 5895 2572 
10202 3011 3013 3012 
10203 3418 5645 3420 
10204 3536 3538 3537 
10205 3579 6212 4997 
10206 4046 4049 4045 
10207 4466 4468 4467 
10208 4657 4680 4655 
10209 5116 5117 5115 
10210 5393 6732 6691 
10211 6093 6094 114 
10212 738 740 739 
10213 891 5300 5299 
10214 1296 1587 1295 
10215 1825 1827 1826 
10216 1889 1890 1888 
10217 2494 6428 2496 
10218 2627 3141 2625 
10219 2667 2668 2662 
10220 3033 3208 3080 
10221 3056 3685 3599 
10222 3196 3951 3791 
10223 3510 3511 3509 
10224 3518 3763 3520 
10225 3773 3774 3543 
10226 3922 3925 3924 
10227 4379 4387 4377 
10228 6535 6536 6111 
10229 760 5953 762 
10230 2708 4409 879 
10231 921 6291 889 
10232 917 924 922 
10233 976 977 975 
10234 1086 1088 1087 
10235 1193 6755 5295 
10236 1195 1197 1196 
10237 1197 1199 1198 
10238 1402 6352 1404 
10239 1523 1624 1521 
10240 1582 1597 1596 
10241 1696 1730 1697 
10242 1808 2380 2379 
10243 1839 6435 2258 
10244 1897 1898 1896 
10245 1980 6508 1978 
10246 2699 2700 2391 
10247 2503 5531 2501 
10248 2698 3311 2695 
10249 2720 2740 2718 
10250 5429 5430 3238 
10251 3406 3408 3407 
10252 3514 3515 3513 
10253 4757 7017 4115 
10254 4470 4471 4469 
10255 4531 4674 4528 
10256 5537 5539 5536 
10257 689 6184 687 
10258 740 742 741 
10259 1160 1162 1161 
10260 1192 1252 1251 
10261 1736 1762 1735 
10262 1786 1818 1817 
10263 2002 6012 2000 
10264 2033 4933 2035 
10265 2146 5376 2145 
10266 2193 2194 2190 
10267 3366 3368 3367 
10268 3540 3542 3541 
10269 3848 4142 3849 
10270 4618 4620 4619 
10271 5154 5156 5155 
10272 815 6133 813 
10273 1160 6807 6593 
10274 1357 1358 1355 
10275 1361 1362 1360 
10276 1370 1371 1369 
10277 1851 1853 1852 
10278 3074 3605 2046 
10279 2996 3694 2250 
10280 4925 5895 2570 
10281 3866 3867 3083 
10282 3378 5548 3380 
10283 4466 6424 6015 
10284 4472 4474 4471 
10285 5171 5172 5170 
10286 746 748 747 
10287 887 6336 2133 
10288 1265 1266 1252 
10289 1610 6418 1584 
10290 1821 1822 1819 
10291 1823 1824 1822 
10292 2400 3289 2051 
10293 2167 3595 2059 
10294 2293 3874 3016 
10295 2984 2988 2379 
10296 2837 2839 2838 
10297 4384 5384 3016 
10298 3358 3359 3357 
10299 3593 6624 3910 
10300 4651 4653 4650 
10301 5551 5552 5132 
10302 5134 5277 5136 
10303 5320 6404 6403 
10304 5503 6358 5505 
10305 687 6235 685 
10306 5590 6243 865 
10307 1515 6027 1625 
10308 2051 5922 1774 
10309 1820 2254 2253 
10310 1903 2257 1905 
10311 2254 2998 2997 
10312 2648 2649 2647 
10313 2789 2790 2788 
10314 2851 2853 2852 
10315 3017 3810 3808 
10316 6926 6955 3199 
10317 4098 4099 3774 
10318 3971 4067 3998 
10319 4593 4596 4595 
10320 4806 5008 4805 
10321 5175 5177 5174 
10322 5187 5188 5186 
10323 31 6034 409 
10324 659 5707 657 
10325 698 700 699 
10326 2132 5685 702 
10327 1372 1374 1373 
10328 1747 1748 1668 
10329 1791 4324 1806 
10330 2007 2009 2008 
10331 4933 6242 2035 
10332 2236 3772 2072 
10333 2170 2173 2171 
10334 3034 3181 3035 
10335 3123 3635 3124 
10336 4393 4394 3134 
10337 3356 3357 3355 
10338 3435 6201 3433 
10339 4511 4513 4512 
10340 4549 4551 4550 
10341 6524 6708 4711 
10342 178 508 177 
10343 897 5857 690 
10344 694 696 695 
10345 844 5858 695 
10346 963 964 960 
10347 1321 5783 1121 
10348 1274 1310 1286 
10349 3038 6461 2439 
10350 2815 2816 2814 
10351 3148 3756 3755 
10352 5710 6214 3474 
10353 4515 4518 4517 
10354 5675 5902 5674 
10355 5744 6447 6274 
10356 184 5999 435 
10357 714 716 715 
10358 840 6180 751 
10359 770 772 771 
10360 6631 6749 1643 
10361 1831 2245 1833 
10362 1869 1871 1870 
10363 3104 6305 2504 
10364 2647 3122 2645 
10365 2823 2824 2822 
10366 2885 6340 2887 
10367 3536 3768 3538 
10368 3856 3949 3855 
10369 4886 4887 4885 
10370 5811 5812 5809 
10371 182 6036 511 
10372 5526 5527 536 
10373 856 862 859 
10374 1398 1400 1399 
10375 1802 1807 1771 
10376 2234 2236 2072 
10377 2182 2184 2183 
10378 2242 2320 2319 
10379 2852 5896 2850 
10380 3044 6283 4920 
10381 3742 3770 3150 
10382 3416 6167 3418 
10383 4415 4417 4416 
10384 5179 5230 5177 
10385 5206 5208 5207 
10386 5355 6195 5356 
10387 2111 5590 717 
10388 2102 5934 718 
10389 2421 2677 2676 
10390 2717 2797 2719 
10391 2742 3865 2740 
10392 2867 2869 2868 
10393 2942 6013 2940 
10394 5715 6208 2970 
10395 3041 4870 4868 
10396 3041 4871 4870 
10397 3043 6359 6307 
10398 3327 3778 3328 
10399 3396 6234 3732 
10400 3602 3786 3782 
10401 4056 4057 4055 
10402 1064 1066 1065 
10403 1286 1311 1287 
10404 1432 1434 1433 
10405 1636 5982 1435 
10406 1508 1510 1509 
10407 1659 1660 1588 
10408 1872 2368 1870 
10409 2005 2007 2006 
10410 2195 2196 2194 
10411 2875 2877 2876 
10412 2910 6154 3161 
10413 3460 6189 3462 
10414 4945 4975 4947 
10415 5278 5550 5125 
10416 768 770 769 
10417 996 997 995 
10418 1436 1438 1437 
10419 1847 1849 1848 
10420 2369 6165 1984 
10421 2293 3016 2294 
10422 2397 3069 2398 
10423 2491 6198 2654 
10424 2688 3841 2690 
10425 2798 2967 2799 
10426 2995 6608 2996 
10427 3058 5750 5742 
10428 5434 5435 3237 
10429 3268 4155 3838 
10430 5514 5515 4452 
10431 4570 4572 4571 
10432 896 5933 680 
10433 842 5935 721 
10434 2134 6162 1079 
10435 1208 1212 1209 
10436 1711 6005 1440 
10437 1663 1664 1651 
10438 1663 1665 1664 
10439 1909 1911 1910 
10440 1961 5700 1963 
10441 2013 2015 2014 
10442 2747 2748 2746 
10443 2808 2811 2809 
10444 3319 3320 3318 
10445 3380 5548 3728 
10446 3683 3684 3682 
10447 4358 4363 4357 
10448 4627 4629 4628 
10449 5494 5495 5493 
10450 193 451 192 
10451 2096 5965 725 
10452 2076 6219 769 
10453 943 944 935 
10454 1135 6136 2135 
10455 5924 5925 1875 
10456 1983 2275 1985 
10457 2315 3059 2314 
10458 2421 2675 2420 
10459 2733 2734 2732 
10460 5618 6166 3233 
10461 3392 3394 3393 
10462 4654 4656 4655 
10463 4774 4778 4776 
10464 4951 4953 4950 
10465 6325 6335 5821 
10466 559 3727 561 
10467 720 722 721 
10468 722 724 723 
10469 734 736 735 
10470 796 798 797 
10471 988 990 989 
10472 1104 1106 1105 
10473 2204 2299 2203 
10474 2492 2725 2494 
10475 5896 6207 2850 
10476 3522 3524 3523 
10477 3637 3700 3638 
10478 4522 4525 4524 
10479 4693 6751 5621 
10480 5209 5212 5207 
10481 766 768 767 
10482 963 1245 1187 
10483 1080 1082 1081 
10484 2206 5594 1104 
10485 1201 1203 1202 
10486 1777 1793 1737 
10487 6551 6744 1818 
10488 2556 6049 2558 
10489 2790 2982 2788 
10490 2832 3170 2830 
10491 3700 3895 3638 
10492 4134 5293 5292 
10493 4456 4457 4455 
10494 4822 4823 4821 
10495 5085 5240 5083 
10496 1082 1084 1083 
10497 1246 1247 1188 
10498 2956 6377 2966 
10499 3322 3326 3321 
10500 3612 3615 3614 
10501 4591 4593 4592 
10502 764 766 765 
10503 964 1306 960 
10504 1016 6332 1018 
10505 1090 1092 1091 
10506 1125 5992 1123 
10507 1319 6136 1137 
10508 1194 5012 5011 
10509 1795 1796 1762 
10510 1845 2246 1847 
10511 3190 3943 3942 
10512 4307 4327 4326 
10513 4451 4454 4453 
10514 4603 4605 4604 
10515 742 744 743 
10516 744 746 745 
10517 842 6567 6400 
10518 1058 1060 1059 
10519 1098 1100 1099 
10520 2044 2046 2042 
10521 3020 3814 3021 
10522 3250 6194 5546 
10523 3726 5548 3378 
10524 3481 6215 3558 
10525 3876 6803 6441 
10526 4624 4712 4621 
10527 4913 6725 6490 
10528 5411 6406 5396 
10529 176 454 175 
10530 1025 1304 1023 
10531 1846 4266 1844 
10532 2315 3060 3059 
10533 2856 6175 2854 
10534 5359 6125 2875 
10535 4254 4255 3178 
10536 5987 6519 3248 
10537 4376 4716 4715 
10538 4614 4616 4615 
10539 840 6674 6180 
10540 986 987 985 
10541 1182 1184 1183 
10542 2189 2240 2179 
10543 2233 2311 2310 
10544 2235 2378 2377 
10545 2522 6373 2524 
10546 2624 2626 2625 
10547 3255 5398 2879 
10548 3111 6596 6373 
10549 3192 4257 4256 
10550 3196 3952 3951 
10551 3777 4400 3319 
10552 3323 3327 3325 
10553 1435 5982 1433 
10554 2299 2301 2203 
10555 2235 3590 2378 
10556 3001 3002 2411 
10557 2428 2430 2429 
10558 2447 6330 2445 
10559 2554 2556 2555 
10560 2616 2617 2615 
10561 5583 6114 2791 
10562 2875 6125 2877 
10563 3024 3623 3622 
10564 3115 6436 5949 
10565 3137 3301 3138 
10566 3327 3328 3325 
10567 3695 6797 6751 
10568 3856 3997 3949 
10569 415 6093 115 
10570 180 446 179 
10571 600 5756 2757 
10572 760 762 761 
10573 950 6469 949 
10574 2052 2400 2051 
10575 2722 5891 2472 
10576 3048 6171 2499 
10577 2682 2684 2683 
10578 2972 5518 2876 
10579 3217 3908 3218 
10580 3590 6378 6240 
10581 3659 3661 3660 
10582 3797 4136 3941 
10583 5691 6245 5694 
10584 904 5491 754 
10585 998 1256 1000 
10586 1685 1687 1686 
10587 2600 2602 2601 
10588 3086 4773 2609 
10589 2618 2619 2617 
10590 2693 3273 3022 
10591 2762 3870 3594 
10592 2762 6365 3870 
10593 2853 2855 2854 
10594 3575 6380 3401 
10595 3582 6430 4844 
10596 3793 3794 3792 
10597 6391 6409 5751 
10598 123 5696 122 
10599 174 509 173 
10600 867 5307 581 
10601 1357 1359 1358 
10602 1713 5554 1454 
10603 1706 2714 1603 
10604 1781 1791 1783 
10605 1870 6029 1868 
10606 2187 2191 2188 
10607 2334 4247 2712 
10608 3088 5624 2606 
10609 3825 4127 2773 
10610 2972 6200 5520 
10611 3350 3708 3352 
10612 3658 6753 3659 
10613 3786 3915 3782 
10614 5082 6270 5084 
10615 5506 5930 5891 
10616 646 6204 648 
10617 1434 1436 1435 
10618 1456 1458 1457 
10619 2425 3821 2423 
10620 3111 6373 2522 
10621 2664 6085 2539 
10622 2686 2688 2687 
10623 3017 3018 2698 
10624 6328 6329 2994 
10625 3177 3188 3187 
10626 4160 6896 6747 
10627 4281 4747 4282 
10628 4355 4357 4353 
10629 4844 6430 6195 
10630 5109 5111 5110 
10631 5210 5211 5209 
10632 999 6301 997 
10633 1891 1893 1892 
10634 2390 3185 2992 
10635 3386 3388 3387 
10636 4563 4565 4564 
10637 4696 4699 4695 
10638 5966 6567 5965 
10639 433 6341 129 
10640 1219 6149 656 
10641 794 796 795 
10642 1008 1010 1009 
10643 1531 6168 1529 
10644 1692 2208 1690 
10645 2191 2241 2192 
10646 2782 2968 2407 
10647 2869 2871 2870 
10648 3703 3704 3132 
10649 3188 3231 3189 
10650 3231 3836 3835 
10651 3388 3390 3389 
10652 4281 4282 4280 
10653 5197 6816 5273 
10654 5213 5215 5214 
10655 5897 5898 5896 
10656 1062 1064 1063 
10657 1382 1383 1381 
10658 1839 1841 1840 
10659 1873 1875 1874 
10660 1899 1901 1900 
10661 3120 6224 5003 
10662 3676 3678 3677 
10663 5366 6686 5365 
10664 1712 5497 1448 
10665 1933 6153 2279 
10666 2039 2041 2040 
10667 2880 6200 2878 
10668 3066 3881 3180 
10669 3668 3828 3670 
10670 3672 3675 3674 
10671 3679 3681 3680 
10672 6783 6859 3679 
10673 4329 4330 4328 
10674 4640 4642 4641 
10675 5411 6674 6406 
10676 575 6226 885 
10677 728 730 729 
10678 822 823 821 
10679 1732 1759 1734 
10680 4788 6873 2230 
10681 2791 6114 6049 
10682 3156 6325 2928 
10683 3203 3816 3202 
10684 4307 4325 4304 
10685 5208 5209 5207 
10686 1741 6450 873 
10687 1650 1651 1591 
10688 1752 1786 1785 
10689 1827 1829 1828 
10690 2804 2806 2805 
10691 2861 5968 2863 
10692 3128 4379 4377 
10693 3309 3889 3308 
10694 3344 6452 3702 
10695 4475 4477 4476 
10696 5360 5361 5359 
10697 6410 6463 5377 
10698 798 800 799 
10699 991 4770 989 
10700 1594 1666 1601 
10701 2834 5315 2832 
10702 5666 5667 3166 
10703 3810 3965 3808 
10704 4149 4305 4304 
10705 4460 4462 4461 
10706 1506 1508 1507 
10707 1610 6488 6418 
10708 1991 6227 1993 
10709 3000 3001 2411 
10710 3377 3580 3375 
10711 4605 4607 4606 
10712 928 934 929 
10713 1654 5027 5026 
10714 1877 1879 1878 
10715 2539 6085 2537 
10716 2650 3824 2652 
10717 2789 2801 2790 
10718 2977 6366 2846 
10719 2878 6200 2972 
10720 3239 5431 5428 
10721 6765 6792 3641 
10722 4596 4598 4597 
10723 5559 6081 5558 
10724 975 6342 973 
10725 1864 6529 1862 
10726 2659 2660 2658 
10727 5674 5902 3156 
10728 3758 6255 3494 
10729 3865 6595 6594 
10730 4585 6509 4583 
10731 5145 5147 5146 
10732 1054 1056 1055 
10733 1284 1703 1278 
10734 1376 1378 1377 
10735 2251 4717 1879 
10736 2655 6170 2495 
10737 2556 2558 2557 
10738 5371 6290 2584 
10739 3316 6446 6365 
10740 5136 5138 5137 
10741 5499 6655 5887 
10742 5945 5947 5946 
10743 6345 6656 6346 
10744 131 6096 130 
10745 2893 6194 3250 
10746 3011 3014 3013 
10747 3854 6716 3018 
10748 3086 6437 4773 
10749 3392 3731 3394 
10750 3712 4781 4780 
10751 4205 4690 4122 
10752 561 563 562 
10753 2136 6109 1037 
10754 1192 1253 1252 
10755 1343 1605 1342 
10756 1442 1444 1443 
10757 2117 5670 1444 
10758 1990 6205 2157 
10759 2544 6206 2546 
10760 3913 6713 2987 
10761 3646 3843 3647 
10762 5104 5106 5105 
10763 5337 5339 5336 
10764 2787 4273 2789 
10765 3282 6828 3002 
10766 4689 6704 6565 
10767 872 2708 879 
10768 1823 6247 1825 
10769 1975 1977 1976 
10770 2783 3687 2353 
10771 2717 2718 2716 
10772 2853 3270 2855 
10773 3233 6166 2939 
10774 3150 6377 2958 
10775 2975 6237 5053 
10776 3271 4159 3269 
10777 3337 4734 4733 
10778 3654 3656 3655 
10779 4257 4259 4258 
10780 4266 5938 4268 
10781 4871 4873 4872 
10782 639 6192 637 
10783 1040 1042 1041 
10784 1250 1276 1213 
10785 5640 6361 1289 
10786 1529 6168 1623 
10787 2031 6293 2302 
10788 2299 6618 3023 
10789 3237 5988 2931 
10790 3633 3719 3070 
10791 4188 7016 7004 
10792 4520 4522 4521 
10793 5547 6652 851 
10794 1009 1332 1007 
10795 1331 5678 1015 
10796 1440 1442 1441 
10797 1728 1776 1729 
10798 2677 2678 2676 
10799 3804 3975 3207 
10800 5469 5470 3245 
10801 3350 3351 3349 
10802 3718 5023 3364 
10803 4457 4458 4455 
10804 5004 6652 5547 
10805 5293 6707 5292 
10806 934 935 929 
10807 1744 1775 1773 
10808 2166 2167 2059 
10809 5041 6192 2115 
10810 2596 6306 3102 
10811 2703 3267 2704 
10812 6700 6824 2804 
10813 2828 6299 6298 
10814 3168 5869 2838 
10815 4399 6899 6861 
10816 4463 6424 4466 
10817 4882 6285 4884 
10818 699 5842 697 
10819 772 5866 774 
10820 1010 1012 1011 
10821 1201 6249 6248 
10822 2230 3876 1801 
10823 2817 5347 2819 
10824 2898 6229 3164 
10825 6832 6911 3785 
10826 2186 2334 2185 
10827 2488 6475 2490 
10828 3335 6941 6935 
10829 559 560 558 
10830 625 6279 849 
10831 864 6570 5947 
10832 1193 6496 954 
10833 993 6362 1305 
10834 3589 6383 1338 
10835 6749 6760 1643 
10836 2168 2169 2167 
10837 3372 3374 3373 
10838 3623 3625 3624 
10839 3802 3831 3803 
10840 4984 4985 4981 
10841 6498 7026 6965 
10842 1063 6626 6449 
10843 1997 6363 5072 
10844 2195 6675 2196 
10845 2990 3191 2705 
10846 3212 3240 2721 
10847 2978 6298 4424 
10848 3606 3607 3096 
10849 1639 5993 1417 
10850 1924 6517 1922 
10851 2211 2214 2213 
10852 2303 2416 2412 
10853 2749 2750 2748 
10854 4146 4147 4145 
10855 4612 4614 4613 
10856 1095 5936 1093 
10857 1283 1284 1278 
10858 1365 6542 6312 
10859 1906 6539 1904 
10860 4564 6500 4562 
10861 2148 6221 776 
10862 869 6450 5035 
10863 1063 6449 1061 
10864 1478 1717 1480 
10865 1508 2123 1510 
10866 2035 6242 2037 
10867 2199 2201 2200 
10868 3193 6239 4236 
10869 3329 3864 3691 
10870 3391 5997 3389 
10871 4861 4863 4859 
10872 5143 5775 5142 
10873 1374 1376 1375 
10874 1968 6522 1966 
10875 4089 6526 4736 
10876 4404 4406 4403 
10877 768 6176 770 
10878 836 6133 815 
10879 1602 1604 1603 
10880 2418 2419 2409 
10881 3102 6620 2598 
10882 4869 6282 2640 
10883 2973 5989 5654 
10884 3063 3066 3065 
10885 3958 3959 3277 
10886 3290 3643 3291 
10887 5003 6640 6348 
10888 5940 6531 5945 
10889 1378 1654 1380 
10890 1477 1630 1475 
10891 1493 1628 1491 
10892 2696 2697 1803 
10893 2199 2346 2201 
10894 3525 6463 3523 
10895 4492 6011 4489 
10896 1004 1006 1005 
10897 3066 6339 3881 
10898 3846 4162 3644 
10899 5339 6671 5919 
10900 120 6043 459 
10901 1419 6269 1639 
10902 1658 6304 1524 
10903 1814 2363 2362 
10904 2618 6031 3082 
10905 3865 6594 2740 
10906 3028 3032 3029 
10907 3067 6409 6391 
10908 4866 5436 3129 
10909 3394 6234 3396 
10910 3588 4119 4118 
10911 4415 6738 4417 
10912 5922 5923 1788 
10913 2846 6366 2844 
10914 3260 3648 3105 
10915 3121 6575 5452 
10916 3216 3820 3214 
10917 3218 4227 4226 
10918 3768 4442 4441 
10919 6970 6976 4397 
10920 4844 4845 4843 
10921 706 5814 708 
10922 749 6180 5586 
10923 1630 5725 5724 
10924 2242 2321 2320 
10925 3294 3853 3601 
10926 3713 6482 3356 
10927 4939 6393 4941 
10928 5076 6264 5199 
10929 5205 6172 5203 
10930 5886 6407 5884 
10931 743 6639 741 
10932 843 5843 5813 
10933 2323 5512 5511 
10934 3440 3442 3441 
10935 4743 6848 6771 
10936 5360 6563 5361 
10937 746 6037 748 
10938 1750 6164 1580 
10939 1787 4402 1751 
10940 2810 6390 2668 
10941 2883 3254 2885 
10942 3125 6585 6431 
10943 3312 3901 3900 
10944 3547 5378 5377 
10945 3662 3665 3664 
10946 3717 7082 6438 
10947 5396 6406 5397 
10948 6180 6663 5586 
10949 696 898 698 
10950 946 5563 965 
10951 2163 6332 1016 
10952 3311 6260 6259 
10953 3450 3452 3451 
10954 6240 6440 3592 
10955 3625 3626 3624 
10956 3922 3923 3631 
10957 4451 4453 4450 
10958 5515 6632 4452 
10959 4517 4679 4514 
10960 5849 5850 5848 
10961 1587 2794 1659 
10962 5854 6898 1775 
10963 3031 3178 2388 
10964 5543 5544 3249 
10965 3401 6380 3399 
10966 3576 6380 4762 
10967 3931 3932 3800 
10968 5758 5761 5760 
10969 121 6043 120 
10970 6406 6674 840 
10971 1203 1204 1202 
10972 2297 5628 2025 
10973 6158 6548 2285 
10974 3775 4098 3774 
10975 4307 4326 4325 
10976 4550 6557 4548 
10977 1015 5678 1013 
10978 2570 2572 2571 
10979 3254 6340 2885 
10980 3045 6369 6283 
10981 3460 3462 3461 
10982 3659 3662 3661 
10983 435 6022 3 
10984 6382 6644 787 
10985 1372 4932 1743 
10986 2253 6609 1821 
10987 1973 6590 1975 
10988 2706 2990 2705 
10989 2828 6298 2826 
10990 3770 6377 3150 
10991 1293 6382 789 
10992 1404 1406 1405 
10993 1826 6740 2401 
10994 2233 2375 2311 
10995 3126 4341 4340 
10996 3763 4790 4789 
10997 4607 4610 4609 
10998 1364 6163 1362 
10999 1583 5837 1661 
11000 2969 3902 3752 
11001 3201 3851 2999 
11002 5435 5988 3237 
11003 3810 3966 3965 
11004 3816 4068 3993 
11005 4337 4339 4338 
11006 5442 5444 5441 
11007 661 6361 659 
11008 846 6676 5604 
11009 1348 1350 1349 
11010 1363 1366 1364 
11011 3100 6355 6354 
11012 4087 4311 3240 
11013 6131 6400 5960 
11014 2992 6606 2304 
11015 6129 6369 3045 
11016 5927 6323 3163 
11017 3182 3222 3221 
11018 3200 3957 3956 
11019 5018 6555 3285 
11020 4650 4673 4648 
11021 1849 2260 1851 
11022 2003 6473 2005 
11023 2419 2420 2409 
11024 2451 6379 4444 
11025 2772 3652 3332 
11026 2928 6325 2926 
11027 849 6313 623 
11028 1118 1238 1120 
11029 1199 1200 1198 
11030 1205 4935 1202 
11031 1930 6564 1928 
11032 2191 2387 2241 
11033 2630 2632 2631 
11034 2743 2745 2744 
11035 3368 5774 3723 
11036 3483 6215 3481 
11037 3845 4208 3611 
11038 5593 6596 5591 
11039 2158 6352 1402 
11040 1691 1692 1690 
11041 2900 6229 2898 
11042 2926 3157 2924 
11043 648 6204 893 
11044 922 923 921 
11045 2446 6285 4882 
11046 510 5914 190 
11047 1667 1668 1609 
11048 2677 3296 3034 
11049 3339 4808 2734 
11050 3112 6881 3618 
11051 3754 6385 3490 
11052 3634 4106 3633 
11053 4697 6696 5010 
11054 4887 6425 4885 
11055 6706 6710 5397 
11056 1401 6273 1399 
11057 1808 1809 1774 
11058 2721 6592 3288 
11059 2787 6492 4273 
11060 2832 5315 3170 
11061 3882 6841 6736 
11062 4798 6703 4799 
11063 978 1254 980 
11064 1155 6281 1153 
11065 3110 3640 2195 
11066 2493 6198 2491 
11067 5506 5891 2722 
11068 5580 6281 1155 
11069 2645 6223 2313 
11070 2765 2787 2767 
11071 3802 3803 3223 
11072 3827 6770 3263 
11073 3557 6215 3483 
11074 4947 4949 4948 
11075 2611 6354 3086 
11076 5377 6463 3525 
11077 3606 6491 3607 
11078 3611 3612 3610 
11079 7287 7288 6150 
11080 2595 3073 2593 
11081 3121 5451 4225 
11082 3928 3929 3819 
11083 4682 6368 4592 
11084 4828 4831 4827 
11085 4979 6511 4980 
11086 5150 6271 5149 
11087 613 5335 850 
11088 1355 6157 6156 
11089 1393 6402 1391 
11090 2214 2216 2215 
11091 4901 6510 2776 
11092 2907 6182 2909 
11093 3301 3302 3138 
11094 3280 6321 5477 
11095 3303 3304 3302 
11096 3778 3787 3328 
11097 3675 3676 3674 
11098 6570 6588 5947 
11099 1206 1208 1207 
11100 1397 6507 1642 
11101 2421 6169 2677 
11102 2608 5624 3085 
11103 4050 4051 4049 
11104 5649 6318 5901 
11105 1367 6288 1370 
11106 1622 6419 1586 
11107 2693 3022 2300 
11108 2395 2772 2771 
11109 2404 6494 3113 
11110 2725 6428 2494 
11111 3332 4693 4692 
11112 4521 6514 4519 
11113 6224 6640 5003 
11114 5332 6586 6558 
11115 2108 6602 2395 
11116 2142 6999 6938 
11117 3355 3585 3353 
11118 3793 3796 3795 
11119 2019 6372 2296 
11120 2061 2385 2384 
11121 4252 6679 449 
11122 2368 6029 1870 
11123 2315 3061 3060 
11124 2408 2409 2322 
11125 2711 2783 2353 
11126 2757 6440 6240 
11127 2862 6237 2860 
11128 3607 3608 3096 
11129 3593 3910 3909 
11130 3621 3715 3620 
11131 3664 6786 3663 
11132 3858 6411 4401 
11133 5152 6271 5276 
11134 5692 6627 6245 
11135 492 6099 138 
11136 1182 6311 2316 
11137 2417 3030 2306 
11138 2849 6236 2851 
11139 3182 3221 3220 
11140 5758 5760 5759 
11141 3816 3950 3202 
11142 3969 6286 3310 
11143 3399 6380 3576 
11144 3799 3931 3800 
11145 3804 3977 3975 
11146 5176 6717 5480 
11147 621 6261 619 
11148 2694 6031 2616 
11149 2983 2986 2768 
11150 4996 4998 4995 
11151 1459 6067 1457 
11152 1732 1734 1733 
11153 2453 6379 2451 
11154 2634 2636 2635 
11155 3003 3006 3005 
11156 3087 6347 3834 
11157 4279 4281 4280 
11158 5209 6548 5212 
11159 5720 6668 5936 
11160 3323 6453 3327 
11161 3662 3664 3663 
11162 759 5876 1292 
11163 804 910 806 
11164 818 6310 2122 
11165 1038 6072 1228 
11166 1202 4935 1200 
11167 1370 1372 1371 
11168 1436 6266 1438 
11169 2436 6521 2438 
11170 2565 6274 2674 
11171 2641 6307 4896 
11172 3626 3629 3624 
11173 1036 6072 1038 
11174 2362 5656 1767 
11175 3070 3144 2398 
11176 2626 6338 2628 
11177 2958 6377 2956 
11178 3185 3799 2992 
11179 3294 4169 3853 
11180 3972 3974 3973 
11181 4764 4767 4765 
11182 1411 6670 1640 
11183 2931 5988 2933 
11184 3731 6234 3394 
11185 4251 4252 449 
11186 831 6140 835 
11187 1595 5020 1341 
11188 2027 5628 2298 
11189 2688 6604 3841 
11190 3013 3257 3012 
11191 3119 6738 5879 
11192 3208 3818 3209 
11193 3307 3308 3306 
11194 4359 4360 4356 
11195 6195 6683 4844 
11196 5751 6409 5753 
11197 2078 6646 777 
11198 2323 5511 2038 
11199 6236 6267 2851 
11200 2884 6254 2971 
11201 4539 6537 4537 
11202 2298 6293 2029 
11203 2945 6327 2947 
11204 3089 4854 4853 
11205 3333 5332 5331 
11206 4574 4672 4571 
11207 2160 6573 2312 
11208 2791 6049 2556 
11209 2626 2628 2627 
11210 3136 3892 3135 
11211 4194 4195 3647 
11212 5845 6116 5843 
11213 1153 6281 1300 
11214 1789 2732 1366 
11215 1566 5069 1568 
11216 2860 6237 2975 
11217 4560 4671 4557 
11218 4677 6500 4564 
11219 4978 6413 2238 
11220 2703 2704 2702 
11221 2996 3887 3886 
11222 3355 6527 3585 
11223 492 6100 6099 
11224 1280 6395 6394 
11225 4657 6456 4680 
11226 5149 6271 5152 
11227 615 5335 613 
11228 785 6644 838 
11229 994 996 995 
11230 1350 1352 1351 
11231 2697 6578 1803 
11232 2444 6285 2446 
11233 2753 2754 2752 
11234 2759 2761 2760 
11235 3320 6453 3323 
11236 841 6627 5991 
11237 5698 5699 863 
11238 5464 6473 2003 
11239 3177 3186 3175 
11240 3686 6444 3599 
11241 3311 6716 4345 
11242 4326 4332 4325 
11243 1289 6361 661 
11244 3314 6349 2768 
11245 5203 6172 5280 
11246 2275 6577 5709 
11247 3921 3922 3631 
11248 3665 3666 3664 
11249 5586 6684 1291 
11250 2200 6416 2202 
11251 2733 6076 2736 
11252 2743 3126 2745 
11253 2970 6238 2936 
11254 5902 6335 3156 
11255 3721 7064 7051 
11256 3842 6819 4756 
11257 4647 4649 4648 
11258 6283 6369 4920 
11259 1109 5834 1107 
11260 2676 6748 3242 
11261 751 6180 749 
11262 1013 5678 2144 
11263 2287 3020 2288 
11264 6208 6238 2970 
11265 3333 5331 5328 
11266 6620 6758 4855 
11267 4920 6369 4922 
11268 3294 6695 4169 
11269 4900 5562 4902 
11270 6172 6173 5280 
11271 6022 6036 183 
11272 822 912 824 
11273 3336 3696 2987 
11274 4052 4059 4056 
11275 5967 6787 1293 
11276 2615 6431 3100 
11277 3602 3782 3173 
11278 3196 3791 3195 
11279 4834 6389 4836 
11280 3622 6416 2301 
11281 2919 6230 2921 
11282 3315 3317 3316 
11283 3716 4141 3715 
11284 4360 4361 4356 
11285 5556 6625 6038 
11286 609 5621 2165 
11287 733 6570 864 
11288 987 6135 985 
11289 989 4770 2090 
11290 1416 6654 2130 
11291 4914 6586 2829 
11292 3596 5071 5070 
11293 3673 5695 3894 
11294 5513 5514 4452 
11295 2115 6192 639 
11296 1333 6301 999 
11297 6402 6631 1643 
11298 3027 6030 3858 
11299 4864 6322 4863 
11300 1137 6136 1135 
11301 2345 6484 1886 
11302 3046 6375 6374 
11303 3952 3953 3951 
11304 2613 6354 2611 
11305 1803 6578 1704 
11306 1729 1755 1746 
11307 2829 6586 2831 
11308 3283 4206 3282 
11309 4661 4667 4666 
11310 2214 3292 2216 
11311 2606 5624 2608 
11312 4213 4345 2713 
11313 3105 6448 3128 
11314 3307 3309 3308 
11315 3853 6930 3601 
11316 4557 6518 4555 
11317 807 5698 863 
11318 6701 6712 839 
11319 1730 1732 1697 
11320 2912 6154 2910 
11321 3222 3223 3221 
11322 2363 6471 3334 
11323 3556 6697 5913 
11324 2208 6533 1690 
11325 2790 6405 2982 
11326 968 970 969 
11327 1883 5381 2252 
11328 3147 6233 2376 
11329 2783 3844 3688 
11330 5693 6667 5584 
11331 1395 6628 1393 
11332 3067 6391 2575 
11333 6274 6447 2674 
11334 6842 6914 3313 
11335 6526 6811 1316 
11336 2221 2415 2303 
11337 2224 2304 2223 
11338 1753 6420 948 
11339 1816 6042 1785 
11340 2022 5409 2020 
11341 3200 3201 2999 
11342 5419 5869 3168 
11343 3639 4264 4154 
11344 761 5876 759 
11345 2567 6274 2565 
11346 3366 5774 3368 
11347 3818 3928 3819 
11348 4660 6456 4657 
11349 4813 4837 4811 
11350 6640 6653 6220 
11351 2285 6372 2017 
11352 2215 4373 2213 
11353 3617 3884 3883 
11354 3630 3631 3629 
11355 2710 6291 921 
11356 2936 6238 2934 
11357 3265 3793 3792 
11358 3273 3275 3274 
11359 3668 3669 3667 
11360 3958 4016 3959 
11361 6449 6626 5612 
11362 581 5307 579 
11363 2238 2389 2388 
11364 3232 6327 2945 
11365 4462 6424 4463 
11366 6445 6768 5326 
11367 5960 6567 6436 
11368 2640 6379 2453 
11369 3142 5372 2629 
11370 6282 6379 2640 
11371 5946 6588 5962 
11372 7308 7310 638 
11373 1404 6352 1708 
11374 4794 4796 4795 
11375 6652 6687 5877 
11376 3126 4340 2745 
11377 4394 4395 3134 
11378 3665 6753 4112 
11379 3839 4189 4124 
11380 6348 6640 6220 
11381 1391 6402 1643 
11382 2445 6330 3039 
11383 4224 6929 1662 
11384 1755 6495 2055 
11385 1757 5058 5057 
11386 4211 4213 2713 
11387 995 6362 993 
11388 2224 2305 2304 
11389 3152 6350 5572 
11390 3490 6385 3492 
11391 3812 3967 3811 
11392 3 6022 183 
11393 183 6036 182 
11394 3061 6741 6339 
11395 3156 6335 6325 
11396 3492 6385 3758 
11397 3682 3717 3680 
11398 2055 4978 2238 
11399 552 5999 4 
11400 1358 6157 1355 
11401 3289 5922 2051 
11402 4990 6296 2979 
11403 3080 6722 3079 
11404 3555 6673 5909 
11405 3679 6859 3681 
11406 6373 6596 5593 
11407 838 6565 783 
11408 823 1294 821 
11409 1886 6484 1884 
11410 2170 6643 2174 
11411 3849 6867 3640 
11412 4161 4309 3210 
11413 3668 3670 3669 
11414 190 5914 189 
11415 557 5833 201 
11416 5923 6504 1788 
11417 2289 6411 2039 
11418 2430 6510 4979 
11419 2802 6405 2790 
11420 4390 6633 3608 
11421 3697 3709 3701 
11422 3030 3882 2306 
11423 3176 3177 3175 
11424 1105 6605 1103 
11425 1967 6634 1969 
11426 3033 3080 3079 
11427 3688 5295 3868 
11428 2995 2996 2250 
11429 3014 3015 3013 
11430 4270 4271 4269 
11431 4772 6585 4771 
11432 2334 2353 2185 
11433 2703 3268 3267 
11434 3634 4139 4106 
11435 2278 6363 1995 
11436 3211 3817 3030 
11437 3615 3639 3636 
11438 2156 6362 995 
11439 2700 6742 2703 
11440 6164 6278 3312 
11441 6849 7015 3893 
11442 4676 6509 4585 
11443 6662 6680 4744 
11444 6000 6003 6001 
11445 2307 2994 2410 
11446 4671 6518 4557 
11447 5906 6688 5904 
11448 2020 5409 2325 
11449 2980 6540 2812 
11450 2985 3780 2989 
11451 3028 3029 3015 
11452 54 6262 53 
11453 611 5621 609 
11454 7062 7068 1621 
11455 2826 6298 2978 
11456 2127 6570 735 
11457 1071 6621 1069 
11458 1453 6574 1451 
11459 1835 1837 1836 
11460 3261 6604 2686 
11461 4374 6665 4375 
11462 4927 6653 5895 
11463 2295 6388 2011 
11464 2954 6350 2952 
11465 6737 6825 2993 
11466 3720 3899 3677 
11467 5746 6447 5744 
11468 977 1335 975 
11469 2805 6403 2802 
11470 3081 3260 3105 
11471 3208 3930 3818 
11472 559 561 560 
11473 2211 2212 2210 
11474 2616 6031 2618 
11475 2991 3175 3174 
11476 3702 5006 5005 
11477 4927 6693 6653 
11478 2774 6434 614 
11479 1363 1789 1366 
11480 2324 2327 1816 
11481 2029 6293 2031 
11482 6408 6573 2160 
11483 5444 6629 5770 
11484 2260 6423 1851 
11485 6354 6516 3086 
11486 2254 6744 3123 
11487 5027 5028 5026 
11488 5212 6548 6158 
11489 5796 6600 5794 
11490 1734 6316 1752 
11491 2107 6602 2108 
11492 3122 6223 2645 
11493 6802 6850 4742 
11494 3130 3131 2382 
11495 3696 3913 2987 
11496 3200 6263 3957 
11497 1326 6626 1065 
11498 2017 6372 2019 
11499 6044 6046 447 
11500 5680 6392 1698 
11501 2730 6426 2450 
11502 3272 6236 2849 
11503 782 5735 2093 
11504 1578 5312 1750 
11505 2388 6530 2237 
11506 4396 6919 4394 
11507 6536 6887 6111 
11508 847 6427 655 
11509 5782 7027 6246 
11510 1709 6654 1414 
11511 4352 6408 1798 
11512 1201 6248 1203 
11513 2005 6473 2281 
11514 2228 2381 2226 
11515 4206 4207 3282 
11516 2619 3125 2617 
11517 3885 6985 6910 
11518 5641 6490 5642 
11519 669 6676 846 
11520 2090 6135 987 
11521 2437 6461 2639 
11522 3289 5923 5922 
11523 3342 3344 3343 
11524 616 6434 890 
11525 1324 6668 5920 
11526 1810 6599 1812 
11527 3824 7094 4801 
11528 5393 6691 4928 
11529 1380 1382 1381 
11530 1568 5069 1727 
11531 6160 6559 3241 
11532 4092 6894 6811 
11533 3297 6545 2837 
11534 6715 6760 5071 
11535 5378 6410 5377 
11536 1061 6449 1327 
11537 1575 6418 4374 
11538 4724 5925 5924 
11539 6410 6728 4849 
11540 683 6597 681 
11541 2155 5837 1574 
11542 3333 6586 5332 
11543 5943 6470 5942 
11544 5778 6587 3054 
11545 4678 6514 4521 
11546 5214 6549 5211 
11547 6653 6693 6220 
11548 614 6434 616 
11549 1699 6842 3313 
11550 2323 6443 5512 
11551 2416 3194 2412 
11552 3081 3105 2638 
11553 3269 6747 2711 
11554 3123 3869 3635 
11555 4412 6601 1646 
11556 6345 6346 2164 
11557 2616 2618 2617 
11558 5960 6436 3115 
11559 3889 3890 3308 
11560 3617 3885 3884 
11561 151 6103 150 
11562 6000 6001 598 
11563 1313 6333 1576 
11564 2952 6350 3152 
11565 4159 4160 3269 
11566 4300 6397 3339 
11567 4401 6411 2289 
11568 2439 6461 2437 
11569 3356 6482 3358 
11570 3667 6786 3664 
11571 6716 6743 4345 
11572 1951 6689 1953 
11573 932 6525 565 
11574 1881 5381 1883 
11575 2011 6388 2013 
11576 4739 6635 2232 
11577 2698 6716 3311 
11578 6399 6611 3119 
11579 6444 6651 2769 
11580 3855 6275 3854 
11581 585 6535 6111 
11582 1995 6363 1997 
11583 6171 6642 2655 
11584 3018 6716 2698 
11585 1353 6156 1356 
11586 2732 6288 1366 
11587 6675 6867 2346 
11588 3921 4714 3922 
11589 4134 5292 4191 
11590 4915 6558 4914 
11591 4985 6692 6521 
11592 1849 1851 1850 
11593 3899 7088 7080 
11594 6273 6507 1399 
11595 6333 6659 5312 
11596 6245 6627 841 
11597 5348 6399 966 
11598 2753 3109 3108 
11599 5756 6440 2757 
11600 3791 3954 3195 
11601 2125 6817 5349 
11602 3801 3802 3223 
11603 6440 6636 3592 
11604 2137 6676 671 
11605 997 2156 995 
11606 1809 2052 2051 
11607 1713 6655 5555 
11608 3350 3352 3351 
11609 3194 3197 2412 
11610 2962 6614 2751 
11611 3113 6429 3873 
11612 4194 4391 4195 
11613 6490 6725 5642 
11614 864 6589 731 
11615 6028 6503 1625 
11616 3625 4335 3626 
11617 5045 6468 1186 
11618 5320 6403 2981 
11619 7350 7351 1225 
11620 1744 1773 1745 
11621 6307 6359 4896 
11622 2025 5628 2027 
11623 3509 6480 3548 
11624 5143 6702 5775 
11625 1520 6694 1522 
11626 2603 6466 3077 
11627 2737 6541 3341 
11628 4734 6631 6402 
11629 809 5698 807 
11630 6488 6665 6418 
11631 1789 6076 2733 
11632 2621 6619 2619 
11633 2971 6254 5560 
11634 6436 6567 5966 
11635 2395 6602 2772 
11636 4345 6743 2713 
11637 150 6103 544 
11638 729 6589 6470 
11639 826 5981 828 
11640 3290 3711 3643 
11641 6462 6493 1740 
11642 3893 7042 4732 
11643 5942 6589 6531 
11644 7018 7022 4388 
11645 3642 6414 608 
11646 3980 3981 3801 
11647 4754 6292 4755 
11648 1292 6732 6710 
11649 1715 6666 6008 
11650 5363 6563 5360 
11651 1674 6772 1675 
11652 2232 6635 6483 
11653 6814 6881 3872 
11654 5942 6531 5940 
11655 3687 6756 2353 
11656 1833 1835 1834 
11657 3229 6552 6257 
11658 3802 3832 3831 
11659 4205 6472 4690 
11660 780 5735 782 
11661 753 6706 840 
11662 2402 5563 937 
11663 2677 6169 3296 
11664 3285 6555 2798 
11665 2979 6296 4839 
11666 2013 6388 6158 
11667 2658 6603 2653 
11668 1862 6529 2339 
11669 5303 6387 5304 
11670 2151 6360 802 
11671 828 5981 2109 
11672 953 6399 1185 
11673 1679 1681 1680 
11674 1351 6145 1349 
11675 4740 6390 4743 
11676 5395 6732 5393 
11677 2692 6338 2626 
11678 5971 6800 3578 
11679 1162 6593 1263 
11680 2767 6421 2766 
11681 3299 6665 6488 
11682 1439 6686 1437 
11683 885 6265 573 
11684 3119 5879 1261 
11685 3666 3667 3664 
11686 4831 5474 4827 
11687 1211 6248 2780 
11688 5369 6076 1789 
11689 2701 5768 2391 
11690 3125 6431 2617 
11691 4133 4134 4132 
11692 4761 6893 4760 
11693 4378 5036 2637 
11694 3848 3849 3640 
11695 6485 6715 5071 
11696 6804 6878 6726 
11697 5606 6552 3229 
11698 3826 4113 4104 
11699 4698 6945 6696 
11700 2617 6431 2615 
11701 1845 1847 1846 
11702 4273 6656 6601 
11703 5597 6587 5599 
11704 1383 6445 1381 
11705 2438 6521 2731 
11706 2624 2692 2626 
11707 4144 4146 4145 
11708 4986 6692 4985 
11709 591 6547 589 
11710 3086 6516 6437 
11711 2981 6403 2805 
11712 2312 6573 2643 
11713 3811 3813 3281 
11714 4684 6467 4606 
11715 5547 6613 5334 
11716 5995 6587 5597 
11717 3097 6475 2488 
11718 5827 6673 5951 
11719 6531 6589 864 
11720 2281 6473 6364 
11721 1513 6664 1511 
11722 1572 6319 2155 
11723 1905 6781 1907 
11724 6070 6550 3254 
11725 2072 6523 2070 
11726 2375 6483 3148 
11727 4896 6359 4898 
11728 1652 6845 572 
11729 925 6457 6191 
11730 2336 6508 1980 
11731 5305 6954 6319 
11732 1737 6488 1610 
11733 4229 6896 4160 
11734 6784 7027 5615 
11735 1361 5369 1363 
11736 1375 4412 1373 
11737 1399 6507 1397 
11738 6503 6664 1625 
11739 3923 6990 6936 
11740 3273 4233 3275 
11741 571 6265 2149 
11742 1840 6460 2365 
11743 2213 4373 2249 
11744 3972 3973 3628 
11745 4109 6889 3658 
11746 6562 6865 2794 
11747 4987 6571 4988 
11748 5150 6723 6271 
11749 1646 6345 1371 
11750 1727 6319 1570 
11751 3799 3800 2992 
11752 4702 6604 3261 
11753 1363 5369 1789 
11754 1369 6345 2164 
11755 2062 7067 4888 
11756 3694 6840 6789 
11757 4716 6477 4715 
11758 3123 6744 3869 
11759 3602 6413 6412 
11760 627 6279 625 
11761 3206 6647 2413 
11762 4742 6603 2793 
11763 2757 6280 602 
11764 2190 6579 2239 
11765 2285 6549 6372 
11766 2357 6517 1924 
11767 4734 6630 4733 
11768 1821 6609 1823 
11769 1582 6164 2152 
11770 2355 6539 1906 
11771 3038 5838 5373 
11772 3148 6483 3756 
11773 5829 6480 3511 
11774 4745 7029 1253 
11775 3405 6709 3403 
11776 6195 6430 5356 
11777 53 6262 6079 
11778 781 6704 779 
11779 2340 6522 1968 
11780 3976 6502 3207 
11781 45 6703 44 
11782 1565 6680 1563 
11783 2184 6736 2187 
11784 570 6398 1652 
11785 2653 6603 4735 
11786 3357 6527 3355 
11787 6813 6829 5309 
11788 5677 6693 839 
11789 930 6300 919 
11790 5544 6519 5987 
11791 4665 6557 4550 
11792 5116 6690 5118 
11793 6090 6577 2275 
11794 3084 6466 2605 
11795 4929 6701 4926 
11796 1355 6156 1353 
11797 3779 6439 2988 
11798 3871 6351 6312 
11799 4375 6699 4376 
11800 6968 7006 1616 
11801 2985 3785 3780 
11802 3173 6777 3192 
11803 851 6646 5547 
11804 1434 6767 2131 
11805 4 5999 184 
11806 2411 6828 2308 
11807 3905 6499 3146 
11808 153 6315 448 
11809 6429 6494 3601 
11810 1743 6146 1374 
11811 4271 5021 4269 
11812 4977 6433 4943 
11813 2326 6740 1828 
11814 5292 6707 3283 
11815 3715 6857 3620 
11816 860 6401 870 
11817 6163 6542 1362 
11818 573 6265 571 
11819 3254 6550 6340 
11820 4735 6850 6727 
11821 840 6706 6406 
11822 1842 6460 1840 
11823 3663 6786 3888 
11824 1261 5879 1282 
11825 2014 6272 2364 
11826 3600 6700 2801 
11827 973 6342 2159 
11828 1574 5837 1583 
11829 3358 6482 3714 
11830 1643 6760 1389 
11831 5043 6808 852 
11832 1633 6574 1453 
11833 3511 6480 3509 
11834 2794 6809 5854 
11835 5427 6638 6269 
11836 2452 6426 3098 
11837 3311 6259 2695 
11838 2655 6642 6228 
11839 3604 6554 3603 
11840 2798 6555 2967 
11841 4989 6279 627 
11842 2731 6692 5600 
11843 3806 3945 3197 
11844 3952 6581 6580 
11845 6406 6706 5397 
11846 1740 6493 1768 
11847 2218 4691 2222 
11848 3840 4880 3271 
11849 6419 6658 4308 
11850 4732 7042 7031 
11851 2735 6541 2737 
11852 4943 6433 4945 
11853 6146 6451 1376 
11854 4090 6811 4089 
11855 2450 6426 2452 
11856 5893 6596 3111 
11857 4835 6731 4834 
11858 1292 6710 757 
11859 954 6496 947 
11860 6624 6636 2079 
11861 3798 3934 3933 
11862 4808 6397 4932 
11863 735 6570 733 
11864 3693 6818 4786 
11865 982 5414 2142 
11866 4342 6806 6556 
11867 4902 6512 4901 
11868 3288 5656 2362 
11869 3945 3946 3197 
11870 5583 6684 6663 
11871 5895 6653 2795 
11872 3337 6631 4734 
11873 3627 6568 3971 
11874 6588 6612 5962 
11875 6180 6674 6663 
11876 783 6565 781 
11877 4934 6897 1243 
11878 2016 6272 2014 
11879 4230 6276 6275 
11880 1580 6164 1582 
11881 4419 6842 2145 
11882 3973 4336 4335 
11883 1366 6288 1367 
11884 2085 6670 1413 
11885 3798 3933 3927 
11886 3302 6498 3649 
11887 4477 6963 6858 
11888 5037 7032 7022 
11889 1717 6682 6183 
11890 845 6597 683 
11891 1825 6247 2244 
11892 2799 6746 2965 
11893 1414 6654 1416 
11894 5947 6588 5946 
11895 775 6646 851 
11896 2795 6640 6224 
11897 3041 6501 4871 
11898 3089 6620 4855 
11899 3321 6446 3318 
11900 3689 5440 4110 
11901 4880 6472 1245 
11902 1069 6621 6246 
11903 2354 6564 1930 
11904 745 6657 743 
11905 1291 6667 6657 
11906 3299 6488 1793 
11907 1244 6311 1180 
11908 6114 6674 5411 
11909 2227 6398 568 
11910 30 6119 29 
11911 3841 6622 5019 
11912 6480 6735 4405 
11913 4766 6937 6342 
11914 6383 6761 2054 
11915 6306 6489 3102 
11916 5794 6600 5797 
11917 1065 6626 1063 
11918 1644 6445 1383 
11919 5291 5292 3283 
11920 3656 3657 3655 
11921 4716 6862 6727 
11922 3939 3988 3987 
11923 4743 6771 4741 
11924 19 6679 18 
11925 5373 5838 5067 
11926 1768 6493 2107 
11927 3704 6576 3132 
11928 5436 6964 4343 
11929 4702 6622 6604 
11930 1656 6767 1432 
11931 6316 6551 1752 
11932 4193 5295 3688 
11933 4750 6143 4751 
11934 4945 6433 4975 
11935 3206 6776 6647 
11936 763 6712 761 
11937 1268 6607 1348 
11938 470 6064 6063 
11939 5533 6642 6171 
11940 13 6711 495 
11941 1766 6441 1749 
11942 3135 6541 2735 
11943 4991 6893 3573 
11944 1422 6834 1424 
11945 2797 6534 3641 
11946 5569 6566 3101 
11947 587 6535 585 
11948 4663 6537 4539 
11949 2839 6545 3284 
11950 1828 6740 1826 
11951 6191 6624 2079 
11952 4844 6683 4845 
11953 6458 7064 7001 
11954 6793 6805 4440 
11955 605 6414 603 
11956 1771 6462 1739 
11957 6275 6743 3854 
11958 1704 6578 1790 
11959 2772 6602 3652 
11960 1576 5312 1578 
11961 2959 6730 2960 
11962 3339 6397 4808 
11963 3646 6598 3843 
11964 5070 6749 5347 
11965 5470 6559 6160 
11966 232 5872 231 
11967 2173 6754 2171 
11968 915 4879 927 
11969 1103 6605 1301 
11970 1563 6662 1561 
11971 3192 6777 4257 
11972 2612 6454 4274 
11973 2461 6501 2459 
11974 5071 6760 6749 
11975 604 6280 1271 
11976 608 6414 605 
11977 6946 6949 2122 
11978 5991 6612 2127 
11979 2216 4691 2218 
11980 2410 6289 3000 
11981 2619 6619 3125 
11982 2804 6824 2806 
11983 4730 6547 591 
11984 1217 6303 6302 
11985 3257 4116 3837 
11986 5218 6813 5216 
11987 6220 6693 5677 
11988 6617 6733 2202 
11989 2994 6289 2410 
11990 4180 6695 3293 
11991 6691 6732 1292 
11992 6604 6622 3841 
11993 6470 6589 5942 
11994 980 5414 982 
11995 2317 5502 2405 
11996 839 6712 763 
11997 1653 6300 930 
11998 2800 6458 956 
11999 3690 4316 4313 
12000 2983 6421 3783 
12001 4389 5036 4378 
12002 2996 6608 3887 
12003 4472 6897 4934 
12004 606 6561 607 
12005 5604 6610 6386 
12006 6768 6821 5407 
12007 2237 6328 1813 
12008 2194 6579 2190 
12009 2605 6466 2603 
12010 2793 6603 2658 
12011 3721 7051 3703 
12012 1644 6715 6485 
12013 2766 6421 2983 
12014 4411 6824 6700 
12015 1356 6145 1351 
12016 5770 6629 5772 
12017 966 6399 953 
12018 2272 6634 1967 
12019 4638 7345 7343 
12020 1291 6657 745 
12021 6585 6752 4771 
12022 201 5833 200 
12023 6485 6821 1644 
12024 2042 6513 2040 
12025 4230 6275 3855 
12026 5876 6691 1292 
12027 2366 6460 1842 
12028 5951 6673 3555 
12029 5583 6663 6114 
12030 5347 6631 3337 
12031 4878 6985 3885 
12032 4454 6632 4459 
12033 6962 7039 4484 
12034 2711 6747 2783 
12035 3054 6587 5995 
12036 3700 6986 3895 
12037 5887 6655 1713 
12038 1760 6392 1811 
12039 5782 7066 7027 
12040 6145 6562 1349 
12041 1899 6820 1901 
12042 1739 6462 1740 
12043 937 5563 946 
12044 3815 6568 3024 
12045 6225 6627 5692 
12046 6657 6667 5694 
12047 4208 6822 3611 
12048 6400 6567 5960 
12049 1691 6899 1694 
12050 6372 6721 2296 
12051 6147 6699 3122 
12052 568 6398 570 
12053 2273 6590 1973 
12054 5334 6613 4783 
12055 1561 6662 1614 
12056 4786 6815 3326 
12057 1793 6488 1737 
12058 5578 6801 3032 
12059 3973 4335 3628 
12060 6008 6666 5796 
12061 515 559 558 
12062 6569 6699 4375 
12063 6919 6944 4394 
12064 1642 6628 1395 
12065 1601 6582 1602 
12066 4340 6556 2747 
12067 136 6106 416 
12068 3643 5976 3846 
12069 4735 6727 2785 
12070 6493 6860 2107 
12071 3212 6532 4087 
12072 5313 6592 6591 
12073 1570 6319 1572 
12074 1599 6371 857 
12075 1680 7059 7050 
12076 6483 6635 3756 
12077 2600 6620 3089 
12078 4473 6897 4470 
12079 18 6679 551 
12080 2984 6713 3779 
12081 6038 6625 1714 
12082 1625 6664 1513 
12083 3804 3978 3977 
12084 1413 6670 1411 
12085 2307 6328 2994 
12086 6183 6682 5741 
12087 671 6676 669 
12088 2197 6579 2194 
12089 2598 6620 2600 
12090 2795 6653 6640 
12091 6228 6642 5450 
12092 1613 6680 1565 
12093 1222 6479 968 
12094 6245 6639 5694 
12095 6735 6810 4405 
12096 1297 6515 1269 
12097 777 6646 775 
12098 1203 6248 1211 
12099 5919 6671 1329 
12100 6269 6638 1639 
12101 2300 6618 2299 
12102 3264 5502 2317 
12103 3981 6766 3801 
12104 2282 6689 1951 
12105 2695 6259 3103 
12106 2837 6545 2839 
12107 4849 6728 4850 
12108 1674 6773 6772 
12109 1818 6744 1820 
12110 6599 6647 3874 
12111 5002 6652 5004 
12112 1437 6686 1636 
12113 3329 6871 3864 
12114 3584 6527 3357 
12115 3589 5453 5451 
12116 3629 6733 6617 
12117 4204 6783 4201 
12118 5407 6821 5406 
12119 6614 6615 3879 
12120 3772 6523 2072 
12121 2785 6862 6147 
12122 2459 6501 3041 
12123 5904 6688 5907 
12124 3694 6789 2250 
12125 3001 6502 3003 
12126 5694 6667 5693 
12127 3207 6502 3001 
12128 787 6644 785 
12129 6041 6042 3653 
12130 3619 6823 4334 
12131 2049 6896 4229 
12132 2703 6742 3268 
12133 6003 6891 3873 
12134 137 6106 136 
12135 149 4763 148 
12136 4249 6333 1314 
12137 5348 6611 6399 
12138 1180 6311 1182 
12139 3403 6709 3575 
12140 3817 6969 6920 
12141 2610 6454 2612 
12142 5529 6909 2723 
12143 617 6256 615 
12144 6745 6815 3871 
12145 3652 6860 6823 
12146 5584 6684 5583 
12147 467 5528 196 
12148 488 6703 45 
12149 1522 6694 1658 
12150 755 6710 6706 
12151 3306 6669 3707 
12152 2314 6572 1799 
12153 4192 6782 2420 
12154 4341 6932 6913 
12155 409 6119 30 
12156 1270 6866 1298 
12157 1837 6435 1839 
12158 2242 6737 2321 
12159 3003 6502 3006 
12160 5936 6668 1324 
12161 5414 6837 2142 
12162 4479 6858 4484 
12163 4855 6758 4857 
12164 5312 6659 5313 
12165 3079 4164 4163 
12166 6647 6776 3874 
12167 5406 6485 3596 
12168 5438 6690 5116 
12169 1791 6724 4324 
12170 6762 6793 2054 
12171 1194 7325 5012 
12172 2212 6789 2210 
12173 5405 6717 5176 
12174 5216 6721 5214 
12175 2127 6612 6588 
12176 968 6479 970 
12177 3067 6731 6409 
12178 4160 6747 3269 
12179 3062 6553 3060 
12180 743 6657 6639 
12181 5383 6741 2053 
12182 3022 6618 2300 
12183 3651 6791 3920 
12184 5679 6725 4913 
12185 4197 7083 3722 
12186 4352 6573 6408 
12187 5533 6796 6642 
12188 3937 7091 7084 
12189 544 4763 149 
12190 1698 6392 1760 
12191 755 6706 753 
12192 3085 6454 2610 
12193 4741 6771 4744 
12194 6521 6692 2731 
12195 6232 6233 3771 
12196 6549 6721 6372 
12197 947 6496 3286 
12198 2794 6865 6809 
12199 1244 6623 6311 
12200 2381 6832 2985 
12201 1371 6345 1369 
12202 3101 6566 5042 
12203 5913 6697 5062 
12204 6720 6768 3632 
12205 3885 6750 4878 
12206 6510 6511 4979 
12207 1781 6724 1791 
12208 511 5755 181 
12209 3122 6569 6223 
12210 3596 6485 5071 
12211 5003 6687 5002 
12212 1385 6715 1644 
12213 1792 6535 587 
12214 3129 6464 2741 
12215 1160 6593 1162 
12216 7305 7306 6210 
12217 446 5754 179 
12218 6710 6732 5397 
12219 4357 6729 4353 
12220 1648 6616 1647 
12221 5466 6702 5143 
12222 6606 6812 4737 
12223 757 6710 755 
12224 4399 6861 6334 
12225 6916 6952 2723 
12226 502 6381 9 
12227 3882 6736 2306 
12228 3642 6814 6414 
12229 939 4879 4210 
12230 6671 6672 1329 
12231 1671 7086 7080 
12232 508 5705 177 
12233 6642 6796 5450 
12234 1728 6616 2225 
12235 6389 6731 3067 
12236 4744 6802 4742 
12237 1746 6705 4272 
12238 3632 6824 6720 
12239 5921 6661 4846 
12240 3429 6876 3427 
12241 2288 5009 2707 
12242 3283 6707 4206 
12243 3707 6498 3304 
12244 4628 6543 4738 
12245 2697 6633 6578 
12246 6861 6899 4709 
12247 3890 6669 3308 
12248 607 6561 610 
12249 2781 6757 6718 
12250 5349 6611 5348 
12251 4631 6543 4628 
12252 1669 6870 1670 
12253 3312 6278 3901 
12254 1374 6146 1376 
12255 6628 6630 4734 
12256 3628 4335 3625 
12257 5490 6723 5150 
12258 3423 6869 3421 
12259 949 6469 967 
12260 970 6479 4349 
12261 1158 6807 1160 
12262 1835 6544 2256 
12263 2153 6986 6958 
12264 3676 6783 3679 
12265 4186 7064 3721 
12266 3560 7047 6960 
12267 4901 6511 6510 
12268 1794 6705 1746 
12269 4729 6924 4728 
12270 1759 6719 6316 
12271 2783 6747 3844 
12272 3720 7088 3899 
12273 3597 6836 4126 
12274 4830 6875 4833 
12275 2257 6781 1905 
12276 3694 6854 6840 
12277 2801 6700 2804 
12278 3771 6233 3147 
12279 1549 6925 1616 
12280 3002 6828 2411 
12281 4166 7071 2162 
12282 5905 6876 3564 
12283 602 6280 604 
12284 6871 6988 4198 
12285 2434 6497 2436 
12286 5071 6749 5070 
12287 2283 6599 1810 
12288 4387 7018 4388 
12289 6505 6827 1588 
12290 2756 6497 2434 
12291 3543 6759 3541 
12292 5829 6735 6480 
12293 6351 6788 6157 
12294 1609 6830 4784 
12295 1642 6630 6628 
12296 5010 6696 3547 
12297 3634 6649 6554 
12298 5002 6687 6652 
12299 4705 6799 4704 
12300 2634 6538 2636 
12301 3046 7206 6375 
12302 6374 6678 3822 
12303 610 6561 4372 
12304 3189 6947 4398 
12305 4287 7070 4286 
12306 6504 6505 1788 
12307 595 6000 598 
12308 1614 6848 4892 
12309 3605 6513 2046 
12310 4881 6967 6910 
12311 857 6371 860 
12312 5460 6917 1721 
12313 2248 6878 4218 
12314 3782 6777 3173 
12315 3308 6669 3306 
12316 1314 6333 1313 
12317 4410 6790 4412 
12318 5980 6978 5981 
12319 3863 6413 4978 
12320 2250 6789 2212 
12321 4252 7108 6679 
12322 6476 6542 6163 
12323 6696 6945 5378 
12324 3113 6494 6429 
12325 3874 6776 3875 
12326 4392 7023 6991 
12327 4440 6877 1306 
12328 1647 6616 1728 
12329 3924 6990 3923 
12330 3228 6730 2959 
12331 4784 6803 3127 
12332 3611 6822 3612 
12333 4100 6651 3686 
12334 4342 6556 4340 
12335 5397 6732 5395 
12336 1285 6256 617 
12337 4926 6701 4927 
12338 5452 6761 5451 
12339 1703 7078 7061 
12340 6752 6874 4771 
12341 3125 6752 6585 
12342 7263 7267 4889 
12343 3263 6770 3766 
12344 6534 6765 3641 
12345 4779 6844 1735 
12346 2716 6594 3861 
12347 4295 6896 2049 
12348 6693 6701 839 
12349 6541 6780 3705 
12350 5981 6978 6965 
12351 7410 7412 553 
12352 6663 6674 6114 
12353 41 6915 40 
12354 601 6872 596 
12355 1326 6784 6626 
12356 967 6469 4114 
12357 3686 6651 6444 
12358 4901 6512 6511 
12359 1269 6515 2709 
12360 5612 6784 5613 
12361 5349 6817 6611 
12362 7192 7201 456 
12363 5621 6751 2165 
12364 1387 6760 6715 
12365 1432 6767 1434 
12366 4864 6528 6322 
12367 3124 6926 3199 
12368 3151 7252 4246 
12369 3199 6955 3961 
12370 6478 6802 1613 
12371 4586 7241 7223 
12372 6840 6854 6719 
12373 4249 6659 6333 
12374 2413 6647 2283 
12375 5042 6566 5043 
12376 6883 6901 5996 
12377 6980 7012 3699 
12378 6639 6657 5694 
12379 3687 6757 6756 
12380 1345 6908 4208 
12381 4834 6731 6389 
12382 347 6250 443 
12383 2081 6905 1492 
12384 6912 6996 2330 
12385 2967 6746 2799 
12386 852 6808 6571 
12387 1788 6505 1660 
12388 3304 6498 3302 
12389 4416 6914 4419 
12390 3021 5009 2288 
12391 5452 6762 6761 
12392 195 5528 507 
12393 6818 6847 1356 
12394 6885 6888 2298 
12395 3264 6959 5502 
12396 4191 5292 5291 
12397 3547 6696 5378 
12398 2236 7338 3772 
12399 6418 6665 4374 
12400 1779 6724 1781 
12401 2245 6544 1833 
12402 2256 6435 1837 
12403 2175 6754 2205 
12404 6791 6841 3882 
12405 5214 6721 6549 
12406 6839 6885 5628 
12407 1820 6744 2254 
12408 3638 6750 3616 
12409 6573 6729 2643 
12410 2073 6942 1154 
12411 1790 6934 5045 
12412 6611 6738 3119 
12413 3798 6902 3934 
12414 2988 6951 6317 
12415 3690 6831 4316 
12416 1387 6715 1385 
12417 6877 6957 3704 
12418 3952 6580 4152 
12419 4096 7166 3228 
12420 5309 6829 2297 
12421 176 5705 454 
12422 4565 7209 7188 
12423 178 5754 508 
12424 6446 6745 3870 
12425 180 5755 446 
12426 3128 6448 4380 
12427 2145 6842 1761 
12428 3078 6538 2634 
12429 6320 6778 3866 
12430 2306 6736 2182 
12431 2969 6650 3902 
12432 2408 6902 2418 
12433 4786 6818 6788 
12434 596 6000 595 
12435 3681 6859 3689 
12436 2182 6736 2184 
12437 5020 6794 1341 
12438 3622 6617 6416 
12439 7352 7354 3160 
12440 3634 6554 4139 
12441 4686 6637 4687 
12442 4089 6811 6526 
12443 6611 6817 6738 
12444 4380 7008 4379 
12445 6414 6814 2124 
12446 1838 6948 1836 
12447 3655 6041 3653 
12448 2709 6506 1248 
12449 2171 6754 2175 
12450 1605 6844 1606 
12451 4888 6438 1703 
12452 5452 6763 6762 
12453 14 6711 13 
12454 6809 6898 5854 
12455 3171 6911 6832 
12456 3693 6847 6818 
12457 6157 6788 6156 
12458 2707 7052 4779 
12459 4534 7156 7144 
12460 6965 7026 2109 
12461 6938 6999 4670 
12462 5326 6768 6720 
12463 1316 6894 5492 
12464 5972 6800 5971 
12465 6578 6895 1790 
12466 6910 6967 3884 
12467 1494 6905 1719 
12468 6958 6986 4138 
12469 1247 6793 1188 
12470 2168 6643 2170 
12471 6249 6779 6248 
12472 4405 6810 4408 
12473 2255 6820 1899 
12474 3861 6794 5020 
12475 6607 7017 4757 
12476 2643 6855 4439 
12477 4509 7127 7115 
12478 6829 6839 2297 
12479 4689 6637 4686 
12480 2046 6513 2042 
12481 4220 6819 3842 
12482 1500 6904 1502 
12483 6761 6762 2054 
12484 2224 6524 2305 
12485 2773 6582 1601 
12486 3122 6699 6569 
12487 3335 6935 6161 
12488 5283 6816 5197 
12489 4195 6504 3647 
12490 4195 6827 6505 
12491 2308 6705 1794 
12492 4743 6892 6848 
12493 4744 6771 6662 
12494 870 6401 6336 
12495 1389 6760 1387 
12496 4878 6750 3638 
12497 5534 6796 5533 
12498 1619 6794 6595 
12499 6416 6617 2202 
12500 3632 6768 5407 
12501 1813 6328 2307 
12502 2183 6756 5478 
12503 6837 7005 4271 
12504 6105 7178 6555 
12505 7400 7402 490 
12506 3620 6857 6856 
12507 6973 6975 912 
12508 3313 6714 6122 
12509 1243 6807 1158 
12510 5326 6720 1645 
12511 6371 6930 3853 
12512 5366 6798 6686 
12513 155 4753 516 
12514 5622 6918 5064 
12515 5436 6464 3129 
12516 3603 6572 2314 
12517 4182 7106 3604 
12518 6686 6798 1636 
12519 5049 6901 6883 
12520 7390 7392 105 
12521 3011 5575 3014 
12522 5220 6839 6829 
12523 3695 6823 3619 
12524 2681 6677 2672 
12525 3146 6785 5290 
12526 5530 6852 3336 
12527 3618 6881 6797 
12528 4147 6843 4149 
12529 858 6952 854 
12530 6565 6704 781 
12531 2624 6775 2692 
12532 6489 6758 3102 
12533 3658 6889 6753 
12534 4170 6826 4172 
12535 6538 6836 3597 
12536 3707 7044 7026 
12537 5628 6885 2298 
12538 2187 6841 2191 
12539 1833 6544 1835 
12540 4395 6874 6752 
12541 2054 6793 1247 
12542 4728 6883 6677 
12543 5012 7325 7323 
12544 3347 6698 3345 
12545 4207 6828 3282 
12546 6319 6954 2155 
12547 4551 7183 7163 
12548 6465 6755 1193 
12549 7382 7384 99 
12550 2315 6741 3061 
12551 4357 6855 6729 
12552 1668 6830 1609 
12553 6248 6779 2780 
12554 3801 6766 3802 
12555 2202 6936 2198 
12556 2210 6789 6520 
12557 1200 5878 1198 
12558 3210 6722 3080 
12559 4110 6831 3690 
12560 5220 6829 5218 
12561 4149 6843 4305 
12562 1752 6551 1786 
12563 3517 6927 3515 
12564 3338 6681 4386 
12565 4390 6895 6633 
12566 4829 6875 4830 
12567 4204 6859 6783 
12568 6571 6808 4988 
12569 3078 6836 6538 
12570 1742 7001 4186 
12571 34 6884 486 
12572 2090 6944 6135 
12573 6311 6623 3588 
12574 7206 7207 6375 
12575 6977 7002 6452 
12576 6751 6797 2165 
12577 3923 6936 6733 
12578 2241 6737 2242 
12579 3178 6530 2388 
12580 6662 6771 1614 
12581 3587 6698 4302 
12582 2669 6921 2671 
12583 6797 6881 3642 
12584 3896 6786 3667 
12585 2053 6741 2315 
12586 6278 6591 3901 
12587 3885 6910 3884 
12588 6458 7001 926 
12589 3268 6742 4156 
12590 6626 6784 5612 
12591 4770 6874 2090 
12592 3144 6886 4788 
12593 2806 6824 3632 
12594 4927 6701 6693 
12595 1243 6942 4934 
12596 1298 6584 1589 
12597 3593 6636 6624 
12598 3592 6636 3593 
12599 6601 6790 3600 
12600 1761 6842 1699 
12601 4363 6855 4357 
12602 3886 6854 3694 
12603 6390 6892 4743 
12604 4181 6553 4183 
12605 5620 6940 5984 
12606 1212 6303 1217 
12607 1589 6584 1648 
12608 5222 6839 5220 
12609 6594 6595 3861 
12610 5216 6813 6721 
12611 3894 7086 7065 
12612 1776 6495 1729 
12613 2803 6575 2748 
12614 5294 6973 912 
12615 5224 6888 6885 
12616 1343 6487 1607 
12617 6729 6855 2643 
12618 2750 6576 2803 
12619 1834 6996 1832 
12620 2672 6677 5996 
12621 1710 6834 1422 
12622 3871 6815 6351 
12623 4391 6827 4195 
12624 2283 6647 6599 
12625 2387 6791 3651 
12626 3099 6708 6524 
12627 4892 6848 5050 
12628 1599 6930 6371 
12629 6789 6840 6520 
12630 3623 6568 3627 
12631 2622 6775 2624 
12632 1047 6928 1045 
12633 1662 6929 1663 
12634 6719 6854 3635 
12635 1532 6917 1534 
12636 6791 6920 3920 
12637 1188 6793 4440 
12638 179 5754 178 
12639 196 5528 195 
12640 3326 6745 3321 
12641 3603 6649 6572 
12642 3757 6785 6499 
12643 177 5705 176 
12644 6331 6970 2119 
12645 3668 6764 3828 
12646 4306 6912 4307 
12647 4771 6874 4770 
12648 4111 6764 3666 
12649 1525 6961 1523 
12650 3774 6759 3543 
12651 6017 6835 4835 
12652 2297 6839 5628 
12653 6619 6752 3125 
12654 3024 6568 3623 
12655 5451 5453 4225 
12656 4255 6530 3178 
12657 6858 6963 2073 
12658 4353 6729 4352 
12659 3345 6698 3587 
12660 2296 6813 5309 
12661 885 7004 6265 
12662 2196 6675 2199 
12663 3591 6650 2378 
12664 6156 6818 1356 
12665 1775 6852 5530 
12666 1613 6802 6680 
12667 6499 6785 3146 
12668 2549 6956 2547 
12669 6763 6805 6762 
12670 4395 6752 6619 
12671 1356 6847 6145 
12672 6805 6957 6877 
12673 1197 7045 2162 
12674 156 4753 155 
12675 3652 6890 3332 
12676 4106 6546 3633 
12677 3650 6737 2241 
12678 6492 6656 4273 
12679 3463 6960 3562 
12680 6672 6928 1329 
12681 6334 6861 3292 
12682 4305 6846 4306 
12683 3691 6809 3692 
12684 3883 6934 6895 
12685 4412 6790 6601 
12686 3872 6881 3112 
12687 5996 6901 2810 
12688 3298 6643 2168 
12689 4889 7267 2231 
12690 976 6481 978 
12691 3010 5575 3011 
12692 6355 6863 6516 
12693 3612 6822 3615 
12694 6720 6824 4411 
12695 3648 6994 6448 
12696 3692 6847 3693 
12697 6873 6886 3709 
12698 6699 6862 4376 
12699 3879 6907 4129 
12700 3666 6764 3668 
12701 978 6481 1254 
12702 3615 6822 3639 
12703 1156 6942 1243 
12704 6814 6891 2124 
12705 4419 6914 6842 
12706 2223 6606 4737 
12707 2780 7017 6607 
12708 3328 6871 3325 
12709 3588 6623 4119 
12710 2993 6902 2408 
12711 3560 6960 3465 
12712 4099 6759 3774 
12713 6147 6862 6699 
12714 4376 6862 4716 
12715 3892 6780 3135 
12716 3326 6815 6745 
12717 181 5755 180 
12718 4352 6729 6573 
12719 5036 6950 3143 
12720 6595 6794 3861 
12721 6983 7010 3701 
12722 4141 7048 1606 
12723 2298 6888 6293 
12724 4477 6858 4479 
12725 874 6879 868 
12726 4706 6487 1343 
12727 6738 6817 4417 
12728 3566 6869 3423 
12729 4760 6893 4991 
12730 5021 7005 6992 
12731 1280 6394 1265 
12732 348 6250 347 
12733 3135 6780 6541 
12734 6346 6656 6492 
12735 1729 6495 1755 
12736 6987 7045 1195 
12737 1756 6851 5383 
12738 2387 6841 6791 
12739 1736 6486 1763 
12740 6721 6813 2296 
12741 4187 7016 4188 
12742 6942 6963 4934 
12743 1786 6551 1818 
12744 2378 6650 2969 
12745 2543 6981 2541 
12746 2172 6370 2169 
12747 5306 7321 7318 
12748 3802 6766 3832 
12749 572 6845 574 
12750 2199 6675 2346 
12751 4195 6505 6504 
12752 5222 6885 6839 
12753 1265 6394 1266 
12754 1190 7263 4889 
12755 3060 6553 4181 
12756 4402 7038 7023 
12757 6339 6851 3881 
12758 3208 6801 3930 
12759 3099 6524 2224 
12760 6226 7009 885 
12761 5050 6901 5049 
12762 2107 6860 6602 
12763 6887 6913 867 
12764 4302 6880 6451 
12765 1615 6974 1553 
12766 1644 6821 6445 
12767 3705 6949 6946 
12768 2243 6804 6726 
12769 3860 6681 3338 
12770 6111 6887 867 
12771 4742 6850 6603 
12772 6848 6892 5050 
12773 3325 6871 3329 
12774 3564 6876 3429 
12775 6412 6413 3863 
12776 6357 6863 6355 
12777 4710 6708 3099 
12778 5226 6888 5224 
12779 4271 6999 6837 
12780 2191 6841 2387 
12781 2780 6607 1215 
12782 6680 6802 4744 
12783 6075 6838 2067 
12784 3696 6988 6923 
12785 1770 6486 1736 
12786 5984 6940 2086 
12787 2230 6873 6792 
12788 3633 6546 3719 
12789 2420 6782 2409 
12790 6823 6890 3652 
12791 7021 7024 4431 
12792 4935 5878 1200 
12793 2781 6370 2172 
12794 5886 6903 6868 
12795 6603 6850 4735 
12796 4199 6952 6916 
12797 4670 6999 4270 
12798 4397 6976 4396 
12799 1735 6844 1605 
12800 2746 6575 3121 
12801 1720 6918 5622 
12802 3918 6825 3650 
12803 4430 6968 4727 
12804 3709 7053 6983 
12805 1654 6880 5027 
12806 2124 6872 601 
12807 6950 7014 3143 
12808 868 6879 872 
12809 933 6458 926 
12810 927 4879 939 
12811 3142 6993 6984 
12812 4379 6989 4387 
12813 1152 6962 2073 
12814 3631 6733 3629 
12815 4389 6950 5036 
12816 5886 6868 6407 
12817 6615 6907 3879 
12818 2243 6726 2219 
12819 2217 6726 2248 
12820 1215 6607 1268 
12821 3226 7011 2648 
12822 6788 6818 6156 
12823 3706 7069 4287 
12824 6246 7027 1326 
12825 6923 6988 3787 
12826 4330 7005 6837 
12827 6231 6903 3097 
12828 5224 6885 5222 
12829 4470 6897 4472 
12830 5800 7000 5801 
12831 1090 7180 7175 
12832 3883 6895 4390 
12833 4881 6910 1653 
12834 2322 6782 3071 
12835 3139 4865 2719 
12836 1645 6720 4411 
12837 3781 6911 3171 
12838 6554 6649 3603 
12839 6145 6865 6562 
12840 5492 6894 5494 
12841 3127 6765 6534 
12842 1253 7029 1279 
12843 2867 7003 2869 
12844 984 6938 986 
12845 6847 6865 6145 
12846 1124 7130 1239 
12847 6475 6903 5886 
12848 5981 6965 2109 
12849 1749 6830 1668 
12850 2869 7003 6077 
12851 5484 6943 5485 
12852 6877 6979 1306 
12853 6935 6941 3895 
12854 3032 6801 3033 
12855 1545 7021 1543 
12856 6520 6840 1759 
12857 6909 6916 2723 
12858 3886 6955 6926 
12859 1113 7019 1111 
12860 3132 6576 2752 
12861 3321 6745 6446 
12862 862 6987 1195 
12863 3097 6903 6475 
12864 3253 7262 3771 
12865 5006 7037 7007 
12866 1785 6042 1787 
12867 2781 6718 6370 
12868 810 7007 812 
12869 5006 7043 5005 
12870 6375 7207 6583 
12871 867 6913 5307 
12872 3932 6812 3800 
12873 3878 6982 3877 
12874 5478 6757 2781 
12875 2122 6949 5294 
12876 3650 6825 6737 
12877 3724 7068 7062 
12878 4388 7032 4389 
12879 2304 6606 2223 
12880 3695 6890 6823 
12881 4486 6995 4491 
12882 6448 6994 4755 
12883 2710 7008 6292 
12884 2803 6957 6763 
12885 6765 6803 3876 
12886 6602 6860 3652 
12887 5758 6838 5761 
12888 2786 6645 2226 
12889 1492 6905 1494 
12890 4429 7046 4431 
12891 6441 6830 1749 
12892 40 6915 476 
12893 599 7025 597 
12894 6932 6964 2140 
12895 2100 6904 1500 
12896 5372 6984 4397 
12897 2748 6575 2746 
12898 3256 7085 4252 
12899 2810 6892 6390 
12900 3707 7026 6498 
12901 4891 6909 5529 
12902 3218 6972 4227 
12903 3641 6792 3697 
12904 7436 7440 143 
12905 6858 6962 4484 
12906 4727 6968 4729 
12907 956 6458 933 
12908 6468 6967 4881 
12909 4475 6963 4477 
12910 1694 6899 4399 
12911 6161 6935 2153 
12912 2226 6645 1776 
12913 3864 6898 3691 
12914 6984 6993 4767 
12915 6451 6880 1654 
12916 1276 7061 4420 
12917 4766 6950 6937 
12918 885 7009 7004 
12919 6989 7008 5463 
12920 3225 7092 6553 
12921 1759 6840 6719 
12922 3696 6923 3913 
12923 4188 4865 3139 
12924 1146 7030 1242 
12925 4428 7006 4430 
12926 3210 6853 6722 
12927 6991 7023 4177 
12928 7077 7090 913 
12929 912 6975 5980 
12930 6892 6901 5050 
12931 3332 6890 4693 
12932 4094 6833 3803 
12933 6753 6889 4112 
12934 1298 6866 6584 
12935 6756 6757 5478 
12936 2650 7011 3824 
12937 1616 7024 1547 
12938 4309 6853 3210 
12939 3898 7056 7040 
12940 1832 6996 6846 
12941 2752 6576 2750 
12942 2142 6938 984 
12943 3789 6951 3790 
12944 1787 6042 6041 
12945 6993 7014 4765 
12946 6960 7047 5831 
12947 3684 7082 3682 
12948 2067 6838 5758 
12949 7205 7224 4580 
12950 3787 6988 3328 
12951 3172 7015 3789 
12952 2435 7057 2433 
12953 2227 7277 6398 
12954 6982 7025 1346 
12955 2671 6921 3251 
12956 4307 6912 4327 
12957 2723 6952 858 
12958 1148 7039 1150 
12959 3015 6900 3013 
12960 1721 6917 1532 
12961 1684 6966 1769 
12962 6669 7044 3707 
12963 1680 7050 1677 
12964 3884 6934 3883 
12965 6809 6865 3692 
12966 2153 6958 882 
12967 2382 6832 2381 
12968 1551 6925 1549 
12969 7039 7063 4484 
12970 3692 6865 6847 
12971 2810 6901 6892 
12972 5049 6924 1615 
12973 7050 7059 4287 
12974 2073 6962 6858 
12975 6805 6877 4440 
12976 4138 6986 3700 
12977 6677 6883 5996 
12978 3635 6926 3124 
12979 4484 7063 4481 
12980 3691 6898 6809 
12981 1329 6928 1047 
12982 3898 7036 3712 
12983 486 6884 6882 
12984 3926 7041 3924 
12985 5695 7086 3894 
12986 1620 7040 1541 
12987 6135 6919 1334 
12988 559 6998 3727 
12989 6992 7005 4329 
12990 2365 6948 1838 
12991 6293 6906 2302 
12992 6452 7002 3702 
12993 3033 6801 3208 
12994 2409 6782 2322 
12995 6846 6996 4306 
12996 6002 6930 1599 
12997 2219 6726 2217 
12998 6533 7012 6980 
12999 6300 6941 3335 
13000 5045 6967 6468 
13001 5307 6932 2140 
13002 4424 7416 4426 
13003 4232 6969 3817 
13004 3892 6975 6973 
13005 3257 6900 4116 
13006 3946 6878 6804 
13007 3515 6927 3550 
13008 1154 6942 1156 
13009 6989 7018 4387 
13010 3013 6900 3257 
13011 3698 6977 6452 
13012 3313 6914 6714 
13013 4130 7025 6982 
13014 4392 6991 2208 
13015 3889 7071 4166 
13016 3171 6832 2382 
13017 814 7037 911 
13018 6353 7023 4392 
13019 6310 6946 2122 
13020 3886 6926 6854 
13021 3051 7028 5986 
13022 7120 7124 4505 
13023 4151 6864 4133 
13024 3835 6947 3189 
13025 5056 7100 2062 
13026 6925 6968 1616 
13027 2198 6936 2197 
13028 1190 7269 7263 
13029 1539 7056 1537 
13030 1703 7061 1278 
13031 2119 6970 4767 
13032 2140 6964 6226 
13033 961 6465 1193 
13034 4199 6916 3880 
13035 6501 7049 4871 
13036 3709 6983 3701 
13037 6975 6978 5980 
13038 4396 6976 6919 
13039 3887 6955 3886 
13040 4930 6983 932 
13041 914 7001 1742 
13042 4766 7014 6950 
13043 7261 7266 6457 
13044 7433 7434 6422 
13045 3705 6946 3698 
13046 3908 6972 3218 
13047 1648 7035 6616 
13048 4930 7010 6983 
13049 911 7002 6977 
13050 5976 7035 1648 
13051 4490 7072 4493 
13052 1769 7059 1682 
13053 1191 6465 961 
13054 3926 7084 7041 
13055 4394 6944 4395 
13056 6854 6926 3635 
13057 6910 6985 1653 
13058 3888 6980 3699 
13059 3947 6953 3946 
13060 3923 6733 3631 
13061 4271 7005 5021 
13062 3465 6960 3463 
13063 2547 6956 2665 
13064 3131 7042 7015 
13065 1523 6961 1624 
13066 5358 7022 7018 
13067 882 6958 915 
13068 4118 6959 3264 
13069 4395 6944 6874 
13070 3142 6984 5372 
13071 6874 6944 2090 
13072 4188 7004 4866 
13073 4226 7034 3820 
13074 5009 6857 2707 
13075 2227 7282 7277 
13076 1551 6974 6925 
13077 1621 7068 5375 
13078 6936 6990 2197 
13079 6498 6965 3649 
13080 6780 6949 3705 
13081 4765 7014 4766 
13082 5911 7047 5910 
13083 6342 6937 2159 
13084 1598 6989 5463 
13085 5314 7014 6993 
13086 4331 6992 4329 
13087 3895 6986 6935 
13088 6292 7008 4380 
13089 4143 6933 3849 
13090 6965 6978 3649 
13091 3909 7251 7230 
13092 3924 7041 6990 
13093 1663 6929 1669 
13094 6080 6975 3892 
13095 4934 6963 4475 
13096 4420 7061 4322 
13097 6934 6967 5045 
13098 6925 6974 4729 
13099 1150 6962 1152 
13100 6767 7013 2131 
13101 7073 7076 3897 
13102 5037 7022 4421 
13103 6872 6891 6003 
13104 6937 6950 4389 
13105 5314 6993 3142 
13106 3882 6920 6791 
13107 6913 6932 5307 
13108 1553 6974 1551 
13109 1671 7080 1665 
13110 4705 6939 6799 
13111 4728 6924 6883 
13112 6837 6999 2142 
13113 3817 6920 3030 
13114 413 7383 7379 
13115 1340 7079 1594 
13116 4767 6993 4765 
13117 4852 7020 6927 
13118 3281 6922 4242 
13119 3699 7012 4176 
13120 6894 6931 5494 
13121 5226 6906 6888 
13122 7036 7040 1620 
13123 3127 6803 6765 
13124 2365 6992 6948 
13125 4092 6931 6894 
13126 6966 6980 3888 
13127 6883 6924 5049 
13128 3895 6941 4878 
13129 2052 6849 3893 
13130 6966 6971 1769 
13131 6396 6998 515 
13132 856 6987 862 
13133 6946 6977 3698 
13134 4198 6988 3696 
13135 4729 6968 6925 
13136 4866 7009 5436 
13137 1670 6870 1674 
13138 5021 6992 2365 
13139 2124 6891 6872 
13140 4176 6991 4177 
13141 6919 6976 1334 
13142 911 6977 6310 
13143 7101 7105 5024 
13144 2541 6981 2664 
13145 1686 6966 1684 
13146 3030 6920 3882 
13147 3701 7010 4187 
13148 6669 7077 7044 
13149 3946 6953 6878 
13150 6927 7020 3550 
13151 6317 6849 2052 
13152 6941 6985 4878 
13153 6310 6977 6946 
13154 6886 7053 3709 
13155 3719 7076 3070 
13156 1674 6870 6773 
13157 1241 7089 1142 
13158 4488 7099 4490 
13159 3710 7062 3898 
13160 2063 7007 810 
13161 1666 6997 3825 
13162 3898 7040 7036 
13163 6948 6992 4331 
13164 7097 7113 1240 
13165 3890 7077 6669 
13166 3892 6973 6780 
13167 2330 6996 1834 
13168 4483 6995 4486 
13169 1686 6980 6966 
13170 4130 6982 3878 
13171 6525 7073 3897 
13172 6100 7435 7434 
13173 5024 7105 5023 
13174 7006 7024 1616 
13175 7001 7064 4186 
13176 1301 7093 5956 
13177 911 7037 7002 
13178 7416 7417 4426 
13179 6582 7033 4128 
13180 1672 7065 1671 
13181 6019 7013 6767 
13182 909 7102 7098 
13183 1620 7046 7036 
13184 6878 6953 4218 
13185 5719 7093 5722 
13186 3262 7003 2867 
13187 6888 6906 6293 
13188 2197 6990 6579 
13189 6533 6980 1686 
13190 1334 6976 6331 
13191 1306 6979 6442 
13192 4431 7006 4428 
13193 4397 6984 6970 
13194 3050 7000 5800 
13195 4297 6994 3648 
13196 3143 7014 5314 
13197 6300 6985 6941 
13198 4500 7097 4503 
13199 3697 6873 3709 
13200 6763 6957 6805 
13201 7007 7043 5006 
13202 5463 7008 2710 
13203 7010 7016 4187 
13204 4133 6864 4134 
13205 2648 7011 2650 
13206 913 7090 834 
13207 3702 7002 5006 
13208 4876 7282 2227 
13209 3920 6969 3985 
13210 1279 7029 1345 
13211 2063 7058 7043 
13212 7026 7044 6065 
13213 3649 6978 6080 
13214 7036 7046 4781 
13215 7065 7086 1671 
13216 6909 7083 4197 
13217 7098 7102 5024 
13218 1346 7025 599 
13219 1653 6985 6300 
13220 7080 7086 3899 
13221 6786 6971 3888 
13222 3937 7084 3926 
13223 2062 7100 7067 
13224 6867 6933 4165 
13225 926 7001 914 
13226 7061 7078 4322 
13227 4891 7083 6909 
13228 5358 7018 1598 
13229 4421 7022 5358 
13230 2066 7101 792 
13231 3718 7098 5024 
13232 3833 7054 4107 
13233 1242 7030 6995 
13234 3896 6971 6786 
13235 2109 7026 6065 
13236 1547 7024 1545 
13237 812 7037 814 
13238 1022 7327 7313 
13239 492 7435 6100 
13240 1111 7019 1323 
13241 3884 6967 6934 
13242 515 6998 559 
13243 3131 7015 3172 
13244 1543 7021 1620 
13245 6616 7035 4214 
13246 4431 7046 7021 
13247 1140 7104 1241 
13248 796 7102 909 
13249 2066 7105 7101 
13250 7133 7136 4516 
13251 3716 7048 4141 
13252 4329 7005 4330 
13253 4781 7046 4429 
13254 1921 7096 2263 
13255 6856 6857 5009 
13256 6991 7012 2208 
13257 6792 6873 3697 
13258 2149 7010 4930 
13259 3717 7067 4209 
13260 1144 7030 1146 
13261 2149 7016 7010 
13262 3813 6922 3281 
13263 4402 7023 6353 
13264 7004 7009 4866 
13265 6080 6978 6975 
13266 6983 7053 932 
13267 3888 6971 6966 
13268 6265 7016 2149 
13269 4483 7063 6995 
13270 1238 7136 7133 
13271 6849 6951 3789 
13272 4190 7060 4124 
13273 1676 7069 7065 
13274 4389 7032 6937 
13275 7043 7058 5007 
13276 6995 7063 1242 
13277 1541 7040 1539 
13278 4495 7113 4498 
13279 2208 7012 6533 
13280 7074 7075 910 
13281 1240 7110 1136 
13282 6979 7051 6442 
13283 1195 7045 1197 
13284 4214 7031 3130 
13285 3849 6933 6867 
13286 1242 7039 1148 
13287 2159 7032 5037 
13288 3712 7036 4781 
13289 3724 7062 3710 
13290 4176 7012 6991 
13291 856 7090 6987 
13292 5781 7066 5782 
13293 6995 7030 4491 
13294 3130 7042 3131 
13295 910 7075 5025 
13296 4123 7060 4190 
13297 5005 7043 5007 
13298 5910 7047 3560 
13299 4214 7035 7031 
13300 6943 7112 5485 
13301 1598 7018 6989 
13302 1326 7027 6784 
13303 6065 7044 913 
13304 6935 6986 2153 
13305 6779 7017 2780 
13306 7065 7069 3894 
13307 6970 6984 4767 
13308 4509 7115 4511 
13309 1278 7061 1276 
13310 4871 7049 4873 
13311 5025 7058 2063 
13312 7140 7143 4523 
13313 1677 7050 1676 
13314 5436 7009 6964 
13315 6579 7041 2239 
13316 6780 6973 6949 
13317 4141 7052 3715 
13318 6987 7090 4167 
13319 6937 7032 2159 
13320 7051 7064 2800 
13321 1787 7038 4402 
13322 2773 7033 6582 
13323 4287 7069 7050 
13324 1537 7056 1621 
13325 2639 7057 2435 
13326 7031 7042 3130 
13327 6990 7041 6579 
13328 6971 7070 1769 
13329 3144 7076 7073 
13330 6949 6973 5294 
13331 1242 7063 7039 
13332 2800 7064 6458 
13333 5007 7058 3708 
13334 2367 7118 1130 
13335 3894 7069 3706 
13336 7041 7084 2239 
13337 1237 7143 7140 
13338 6041 7038 1787 
13339 7002 7037 5006 
13340 4481 7063 4483 
13341 6964 7009 6226 
13342 4746 7075 7074 
13343 4178 7038 6041 
13344 1345 7029 6908 
13345 1144 7089 7030 
13346 4431 7024 7006 
13347 1676 7065 1672 
13348 3180 7055 3916 
13349 932 7053 6525 
13350 6317 6951 6849 
13351 4209 7100 3720 
13352 6857 7052 2707 
13353 4502 7120 4505 
13354 6447 7112 2674 
13355 6442 7051 2800 
13356 6360 7081 7074 
13357 4167 7090 7077 
13358 7030 7089 4491 
13359 4127 7033 2773 
13360 3715 7052 6857 
13361 6360 7074 910 
13362 3891 7071 3889 
13363 1134 7103 1240 
13364 1060 7233 7217 
13365 3708 7075 4746 
13366 3070 7076 3144 
13367 1092 7175 2207 
13368 4493 7072 4496 
13369 4167 7077 3890 
13370 3144 7073 6886 
13371 4518 7123 4523 
13372 4139 7106 4140 
13373 1241 7099 7089 
13374 909 7098 7095 
13375 7078 7082 4315 
13376 1132 7118 7103 
13377 4746 7074 3713 
13378 7074 7081 3713 
13379 1118 7126 1238 
13380 3898 7062 7056 
13381 1682 7059 1680 
13382 1666 7079 6997 
13383 6438 7078 1703 
13384 4322 7078 4315 
13385 4315 7082 3684 
13386 7115 7127 1239 
13387 2151 7081 6360 
13388 3896 7070 6971 
13389 5025 7075 7058 
13390 6438 7082 7078 
13391 3713 7081 6482 
13392 7058 7075 3708 
13393 1664 7088 5056 
13394 1132 7103 1134 
13395 1238 7133 1120 
13396 7080 7088 1664 
13397 6142 7127 7124 
13398 2063 7043 7007 
13399 6554 7106 4139 
13400 7044 7077 913 
13401 1742 7083 4891 
13402 7104 7110 4496 
13403 7124 7127 4507 
13404 5553 7087 2151 
13405 2239 7084 4346 
13406 4525 7132 4530 
13407 3899 7086 5695 
13408 1665 7080 1664 
13409 909 7095 5553 
13410 7021 7046 1620 
13411 4286 7070 3896 
13412 1594 7079 1666 
13413 1112 7135 1237 
13414 2674 7112 6943 
13415 1142 7089 1144 
13416 7095 7098 4867 
13417 4240 7092 3225 
13418 834 7090 856 
13419 7135 7147 4530 
13420 4516 7136 4513 
13421 6482 7087 3714 
13422 7138 7139 3732 
13423 7158 7161 4541 
13424 7081 7087 6482 
13425 2151 7087 7081 
13426 1241 7104 7072 
13427 7155 7171 2207 
13428 5956 7093 5719 
13429 4867 7098 3718 
13430 5412 7139 5953 
13431 1080 7197 1233 
13432 1237 7140 1114 
13433 5553 7095 7087 
13434 4136 7091 3941 
13435 4498 7097 4500 
13436 5413 7142 7141 
13437 1240 7113 7110 
13438 4523 7143 4520 
13439 3400 7142 3402 
13440 4491 7099 4488 
13441 3732 7141 3398 
13442 5024 7102 7101 
13443 7103 7118 4503 
13444 2263 7096 6213 
13445 4534 7144 4536 
13446 3714 7095 4867 
13447 7087 7095 3714 
13448 2091 7145 5413 
13449 6886 7073 7053 
13450 7050 7069 1676 
13451 3831 7173 3833 
13452 6648 7094 4437 
13453 7101 7102 794 
13454 7056 7062 1621 
13455 792 7101 794 
13456 7097 7103 4503 
13457 1074 7211 1260 
13458 1238 7126 7123 
13459 794 7102 796 
13460 1108 7147 1110 
13461 5023 7105 5774 
13462 7091 7107 3941 
13463 6546 7108 3719 
13464 3941 7107 3983 
13465 1138 7104 1140 
13466 1138 7110 7104 
13467 4530 7150 4527 
13468 2367 7124 7120 
13469 3604 7106 6554 
13470 7123 7126 4523 
13471 3773 7339 3775 
13472 5367 7109 2066 
13473 7053 7073 6525 
13474 3720 7100 7088 
13475 7067 7100 4209 
13476 908 7111 5367 
13477 2367 7120 7118 
13478 4545 7155 4547 
13479 1136 7110 1138 
13480 7144 7156 2206 
13481 5774 7109 3723 
13482 3180 7173 7055 
13483 1237 7135 7132 
13484 2066 7109 7105 
13485 5367 7111 7109 
13486 4505 7124 4507 
13487 7105 7109 5774 
13488 7109 7111 3723 
13489 908 7114 7111 
13490 1102 7158 2206 
13491 1221 7162 7160 
13492 7132 7135 4530 
13493 7072 7104 4496 
13494 7089 7099 4491 
13495 1239 7130 7115 
13496 7114 7116 3725 
13497 5645 7162 3737 
13498 5748 7112 6447 
13499 7111 7114 6294 
13500 1240 7103 7097 
13501 1098 7161 1100 
13502 1141 7159 1139 
13503 3723 7111 6294 
13504 4496 7113 4495 
13505 6052 7159 1141 
13506 1239 7127 6142 
13507 7202 7209 4566 
13508 4551 7163 4554 
13509 4086 7242 4993 
13510 902 7167 734 
13511 5368 7114 908 
13512 1260 7209 7202 
13513 6294 7114 3725 
13514 5368 7116 7114 
13515 738 7165 1221 
13516 6120 7169 6086 
13517 3725 7116 5357 
13518 3738 7170 6060 
13519 902 7170 7169 
13520 7172 7174 6060 
13521 4511 7115 4516 
13522 730 7172 732 
13523 7215 7219 4573 
13524 1220 7174 728 
13525 2093 7116 5368 
13526 7174 7177 6060 
13527 5495 7181 5496 
13528 4558 7176 4561 
13529 5735 7119 7117 
13530 6060 7177 6059 
13531 5357 7117 3726 
13532 1259 7219 7215 
13533 5494 7181 5495 
13534 1220 7177 7174 
13535 1056 7245 1231 
13536 1220 7182 7179 
13537 1088 7180 1090 
13538 3739 7179 5975 
13539 7117 7119 3726 
13540 1130 7118 1132 
13541 5735 7117 2093 
13542 907 7119 5735 
13543 7179 7182 5975 
13544 7116 7117 5357 
13545 2093 7117 7116 
13546 726 7182 1220 
13547 1122 7130 1124 
13548 3726 7119 5548 
13549 4552 7183 4549 
13550 7163 7183 1234 
13551 7184 7185 5975 
13552 7088 7100 5056 
13553 901 7184 722 
13554 3719 7108 7085 
13555 5975 7185 5974 
13556 1086 7187 1234 
13557 901 7185 7184 
13558 6221 7122 7121 
13559 907 7121 7119 
13560 6221 7121 907 
13561 4565 7188 4568 
13562 7121 7122 3728 
13563 7119 7121 5548 
13564 5548 7121 3728 
13565 4503 7120 4502 
13566 1233 7190 1082 
13567 5684 7220 7212 
13568 4556 7195 4558 
13569 503 7463 7459 
13570 5683 7192 456 
13571 7055 7173 3831 
13572 2148 7122 6221 
13573 3728 7122 5931 
13574 4575 7198 4580 
13575 7456 7458 6911 
13576 4515 7123 4518 
13577 7233 7241 4587 
13578 6142 7124 2367 
13579 2393 7207 6471 
13580 5931 7125 3729 
13581 5866 7125 2148 
13582 1260 7202 1076 
13583 7110 7113 4496 
13584 7085 7108 4252 
13585 2148 7125 7122 
13586 3770 7201 7192 
13587 5866 7128 7125 
13588 7122 7125 5931 
13589 6583 7207 2393 
13590 7128 7129 6040 
13591 7125 7128 3729 
13592 7188 7209 1260 
13593 1231 7241 7233 
13594 906 7128 5866 
13595 1116 7126 1118 
13596 4566 7209 4563 
13597 906 7129 7128 
13598 4507 7127 4509 
13599 4541 7164 4538 
13600 6040 7129 3730 
13601 7175 7180 4552 
13602 3729 7128 6040 
13603 4582 7214 4587 
13604 4311 7200 3901 
13605 1044 7281 1229 
13606 4515 7136 7123 
13607 1259 7215 1070 
13608 6176 7129 906 
13609 6104 7186 6105 
13610 7250 7257 4594 
13611 7123 7136 1238 
13612 3770 7212 6377 
13613 1230 7257 7250 
13614 4573 7219 4570 
13615 3730 7131 5998 
13616 2116 7134 7131 
13617 2966 7220 6350 
13618 2422 7200 4311 
13619 6651 7236 4769 
13620 4522 7132 4525 
13621 7131 7134 5998 
13622 2116 7131 6176 
13623 4586 7223 4589 
13624 1120 7133 1122 
13625 6176 7131 7129 
13626 7129 7131 3730 
13627 1064 7224 1066 
13628 1116 7140 7126 
13629 7126 7140 4523 
13630 5385 7134 2116 
13631 5385 7137 7134 
13632 5998 7134 3731 
13633 7134 7137 3731 
13634 4513 7136 4515 
13635 1110 7135 1112 
13636 3749 7231 5711 
13637 3731 7137 6234 
13638 7231 7232 5711 
13639 2782 7239 2968 
13640 897 7232 7231 
13641 905 7137 5385 
13642 7137 7138 6234 
13643 7232 7235 5711 
13644 7147 7150 4530 
13645 1231 7233 1058 
13646 688 7232 897 
13647 4596 7237 4601 
13648 684 7235 686 
13649 6234 7138 3732 
13650 905 7138 7137 
13651 3902 7239 3903 
13652 7132 7143 1237 
13653 4522 7143 7132 
13654 7118 7120 4503 
13655 3903 7239 7238 
13656 4587 7241 4584 
13657 1236 7152 7150 
13658 1066 7205 1068 
13659 7223 7241 1231 
13660 5953 7138 905 
13661 1050 7244 1230 
13662 5711 7240 5710 
13663 7284 7289 4608 
13664 3909 7230 6650 
13665 5594 7152 1236 
13666 4324 7238 2782 
13667 7139 7141 3732 
13668 6739 7258 1661 
13669 1228 7289 7284 
13670 5413 7139 5412 
13671 1230 7250 1052 
13672 1114 7140 1116 
13673 4993 7242 2392 
13674 3752 7254 3904 
13675 6398 7276 1652 
13676 5594 7156 7152 
13677 3398 7141 3400 
13678 1060 7217 1062 
13679 2231 7265 6251 
13680 4600 7255 4603 
13681 1585 7258 1622 
13682 2206 7156 5594 
13683 4594 7257 4591 
13684 3402 7142 3733 
13685 4520 7143 4522 
13686 1122 7133 7130 
13687 7130 7133 4516 
13688 5491 7145 2091 
13689 5413 7145 7142 
13690 7238 7239 2782 
13691 1229 7271 1046 
13692 7230 7251 2968 
13693 3904 7258 6739 
13694 576 7273 1190 
13695 4536 7144 4541 
13696 3755 7269 3907 
13697 5491 7146 7145 
13698 904 7146 5491 
13699 4598 7275 4600 
13700 904 7148 7146 
13701 7145 7146 3733 
13702 7146 7148 5022 
13703 4580 7227 4577 
13704 3733 7146 5022 
13705 5682 7228 5684 
13706 925 7261 6457 
13707 1230 7244 7237 
13708 1236 7147 1108 
13709 7217 7233 4587 
13710 5022 7148 3734 
13711 1622 7256 6419 
13712 7237 7244 4601 
13713 4538 7164 4540 
13714 6151 7149 7148 
13715 6151 7148 904 
13716 7148 7149 3734 
13717 7164 7168 4540 
13718 2141 7149 6151 
13719 1228 7284 1040 
13720 3734 7149 5437 
13721 2141 7151 7149 
13722 3500 7288 3502 
13723 6150 7285 6149 
13724 4540 7168 4543 
13725 3502 7287 3504 
13726 4527 7150 4529 
13727 2206 7158 7144 
13728 3907 7273 6845 
13729 7149 7151 5437 
13730 7150 7152 4529 
13731 2207 7175 7155 
13732 6037 7151 2141 
13733 1219 7290 6150 
13734 4608 7289 4605 
13735 5437 7151 3735 
13736 7168 7171 4543 
13737 3724 7166 7068 
13738 3735 7153 6155 
13739 6845 7273 574 
13740 4543 7171 4545 
13741 7068 7166 4096 
13742 4529 7152 4532 
13743 3906 7266 7261 
13744 7151 7153 3735 
13745 3906 7265 3905 
13746 6037 7153 7151 
13747 903 7153 6037 
13748 7153 7154 6155 
13749 7300 7311 4623 
13750 903 7154 7153 
13751 4618 7295 4623 
13752 6155 7154 3736 
13753 7152 7156 4532 
13754 4547 7155 4552 
13755 3775 7252 6739 
13756 7115 7130 4516 
13757 6025 7154 903 
13758 4532 7156 4534 
13759 6025 7157 7154 
13760 3736 7157 6167 
13761 7154 7157 3736 
13762 1030 7300 1258 
13763 6026 7157 6025 
13764 517 7193 7186 
13765 1090 7175 1092 
13766 1100 7158 1102 
13767 4442 7328 7326 
13768 7157 7160 6167 
13769 7186 7193 3766 
13770 4625 7307 4630 
13771 6026 7160 7157 
13772 892 7306 7305 
13773 4790 7310 7308 
13774 6167 7160 5645 
13775 1139 7159 1319 
13776 1221 7160 6026 
13777 7180 7183 4552 
13778 1235 7161 1098 
13779 1026 7311 1028 
13780 7316 7320 5300 
13781 736 7167 7165 
13782 3737 7162 6121 
13783 5300 7317 5299 
13784 7327 7331 4630 
13785 636 7308 638 
13786 4790 7312 4789 
13787 5012 7324 7321 
13788 4623 7319 4620 
13789 6210 7306 3763 
13790 3771 7276 6232 
13791 736 7165 738 
13792 7165 7167 6121 
13793 3526 7320 3528 
13794 640 7310 892 
13795 4093 7166 3724 
13796 4554 7163 4559 
13797 7323 7324 5012 
13798 1226 7331 7327 
13799 1221 7165 7162 
13800 734 7167 736 
13801 1235 7168 7164 
13802 5012 7321 5011 
13803 3530 7316 3767 
13804 1258 7300 7295 
13805 902 7169 7167 
13806 7321 7324 3767 
13807 6121 7169 6120 
13808 6107 7168 1235 
13809 517 7186 6104 
13810 7295 7300 4623 
13811 5306 7318 891 
13812 7187 7190 4559 
13813 6107 7171 7168 
13814 1233 7197 7176 
13815 6086 7170 3738 
13816 4442 7330 4441 
13817 618 7326 620 
13818 3534 7323 3536 
13819 7318 7321 3767 
13820 3767 7324 3532 
13821 2207 7171 6107 
13822 1226 7327 1020 
13823 7170 7172 6060 
13824 732 7172 902 
13825 4372 7334 2774 
13826 6244 7338 3552 
13827 5527 7333 5978 
13828 728 7174 730 
13829 1233 7195 7190 
13830 4630 7331 4627 
13831 1022 7313 1024 
13832 4561 7176 4566 
13833 3772 7338 6244 
13834 6244 7334 3772 
13835 1234 7187 7163 
13836 7193 7201 3742 
13837 3766 7193 3742 
13838 5822 7340 3158 
13839 1220 7179 7177 
13840 6059 7177 6061 
13841 6244 7336 7334 
13842 7177 7179 6061 
13843 3772 7334 6523 
13844 1234 7180 1088 
13845 4579 7227 7214 
13846 6061 7179 3739 
13847 1010 7347 1257 
13848 1078 7197 1080 
13849 6770 7178 3766 
13850 724 7182 726 
13851 724 7184 7182 
13852 1260 7211 7188 
13853 3742 7201 3770 
13854 7182 7184 5975 
13855 722 7184 724 
13856 4549 7183 4551 
13857 1068 7205 1259 
13858 7313 7327 4630 
13859 3833 7173 7054 
13860 4638 7343 4640 
13861 7161 7164 4541 
13862 7343 7345 1257 
13863 5974 7185 5950 
13864 527 7234 7228 
13865 7189 7191 3740 
13866 1084 7187 1086 
13867 5950 7189 3740 
13868 5934 7191 7189 
13869 622 7328 1194 
13870 1084 7190 7187 
13871 7185 7189 5950 
13872 4568 7188 4573 
13873 901 7189 7185 
13874 5934 7189 901 
13875 5413 7141 7139 
13876 7333 7340 5822 
13877 7228 7234 5572 
13878 2102 7191 5934 
13879 1082 7190 1084 
13880 1236 7150 7147 
13881 6931 7181 5494 
13882 3740 7191 6179 
13883 1072 7211 1074 
13884 5684 7192 5683 
13885 6179 7194 3741 
13886 1225 7348 1006 
13887 7356 7358 1256 
13888 5602 7193 517 
13889 5527 7340 7333 
13890 7194 7196 3741 
13891 5875 7194 2102 
13892 2102 7194 7191 
13893 4559 7195 4556 
13894 7191 7194 6179 
13895 5602 7201 7193 
13896 5875 7196 7194 
13897 3741 7196 5839 
13898 7200 7203 3900 
13899 7196 7199 5839 
13900 900 7199 7196 
13901 6105 7186 7178 
13902 1004 7353 1225 
13903 900 7196 5875 
13904 4644 7350 4647 
13905 7142 7145 3733 
13906 1062 7217 1232 
13907 4642 7351 4644 
13908 6051 7199 900 
13909 5839 7199 3743 
13910 3901 7200 3900 
13911 7214 7227 1232 
13912 3334 7207 7206 
13913 4572 7198 4575 
13914 7353 7355 4652 
13915 3334 7206 6532 
13916 3743 7204 5803 
13917 456 7201 5602 
13918 1076 7202 1078 
13919 3160 7354 6154 
13920 2106 7208 7204 
13921 1000 7355 1002 
13922 6051 7204 7199 
13923 7204 7208 5803 
13924 3900 7203 4117 
13925 7144 7158 4541 
13926 7192 7212 3770 
13927 7199 7204 3743 
13928 2106 7204 6051 
13929 6471 7207 3334 
13930 7198 7205 4580 
13931 5814 7208 2106 
13932 527 7228 5682 
13933 4651 7356 4654 
13934 5803 7208 3744 
13935 4563 7209 4565 
13936 7361 7364 1255 
13937 3744 7210 5823 
13938 998 7359 1256 
13939 7359 7362 4659 
13940 5814 7210 7208 
13941 4577 7227 4579 
13942 7208 7210 3744 
13943 7210 7213 5823 
13944 899 7210 5814 
13945 4572 7219 7198 
13946 5525 7354 7352 
13947 7198 7219 1259 
13948 5823 7213 3745 
13949 899 7213 7210 
13950 994 7362 996 
13951 6377 7212 2966 
13952 5685 7213 899 
13953 4579 7214 4582 
13954 7213 7216 3745 
13955 3745 7216 5824 
13956 7216 7218 5824 
13957 5685 7216 7213 
13958 1070 7215 1072 
13959 2132 7218 7216 
13960 2132 7216 5685 
13961 7197 7202 4566 
13962 5824 7218 3746 
13963 7214 7217 4587 
13964 6196 7218 2132 
13965 4570 7219 4572 
13966 5572 7234 5571 
13967 1078 7202 7197 
13968 6350 7220 5572 
13969 7234 7248 5571 
13970 4652 7358 4649 
13971 1231 7245 7223 
13972 3746 7221 6189 
13973 898 7222 7221 
13974 6196 7221 7218 
13975 7221 7222 6189 
13976 7218 7221 3746 
13977 898 7221 6196 
13978 6159 7222 898 
13979 4658 7361 4661 
13980 6189 7222 3747 
13981 992 7365 1255 
13982 3747 7225 5855 
13983 4659 7364 4656 
13984 7222 7225 3747 
13985 7225 7226 5855 
13986 2089 7226 7225 
13987 6159 7225 7222 
13988 4589 7223 4594 
13989 1224 7367 988 
13990 3910 7266 7251 
13991 1232 7224 1064 
13992 2089 7225 6159 
13993 5571 7248 5573 
13994 5857 7226 2089 
13995 5855 7226 3748 
13996 7211 7215 4573 
13997 6178 7357 5525 
13998 1072 7215 7211 
13999 1054 7245 1056 
14000 5857 7229 7226 
14001 6658 7256 7238 
14002 7226 7229 3748 
14003 897 7229 5857 
14004 3748 7229 5912 
14005 7238 7256 3903 
14006 6398 7277 7276 
14007 7229 7231 5912 
14008 543 7380 7378 
14009 5912 7231 3749 
14010 7248 7260 5573 
14011 897 7231 7229 
14012 6650 7230 3902 
14013 2968 7239 7230 
14014 5573 7260 5574 
14015 1058 7233 1060 
14016 4769 7236 3224 
14017 7251 7266 6326 
14018 686 7232 688 
14019 6148 7234 527 
14020 2069 7235 684 
14021 4593 7237 4596 
14022 6148 7248 7234 
14023 7260 7270 5574 
14024 5710 7240 6214 
14025 7235 7240 5711 
14026 4584 7241 4586 
14027 2069 7243 7240 
14028 7240 7243 6214 
14029 6658 7238 4324 
14030 7162 7165 6121 
14031 1235 7164 7161 
14032 5574 7270 5626 
14033 5933 7243 2069 
14034 7243 7246 3750 
14035 6214 7243 3750 
14036 5933 7246 7243 
14037 6457 7266 3910 
14038 1048 7244 1050 
14039 2392 7242 3823 
14040 896 7246 5933 
14041 4101 7247 7236 
14042 7163 7187 4559 
14043 1234 7183 7180 
14044 3750 7246 5401 
14045 2968 7251 6326 
14046 5684 7228 7220 
14047 4593 7257 7237 
14048 412 7248 6148 
14049 7237 7257 1230 
14050 7167 7169 6121 
14051 896 7249 7246 
14052 2231 7267 7265 
14053 7270 7279 5626 
14054 1229 7281 7255 
14055 7224 7227 4580 
14056 7246 7249 5401 
14057 7155 7175 4552 
14058 3903 7254 3752 
14059 1052 7250 1054 
14060 6139 7249 896 
14061 5401 7249 3751 
14062 3224 7247 3764 
14063 7236 7247 3224 
14064 3910 7251 3909 
14065 1229 7275 7271 
14066 6139 7253 7249 
14067 7249 7253 3751 
14068 1661 7258 1585 
14069 3751 7253 5402 
14070 2095 7259 7253 
14071 5626 7279 5627 
14072 7253 7259 5402 
14073 4603 7255 4608 
14074 2095 7253 6139 
14075 6419 7256 6658 
14076 412 7260 7248 
14077 1652 7262 6845 
14078 7244 7271 4601 
14079 413 7377 97 
14080 7292 7297 5715 
14081 5952 7259 2095 
14082 4591 7257 4593 
14083 902 7172 7170 
14084 6024 7297 7292 
14085 6499 7267 7263 
14086 5402 7259 3753 
14087 6138 7260 412 
14088 6072 7294 7291 
14089 1048 7271 7244 
14090 5952 7264 7259 
14091 7291 7294 4610 
14092 7259 7264 3753 
14093 6499 7263 3757 
14094 6251 7261 925 
14095 3753 7264 5601 
14096 1042 7281 1044 
14097 6138 7270 7260 
14098 895 7264 5952 
14099 6326 7266 3906 
14100 5601 7268 3754 
14101 460 7286 5704 
14102 487 7388 7386 
14103 7264 7268 5601 
14104 895 7268 7264 
14105 7254 7256 1622 
14106 3757 7269 3755 
14107 6241 7380 5560 
14108 3754 7272 6385 
14109 7272 7274 6385 
14110 6132 7268 895 
14111 1054 7250 7245 
14112 540 7270 6138 
14113 7268 7272 3754 
14114 3905 7267 6499 
14115 460 7292 7286 
14116 7245 7250 4594 
14117 2104 7274 7272 
14118 1046 7271 1048 
14119 5915 7274 2104 
14120 2104 7272 6132 
14121 5915 7278 7274 
14122 7263 7269 3757 
14123 100 7382 99 
14124 6132 7272 7268 
14125 7190 7195 4559 
14126 540 7279 7270 
14127 7274 7278 3758 
14128 574 7273 576 
14129 6385 7274 3758 
14130 4607 7291 4610 
14131 6024 7292 460 
14132 4601 7275 4598 
14133 5916 7278 5915 
14134 5704 7279 540 
14135 3758 7278 6255 
14136 7178 7186 3766 
14137 6232 7277 3908 
14138 7278 7280 6255 
14139 7261 7265 3906 
14140 404 7392 7391 
14141 5916 7280 7278 
14142 6255 7280 5044 
14143 6081 7383 5520 
14144 894 7280 5916 
14145 894 7283 7280 
14146 7280 7283 5044 
14147 7277 7282 3908 
14148 2209 7294 6072 
14149 5873 7283 894 
14150 5044 7283 3759 
14151 5873 7285 7283 
14152 7391 7392 5651 
14153 2209 7299 7294 
14154 98 7384 413 
14155 7283 7285 3759 
14156 5522 7384 7382 
14157 404 7385 103 
14158 7309 7315 5675 
14159 5715 7297 6208 
14160 1040 7284 1042 
14161 6084 7315 7309 
14162 6149 7285 5873 
14163 5627 7286 5716 
14164 7297 7303 6208 
14165 1259 7205 7198 
14166 5455 7299 2209 
14167 3504 7287 3760 
14168 5655 7387 5653 
14169 3759 7288 3500 
14170 7176 7197 4566 
14171 6150 7288 7285 
14172 5522 7386 5519 
14173 7286 7292 5716 
14174 3908 7282 6972 
14175 4605 7289 4607 
14176 7290 7293 3760 
14177 6150 7290 7287 
14178 5559 7379 6081 
14179 5841 7290 1219 
14180 4246 7339 2236 
14181 5521 7388 5654 
14182 5900 7402 5897 
14183 6208 7303 5676 
14184 474 7396 7394 
14185 6072 7291 1228 
14186 5455 7302 7299 
14187 5716 7292 5715 
14188 5841 7293 7290 
14189 7262 7276 3771 
14190 3760 7293 5870 
14191 1258 7302 5455 
14192 7281 7284 4608 
14193 1042 7284 7281 
14194 101 7389 487 
14195 4610 7294 4612 
14196 106 7390 105 
14197 5840 7293 5841 
14198 5684 7212 7192 
14199 4616 7295 4618 
14200 5704 7286 7279 
14201 7294 7299 4612 
14202 95 7381 543 
14203 7293 7296 5870 
14204 6084 7309 541 
14205 5870 7296 4713 
14206 4713 7298 3761 
14207 7279 7286 5627 
14208 7296 7298 4713 
14209 5840 7296 7293 
14210 893 7296 5840 
14211 6023 7297 6024 
14212 893 7298 7296 
14213 6204 7298 893 
14214 7301 7304 6209 
14215 7295 7302 1258 
14216 4616 7302 7295 
14217 5648 7391 5651 
14218 7188 7211 4573 
14219 2121 7304 7301 
14220 5900 7401 7398 
14221 4612 7299 4614 
14222 6023 7303 7297 
14223 7311 7319 4623 
14224 1028 7300 1030 
14225 1232 7217 7214 
14226 5675 7315 5902 
14227 2121 7301 6204 
14228 3761 7301 6209 
14229 6204 7301 7298 
14230 1024 7313 1227 
14231 7298 7301 3761 
14232 5651 7392 7390 
14233 7385 7387 5655 
14234 6209 7304 3762 
14235 104 7392 404 
14236 1228 7291 7289 
14237 7299 7302 4614 
14238 414 7393 109 
14239 5579 7304 2121 
14240 4614 7302 4616 
14241 7289 7291 4607 
14242 892 7310 7306 
14243 7304 7305 3762 
14244 5651 7394 5649 
14245 541 7303 6023 
14246 5898 7403 6207 
14247 404 7387 7385 
14248 892 7305 5579 
14249 414 7399 7395 
14250 7315 7322 5902 
14251 3762 7305 6210 
14252 5579 7305 7304 
14253 3763 7306 4790 
14254 7335 7342 5820 
14255 5055 7395 5052 
14256 5977 7342 7335 
14257 5902 7322 6335 
14258 6318 7396 5053 
14259 1218 7308 636 
14260 5676 7309 5675 
14261 7322 7329 6335 
14262 7312 7314 4791 
14263 4622 7307 4625 
14264 7308 7312 4790 
14265 4789 7312 4791 
14266 638 7310 640 
14267 1218 7314 7312 
14268 112 7398 111 
14269 5301 7314 1218 
14270 4791 7314 3765 
14271 7307 7313 4630 
14272 6335 7329 5821 
14273 1227 7311 1026 
14274 5301 7317 7314 
14275 7307 7319 1227 
14276 7314 7317 3765 
14277 5299 7317 5301 
14278 427 7315 6084 
14279 5300 7320 7317 
14280 4622 7319 7307 
14281 3528 7316 3530 
14282 891 7318 5300 
14283 6095 7405 7404 
14284 4620 7319 4622 
14285 5054 7399 5899 
14286 7316 7318 3767 
14287 3765 7320 3526 
14288 6094 7400 490 
14289 620 7328 622 
14290 2163 7344 7341 
14291 7341 7344 4634 
14292 5977 7335 535 
14293 427 7322 7315 
14294 7303 7309 5676 
14295 6071 7322 427 
14296 541 7309 7303 
14297 5011 7321 5306 
14298 7404 7405 5417 
14299 3532 7324 3534 
14300 4629 7337 4632 
14301 3768 7325 4442 
14302 7393 7395 5055 
14303 6071 7329 7322 
14304 7326 7330 4442 
14305 890 7326 618 
14306 3536 7323 3768 
14307 7337 7341 4632 
14308 1020 7327 1022 
14309 5898 7402 7400 
14310 5820 7342 5822 
14311 7220 7228 5572 
14312 414 7395 7393 
14313 6434 7336 7332 
14314 1232 7227 7224 
14315 6434 7332 890 
14316 535 7329 6071 
14317 7323 7325 3768 
14318 7340 7346 5644 
14319 4632 7341 4634 
14320 4627 7331 4629 
14321 890 7332 7330 
14322 7332 7336 3769 
14323 4441 7330 6308 
14324 6366 7404 5417 
14325 4841 7344 2163 
14326 6093 7405 6095 
14327 5978 7333 461 
14328 6523 7334 4372 
14329 6308 7332 3769 
14330 7330 7332 6308 
14331 2774 7336 6434 
14332 107 7397 474 
14333 5821 7335 5820 
14334 3769 7336 6244 
14335 3552 7338 3773 
14336 1194 7328 7325 
14337 6332 7337 1226 
14338 6332 7341 7337 
14339 5527 7346 7340 
14340 5822 7342 7333 
14341 7333 7342 461 
14342 3158 7340 5644 
14343 7230 7239 3902 
14344 7223 7245 4594 
14345 4841 7345 7344 
14346 2163 7341 6332 
14347 1257 7345 4841 
14348 2069 7240 7235 
14349 461 7342 5977 
14350 110 7401 414 
14351 4640 7343 4645 
14352 5644 7346 3159 
14353 5524 7352 7349 
14354 7349 7352 5669 
14355 1226 7337 7331 
14356 7331 7337 4629 
14357 4634 7344 4636 
14358 1257 7347 7343 
14359 7329 7335 5821 
14360 535 7335 7329 
14361 5696 7410 553 
14362 1008 7347 1010 
14363 4636 7345 4638 
14364 7344 7345 4636 
14365 5524 7349 5526 
14366 6287 7412 7410 
14367 5526 7346 5527 
14368 3903 7256 7254 
14369 1225 7351 7348 
14370 6287 7413 3170 
14371 7276 7277 6232 
14372 5669 7352 3160 
14373 4840 7423 6188 
14374 126 7414 125 
14375 7265 7267 3905 
14376 4840 7422 7420 
14377 1006 7348 1008 
14378 7271 7275 4601 
14379 1008 7348 7347 
14380 7347 7348 4645 
14381 4647 7350 4652 
14382 3159 7349 5669 
14383 6251 7265 7261 
14384 6298 7415 4424 
14385 1225 7353 7350 
14386 125 7417 124 
14387 537 7357 6178 
14388 4645 7351 4642 
14389 537 7360 7357 
14390 5526 7349 7346 
14391 7346 7349 3159 
14392 5525 7352 5524 
14393 1002 7353 1004 
14394 1652 7276 7262 
14395 5792 7360 537 
14396 4426 7418 4423 
14397 4649 7358 4651 
14398 7255 7281 4608 
14399 6154 7354 5538 
14400 6096 7420 433 
14401 5792 7363 7360 
14402 1256 7355 1000 
14403 462 7363 5792 
14404 538 7370 7368 
14405 4654 7356 4659 
14406 7368 7370 5927 
14407 1256 7359 7356 
14408 462 7366 7363 
14409 7357 7360 5538 
14410 5964 7366 462 
14411 996 7359 998 
14412 4656 7364 4658 
14413 3911 7437 7432 
14414 7252 7339 4246 
14415 5538 7360 5537 
14416 5964 7368 7366 
14417 6540 7425 5321 
14418 1255 7362 994 
14419 416 7424 135 
14420 7285 7288 3759 
14421 7355 7358 4652 
14422 4661 7361 4668 
14423 538 7368 5964 
14424 7360 7363 5537 
14425 5322 7426 5320 
14426 491 7427 6097 
14427 6101 7428 6106 
14428 5525 7357 7354 
14429 7287 7290 3760 
14430 5321 7429 5319 
14431 7365 7367 4668 
14432 5537 7363 5539 
14433 990 7367 7365 
14434 990 7365 992 
14435 1255 7365 7361 
14436 5927 7370 6323 
14437 7363 7366 5539 
14438 6404 7431 6405 
14439 5539 7366 5540 
14440 417 7439 7438 
14441 428 7371 6074 
14442 7366 7368 5540 
14443 7362 7364 4659 
14444 988 7367 990 
14445 1224 7369 7367 
14446 5540 7368 5927 
14447 428 7372 7371 
14448 493 7444 7441 
14449 6087 7372 428 
14450 7428 7431 6404 
14451 4668 7369 4667 
14452 7424 7426 5322 
14453 141 7432 140 
14454 6074 7370 538 
14455 6087 7373 7372 
14456 6422 7434 6421 
14457 542 7373 6087 
14458 416 7426 7424 
14459 7377 7381 96 
14460 463 7376 7375 
14461 7375 7376 5666 
14462 6101 7431 7428 
14463 3911 7438 3776 
14464 542 7374 7373 
14465 1227 7313 7307 
14466 7306 7310 4790 
14467 6323 7371 5032 
14468 144 7436 143 
14469 6092 7374 542 
14470 133 7430 491 
14471 4400 7444 3784 
14472 7371 7372 5032 
14473 1227 7319 7311 
14474 6092 7375 7374 
14475 5032 7372 5031 
14476 463 7375 6092 
14477 7372 7373 5031 
14478 4216 7441 3777 
14479 1218 7312 7308 
14480 142 7440 417 
14481 6100 7434 7433 
14482 6074 7371 7370 
14483 7370 7371 6323 
14484 6455 7439 4215 
14485 4216 7440 7436 
14486 5031 7373 5033 
14487 3775 7339 7252 
14488 437 7442 147 
14489 5666 7376 5667 
14490 7373 7374 5033 
14491 145 7445 493 
14492 5300 7318 7316 
14493 3912 7443 3778 
14494 5033 7374 5034 
14495 5561 7381 7377 
14496 5561 7379 5559 
14497 7317 7320 3765 
14498 7374 7375 5034 
14499 543 7378 6088 
14500 5034 7375 5666 
14501 96 7381 95 
14502 7325 7328 4442 
14503 6088 7376 463 
14504 437 7443 7442 
14505 890 7330 7326 
14506 7442 7443 3912 
14507 97 7377 96 
14508 139 7437 492 
14509 5667 7378 6241 
14510 413 7379 7377 
14511 413 7384 7383 
14512 5560 7380 5561 
14513 485 7449 159 
14514 3914 7453 3780 
14515 6088 7378 7376 
14516 7376 7378 5667 
14517 487 7382 100 
14518 487 7389 7388 
14519 5520 7383 5522 
14520 7382 7386 5522 
14521 503 7457 162 
14522 99 7384 98 
14523 543 7381 7380 
14524 7343 7347 4645 
14525 103 7385 102 
14526 7393 7397 108 
14527 3915 7462 7457 
14528 5519 7386 5521 
14529 5653 7387 5650 
14530 7348 7351 4645 
14531 7385 7389 102 
14532 5655 7389 7385 
14533 5654 7388 5655 
14534 3786 7461 3915 
14535 102 7389 101 
14536 6911 7458 3785 
14537 404 7391 7387 
14538 7350 7353 4652 
14539 7387 7391 5650 
14540 474 7390 106 
14541 161 7462 160 
14542 5055 7397 7393 
14543 5650 7391 5648 
14544 7390 7394 5651 
14545 108 7397 107 
14546 105 7392 104 
14547 7449 7453 3914 
14548 7354 7357 5538 
14549 109 7393 108 
14550 1256 7358 7355 
14551 5649 7394 6318 
14552 7356 7359 4659 
14553 5052 7395 5054 
14554 6777 7463 4257 
14555 485 7453 7449 
14556 5053 7396 5055 
14557 111 7401 110 
14558 7398 7402 5900 
14559 465 7458 7456 
14560 490 7398 112 
14561 7361 7365 4668 
14562 1255 7364 7362 
14563 5897 7402 5898 
14564 7400 7403 5898 
14565 3782 7459 6777 
14566 5899 7399 5900 
14567 7406 7407 5416 
14568 6095 7400 6094 
14569 7367 7369 4668 
14570 5467 7407 7406 
14571 474 7397 7396 
14572 6207 7403 2977 
14573 157 7460 465 
14574 5467 7406 415 
14575 2977 7404 6366 
14576 414 7401 7399 
14577 459 7411 7409 
14578 5416 7407 5418 
14579 7409 7411 5317 
14580 7403 7404 2977 
14581 415 7405 6093 
14582 6095 7404 7403 
14583 7407 7408 5418 
14584 5418 7408 5419 
14585 459 7409 5979 
14586 5417 7406 5416 
14587 5317 7411 5316 
14588 512 7407 5467 
14589 7411 7412 5316 
14590 5979 7408 512 
14591 512 7408 7407 
14592 5316 7412 6287 
14593 7405 7406 5417 
14594 415 7406 7405 
14595 5419 7409 5317 
14596 5697 7410 5696 
14597 6043 7411 459 
14598 5697 7415 7413 
14599 163 7464 503 
14600 6043 7412 7411 
14601 7377 7379 5561 
14602 7410 7413 6287 
14603 553 7412 6043 
14604 5979 7409 7408 
14605 7408 7409 5419 
14606 3170 7413 6299 
14607 7413 7415 6299 
14608 7419 7421 6296 
14609 473 7414 126 
14610 7415 7416 4424 
14611 5439 7421 7419 
14612 6299 7415 6298 
14613 473 7419 7418 
14614 405 7416 5697 
14615 7424 7430 134 
14616 5439 7419 473 
14617 7414 7418 4426 
14618 124 7417 405 
14619 405 7417 7416 
14620 6296 7421 4839 
14621 7418 7419 4425 
14622 7380 7381 5561 
14623 4423 7418 4425 
14624 433 7422 6341 
14625 4425 7419 6296 
14626 7420 7423 4840 
14627 7383 7384 5522 
14628 6098 7420 6096 
14629 6341 7421 5439 
14630 487 7386 7382 
14631 6188 7423 2980 
14632 5322 7430 7424 
14633 416 7428 7426 
14634 7426 7428 6404 
14635 4839 7422 4840 
14636 7425 7427 5321 
14637 134 7430 133 
14638 135 7424 134 
14639 7431 7433 2982 
14640 7388 7389 5655 
14641 2980 7425 6540 
14642 6341 7422 7421 
14643 7421 7422 4839 
14644 6098 7425 7423 
14645 6097 7427 6098 
14646 5320 7426 6404 
14647 7423 7425 2980 
14648 6106 7428 416 
14649 5319 7429 5322 
14650 6101 7433 7431 
14651 6405 7431 2982 
14652 2982 7433 6422 
14653 7449 7460 158 
14654 140 7437 139 
14655 474 7394 7390 
14656 491 7430 7429 
14657 417 7432 141 
14658 6100 7433 6101 
14659 6421 7434 3783 
14660 7432 7438 3911 
14661 417 7440 7439 
14662 7434 7435 3783 
14663 3783 7435 3911 
14664 493 7436 144 
14665 4763 7447 7446 
14666 3776 7438 6455 
14667 7446 7447 6923 
14668 7436 7441 4216 
14669 4215 7439 4216 
14670 7396 7397 5055 
14671 7450 7454 3779 
14672 143 7440 142 
14673 3777 7441 4400 
14674 493 7445 7444 
14675 147 7442 146 
14676 3778 7443 3787 
14677 7442 7445 146 
14678 3912 7445 7442 
14679 6102 7454 7450 
14680 4763 7446 437 
14681 3784 7444 3912 
14682 146 7445 145 
14683 492 7437 7435 
14684 3914 7460 7449 
14685 4753 7456 7455 
14686 7399 7401 5900 
14687 7455 7456 3781 
14688 7447 7448 3913 
14689 490 7402 7398 
14690 6923 7447 3913 
14691 3913 7448 6713 
14692 6102 7450 6103 
14693 7443 7446 3787 
14694 6095 7403 7400 
14695 437 7446 7443 
14696 3787 7446 6923 
14697 7451 7452 3790 
14698 3790 7452 3788 
14699 3779 7454 6439 
14700 158 7460 157 
14701 6439 7451 3790 
14702 544 7447 4763 
14703 4753 7455 516 
14704 544 7448 7447 
14705 6103 7448 544 
14706 159 7449 158 
14707 3781 7456 6911 
14708 6439 7454 7451 
14709 3915 7459 3782 
14710 6713 7450 3779 
14711 516 7452 6315 
14712 6315 7451 448 
14713 3780 7453 4344 
14714 6315 7452 7451 
14715 448 7454 6102 
14716 465 7456 4753 
14717 3788 7455 3781 
14718 7451 7454 448 
14719 7461 7462 3915 
14720 6103 7450 7448 
14721 7448 7450 6713 
14722 162 7457 161 
14723 485 7461 7453 
14724 7452 7455 3788 
14725 516 7455 7452 
14726 3785 7458 3914 
14727 5697 7413 7410 
14728 7453 7461 4344 
14729 503 7459 7457 
14730 164 7464 163 
14731 5697 7416 7415 
14732 473 7418 7414 
14733 4344 7461 3786 
14734 160 7462 485 
14735 4257 7463 4259 
14736 6098 7423 7420 
14737 465 7460 7458 
14738 6098 7427 7425 
14739 7429 7430 5322 
14740 503 7464 7463 
14741 417 7438 7432 
14742 7435 7437 3911 
14743 7439 7440 4216 
14744 493 7441 7436 
14745 7444 7445 3912 
14746 7457 7459 3915 
14747 485 7462 7461 
14748 7458 7460 3914 
14749 7463 7464 4259 
14750 4021 7471 3852 
14751 3944 7494 3942 
14752 7494 7503 3174 
14753 534 7467 4085 
14754 4085 7467 3996 
14755 3222 7465 3980 
14756 3181 7465 3182 
14757 326 7466 522 
14758 214 7468 213 
14759 3887 7469 6955 
14760 2262 7470 1855 
14761 1857 7470 2264 
14762 6247 7471 2244 
14763 3852 7471 3851 
14764 5243 7472 533 
14765 4232 7545 545 
14766 6825 7491 7479 
14767 3182 7465 3222 
14768 6906 7473 2302 
14769 6329 7482 7476 
14770 327 7466 326 
14771 1891 7474 2271 
14772 2269 7474 1889 
14773 4003 7497 3815 
14774 7526 7589 6036 
14775 4014 7486 6250 
14776 213 7468 452 
14777 6955 7469 3961 
14778 1855 7470 1857 
14779 3851 7471 6247 
14780 2302 7473 4933 
14781 6906 7480 7473 
14782 6329 7476 2994 
14783 6289 7476 3978 
14784 204 7483 203 
14785 4075 7473 4076 
14786 447 7543 3984 
14787 6250 7486 443 
14788 361 7484 360 
14789 4028 7477 4023 
14790 1829 7478 1831 
14791 4081 7584 4029 
14792 6825 7479 2993 
14793 6902 7479 3934 
14794 445 7507 3944 
14795 2701 7489 4066 
14796 4015 7498 3026 
14797 1889 7474 1891 
14798 5227 7480 5226 
14799 4065 7475 3989 
14800 7473 7480 4076 
14801 4059 7481 4056 
14802 4058 7568 4057 
14803 5578 7589 7526 
14804 7476 7482 3979 
14805 7479 7491 3935 
14806 3275 7495 4009 
14807 4238 7488 6381 
14808 165 7487 164 
14809 8 7488 7 
14810 7464 7487 4259 
14811 4963 7485 4965 
14812 4028 7490 7477 
14813 4058 7575 7568 
14814 3191 7489 2705 
14815 2702 7489 2701 
14816 1827 7490 1829 
14817 2994 7476 6289 
14818 3942 7494 3186 
14819 3175 7494 3174 
14820 7471 7477 2244 
14821 3935 7520 549 
14822 4233 7495 3275 
14823 3814 7495 3021 
14824 526 7496 236 
14825 235 7496 457 
14826 3971 7497 4067 
14827 3815 7497 6568 
14828 3764 7498 3964 
14829 3026 7498 7247 
14830 3944 7503 7494 
14831 4962 7499 4721 
14832 4717 7499 5381 
14833 4721 7499 4718 
14834 4012 7500 505 
14835 4023 7477 4021 
14836 4070 7501 425 
14837 3979 7524 509 
14838 505 7500 349 
14839 348 7500 6250 
14840 425 7501 328 
14841 429 7561 4054 
14842 1831 7478 2245 
14843 7485 7537 4965 
14844 4021 7477 7471 
14845 2993 7479 6902 
14846 4025 7502 4028 
14847 480 7584 4081 
14848 4054 7564 429 
14849 3984 7550 385 
14850 4312 7527 7475 
14851 327 7501 7466 
14852 5226 7480 6906 
14853 533 7504 253 
14854 252 7504 477 
14855 4052 7505 4059 
14856 4053 7505 4050 
14857 3982 7535 464 
14858 4056 7481 4058 
14859 3832 7528 6064 
14860 7477 7490 2244 
14861 5755 7536 446 
14862 188 7507 445 
14863 5914 7507 189 
14864 2269 7578 4969 
14865 3986 7540 453 
14866 451 7541 3987 
14867 457 7508 234 
14868 233 7508 518 
14869 4255 7482 6329 
14870 470 7510 6064 
14871 508 7513 5706 
14872 4103 7544 552 
14873 3990 7514 3919 
14874 3930 7515 3818 
14875 3296 7517 3034 
14876 4968 7485 4963 
14877 4028 7502 7478 
14878 3989 7567 451 
14879 6381 7488 8 
14880 164 7487 7464 
14881 3794 7519 3792 
14882 4020 7492 4022 
14883 4060 7492 4020 
14884 4103 7546 3943 
14885 382 7520 434 
14886 549 7520 383 
14887 2705 7489 2702 
14888 5381 7521 2252 
14889 2244 7490 1827 
14890 4046 7522 4053 
14891 3918 7491 6825 
14892 4261 7509 4254 
14893 3795 7523 3794 
14894 4239 7557 497 
14895 172 7524 469 
14896 509 7524 173 
14897 545 7558 3985 
14898 501 7532 5585 
14899 5833 7533 496 
14900 6801 7526 3930 
14901 3181 7493 7465 
14902 477 7537 7485 
14903 4714 7511 3925 
14904 3799 7512 3931 
14905 3186 7494 3175 
14906 1843 7529 1845 
14907 4339 7530 4338 
14908 3921 7530 4714 
14909 4152 7531 4153 
14910 3931 7531 3932 
14911 3974 7532 3973 
14912 3791 7533 3955 
14913 4042 7534 4041 
14914 7465 7493 3982 
14915 389 7535 550 
14916 464 7535 390 
14917 4173 7536 4174 
14918 4967 7537 4973 
14919 5705 7539 454 
14920 3021 7495 4233 
14921 7474 7563 2271 
14922 236 7496 235 
14923 6568 7497 3971 
14924 453 7540 371 
14925 370 7540 547 
14926 507 7541 194 
14927 193 7541 451 
14928 4038 7542 4036 
14929 7247 7498 3764 
14930 3928 7544 3929 
14931 4102 7544 4103 
14932 377 7545 444 
14933 545 7545 378 
14934 445 7546 187 
14935 7509 7587 7482 
14936 398 7547 497 
14937 554 7547 399 
14938 499 7548 168 
14939 167 7548 556 
14940 372 7549 453 
14941 548 7549 373 
14942 384 7550 549 
14943 391 7551 464 
14944 546 7551 392 
14945 454 7552 175 
14946 174 7552 509 
14947 365 7553 501 
14948 496 7554 199 
14949 230 7555 429 
14950 5872 7555 231 
14951 7502 7506 2245 
14952 5577 7556 5578 
14953 7514 7586 7491 
14954 497 7557 397 
14955 396 7557 6126 
14956 4718 7499 4717 
14957 7493 7517 6045 
14958 532 7574 4064 
14959 7470 7568 2264 
14960 6063 7528 546 
14961 349 7500 348 
14962 328 7501 327 
14963 4064 7577 532 
14964 4039 7561 4042 
14965 4054 7561 4037 
14966 499 7559 4260 
14967 4971 7563 7474 
14968 198 7554 4153 
14969 4339 7553 366 
14970 510 7527 5914 
14971 228 7564 532 
14972 429 7564 229 
14973 477 7565 251 
14974 4040 7566 4047 
14975 191 7567 510 
14976 451 7567 192 
14977 4057 7568 7470 
14978 1 7570 400 
14979 362 7572 6 
14980 7 7570 1 
14981 6 7572 361 
14982 2 7571 165 
14983 166 7571 2 
14984 203 7569 5 
14985 5 7569 202 
14986 7478 7502 2245 
14987 4027 7502 4025 
14988 6022 7526 6036 
14989 4035 7574 4054 
14990 4064 7574 4033 
14991 4255 7509 7482 
14992 4951 7575 4953 
14993 4031 7584 4064 
14994 5196 7581 5198 
14995 250 7580 249 
14996 532 7577 227 
14997 226 7577 480 
14998 2245 7506 6544 
14999 7521 7560 2252 
15000 3174 7503 4312 
15001 3181 7517 7493 
15002 3918 7514 7491 
15003 3984 7543 3927 
15004 253 7504 252 
15005 169 7559 499 
15006 4027 7506 7502 
15007 4172 7513 4173 
15008 4050 7505 4052 
15009 3976 7539 5706 
15010 6082 7523 548 
15011 7475 7527 510 
15012 7506 7516 6544 
15013 4972 7563 4971 
15014 7499 7521 5381 
15015 4030 7506 4027 
15016 3933 7550 3984 
15017 189 7507 188 
15018 444 7519 6083 
15019 6544 7516 2256 
15020 4179 7543 6046 
15021 379 7558 545 
15022 7485 7565 477 
15023 3938 7512 3799 
15024 3925 7511 3936 
15025 5999 7515 435 
15026 4030 7516 7506 
15027 469 7587 7509 
15028 7516 7525 2256 
15029 234 7508 233 
15030 4972 7581 7563 
15031 4254 7509 4255 
15032 6126 7510 470 
15033 3916 7510 3917 
15034 547 7511 6062 
15035 5528 7512 507 
15036 7466 7518 522 
15037 5754 7513 508 
15038 434 7586 7514 
15039 3919 7514 3918 
15040 3818 7515 3928 
15041 2252 7560 5473 
15042 4072 7518 7466 
15043 522 7518 5272 
15044 4032 7516 4030 
15045 2256 7525 6435 
15046 3034 7517 3181 
15047 2258 7562 1841 
15048 3792 7519 4231 
15049 4153 7554 3953 
15050 4337 7553 4339 
15051 383 7520 382 
15052 4032 7525 7516 
15053 7525 7538 6435 
15054 4964 7521 4962 
15055 4044 7522 4046 
15056 3940 7523 3795 
15057 6064 7528 6063 
15058 3990 7558 380 
15059 173 7524 172 
15060 7503 7527 4312 
15061 4034 7525 4032 
15062 6435 7538 2258 
15063 5578 7526 6801 
15064 7560 7578 5473 
15065 4962 7521 7499 
15066 4044 7534 7522 
15067 6766 7528 3832 
15068 4047 7566 7529 
15069 1845 7529 2246 
15070 4338 7530 3921 
15071 3932 7531 4152 
15072 4034 7538 7525 
15073 3975 7539 3976 
15074 3973 7532 4336 
15075 3951 7533 3791 
15076 7481 7583 4058 
15077 3927 7543 4179 
15078 7503 7579 7527 
15079 4041 7534 4044 
15080 1841 7562 1843 
15081 390 7535 389 
15082 380 7558 379 
15083 4174 7536 5576 
15084 4261 7559 170 
15085 4964 7560 7521 
15086 4965 7537 4967 
15087 4036 7538 4034 
15088 5706 7539 5705 
15089 371 7540 370 
15090 194 7541 193 
15091 4047 7542 4038 
15092 6046 7543 447 
15093 3929 7544 4102 
15094 378 7545 377 
15095 187 7546 186 
15096 4968 7565 7485 
15097 399 7547 398 
15098 168 7548 167 
15099 373 7549 372 
15100 385 7550 384 
15101 392 7551 391 
15102 175 7552 174 
15103 366 7553 365 
15104 199 7554 198 
15105 7483 7569 203 
15106 231 7555 230 
15107 5473 7578 2269 
15108 361 7572 7484 
15109 170 7559 169 
15110 5576 7556 5577 
15111 397 7557 396 
15112 3985 7558 3990 
15113 4260 7559 4261 
15114 4966 7560 4964 
15115 4037 7561 4039 
15116 2262 7588 4055 
15117 165 7571 7487 
15118 7488 7570 7 
15119 7566 7573 2246 
15120 2271 7563 5273 
15121 7556 7589 5578 
15122 2246 7573 5000 
15123 229 7564 228 
15124 251 7565 250 
15125 4043 7566 4040 
15126 192 7567 191 
15127 4966 7578 7560 
15128 6045 7585 6046 
15129 7573 7576 5000 
15130 7527 7579 5914 
15131 2264 7568 4976 
15132 4043 7573 7566 
15133 400 7570 554 
15134 555 7572 362 
15135 202 7569 557 
15136 556 7571 166 
15137 7524 7587 469 
15138 7563 7581 5273 
15139 5000 7576 2260 
15140 7520 7586 434 
15141 7568 7575 4976 
15142 4045 7573 4043 
15143 4953 7583 4955 
15144 4033 7574 4035 
15145 7576 7582 2260 
15146 4045 7576 7573 
15147 3296 7585 7517 
15148 4976 7575 4951 
15149 5914 7579 7507 
15150 2260 7582 6423 
15151 7542 7562 2258 
15152 4049 7576 4045 
15153 7582 7588 6423 
15154 227 7577 226 
15155 4969 7578 4966 
15156 4049 7582 7576 
15157 6423 7588 2262 
15158 249 7580 420 
15159 5273 7581 5196 
15160 557 7569 7483 
15161 4051 7582 4049 
15162 7484 7572 555 
15163 4029 7584 4031 
15164 4051 7588 7582 
15165 4055 7588 4051 
15166 6036 7589 511 
15167 7487 7571 556 
15168 554 7570 7488 
15169 7482 7587 3979 
15170 7491 7586 3935 
15171 7529 7566 2246 
15172 3944 7579 7503 
15173 7517 7585 6045 
15174 4047 7562 7542 
15175 7507 7579 3944 
15176 3935 7586 7520 
15177 3979 7587 7524 
15178 511 7589 7556 
$EndElements
