$MeshFormat
4.1 0 8
$EndMeshFormat
$PhysicalNames
7
0 6 "ClampNodes"
1 1 "Bottom"
1 2 "RightFree"
1 3 "Load"
1 4 "Top"
1 5 "Clamp"
2 7 "Design"
$EndPhysicalNames
$Entities
6 6 1 0
1 0 0 0 1 6 
2 3 0 0 0 
3 3 0.25 0 0 
4 3 0.75 0 0 
5 3 1 0 0 
6 0 1 0 1 6 
1 -1.000000000583867e-07 -1e-07 -1e-07 3.0000001 1e-07 1e-07 1 1 2 1 -2 
2 2.9999999 -1.000000000028756e-07 -1e-07 3.0000001 0.2500001 1e-07 1 2 2 2 -3 
3 2.9999999 0.2499999 -1e-07 3.0000001 0.7500000999999999 1e-07 1 3 2 3 -4 
4 2.9999999 0.7499999000000001 -1e-07 3.0000001 1.0000001 1e-07 1 2 2 4 -5 
5 -1.000000000583867e-07 0.9999999000000001 -1e-07 3.0000001 1.0000001 1e-07 1 4 2 5 -6 
6 -1e-07 -9.999999994736442e-08 -1e-07 1e-07 1.0000001 1e-07 1 5 2 6 -1 
1 -1.000000000583867e-07 -9.999999994736442e-08 -1e-07 3.0000001 1.0000001 1e-07 1 7 6 1 2 3 4 5 6 
$EndEntities
$Nodes
13 2320 1 2320
0 1 0 1
1
0 0 0
0 2 0 1
2
3 0 0
0 3 0 1
3
3 0.25 0
0 4 0 1
4
3 0.75 0
0 5 0 1
5
3 1 0
0 6 0 1
6
0 1 0
1 1 0 74
7
8
9
10
11
12
13
14
15
16
17
18
19
20
21
22
23
24
25
26
27
28
29
30
31
32
33
34
35
36
37
38
39
40
41
42
43
44
45
46
47
48
49
50
51
52
53
54
55
56
57
58
59
60
61
62
63
64
65
66
67
68
69
70
71
72
73
74
75
76
77
78
79
80
0.04 0 0
0.08 0 0
0.12 0 0
0.16 0 0
0.2 0 0
0.24 0 0
0.28 0 0
0.32 0 0
0.36 0 0
0.4 0 0
0.44 0 0
0.48 0 0
0.52 0 0
0.5600000000000001 0 0
0.6 0 0
0.64 0 0
0.68 0 0
0.72 0 0
0.76 0 0
0.8 0 0
0.84 0 0
0.88 0 0
0.92 0 0
0.96 0 0
1 0 0
1.04 0 0
1.08 0 0
1.12 0 0
1.16 0 0
1.2 0 0
1.24 0 0
1.28 0 0
1.32 0 0
1.36 0 0
1.4 0 0
1.44 0 0
1.48 0 0
1.52 0 0
1.56 0 0
1.6 0 0
1.64 0 0
1.68 0 0
1.72 0 0
1.76 0 0
1.8 0 0
1.84 0 0
1.88 0 0
1.92 0 0
1.96 0 0
2 0 0
2.04 0 0
2.08 0 0
2.12 0 0
2.16 0 0
2.2 0 0
2.24 0 0
2.28 0 0
2.32 0 0
2.36 0 0
2.4 0 0
2.44 0 0
2.48 0 0
2.52 0 0
2.56 0 0
2.6 0 0
2.64 0 0
2.68 0 0
2.72 0 0
2.76 0 0
2.8 0 0
2.84 0 0
2.88 0 0
2.92 0 0
2.96 0 0
1 2 0 6
81
82
83
84
85
86
3 0.03571428571428572 0
3 0.07142857142857144 0
3 0.1071428571428572 0
3 0.1428571428571429 0
3 0.1785714285714286 0
3 0.2142857142857143 0
1 3 0 12
87
88
89
90
91
92
93
94
95
96
97
98
3 0.2884615384615384 0
3 0.3269230769230769 0
3 0.3653846153846154 0
3 0.4038461538461539 0
3 0.4423076923076923 0
3 0.4807692307692307 0
3 0.5192307692307692 0
3 0.5576923076923077 0
3 0.5961538461538461 0
3 0.6346153846153846 0
3 0.6730769230769231 0
3 0.7115384615384615 0
1 4 0 6
99
100
101
102
103
104
3 0.7857142857142857 0
3 0.8214285714285714 0
3 0.8571428571428572 0
3 0.8928571428571429 0
3 0.9285714285714286 0
3 0.9642857142857143 0
1 5 0 74
105
106
107
108
109
110
111
112
113
114
115
116
117
118
119
120
121
122
123
124
125
126
127
128
129
130
131
132
133
134
135
136
137
138
139
140
141
142
143
144
145
146
147
148
149
150
151
152
153
154
155
156
157
158
159
160
161
162
163
164
165
166
167
168
169
170
171
172
173
174
175
176
177
178
2.96 1 0
2.92 1 0
2.88 1 0
2.84 1 0
2.8 1 0
2.76 1 0
2.72 1 0
2.68 1 0
2.64 1 0
2.6 1 0
2.56 1 0
2.52 1 0
2.48 1 0
2.44 1 0
2.4 1 0
2.36 1 0
2.32 1 0
2.28 1 0
2.24 1 0
2.2 1 0
2.16 1 0
2.12 1 0
2.08 1 0
2.04 1 0
2 1 0
1.96 1 0
1.92 1 0
1.88 1 0
1.84 1 0
1.8 1 0
1.76 1 0
1.72 1 0
1.68 1 0
1.64 1 0
1.6 1 0
1.56 1 0
1.52 1 0
1.48 1 0
1.44 1 0
1.4 1 0
1.36 1 0
1.32 1 0
1.28 1 0
1.24 1 0
1.2 1 0
1.16 1 0
1.12 1 0
1.08 1 0
1.04 1 0
1 1 0
0.96 1 0
0.9199999999999999 1 0
0.8799999999999999 1 0
0.8399999999999999 1 0
0.7999999999999998 1 0
0.7599999999999998 1 0
0.7200000000000002 1 0
0.6800000000000002 1 0
0.6400000000000001 1 0
0.6000000000000001 1 0
0.5600000000000001 1 0
0.52 1 0
0.48 1 0
0.4399999999999999 1 0
0.3999999999999999 1 0
0.3599999999999999 1 0
0.3199999999999998 1 0
0.2799999999999998 1 0
0.2400000000000002 1 0
0.2000000000000002 1 0
0.1600000000000001 1 0
0.1200000000000001 1 0
0.08000000000000007 1 0
0.04000000000000004 1 0
1 6 0 24
179
180
181
182
183
184
185
186
187
188
189
190
191
192
193
194
195
196
197
198
199
200
201
202
0 0.96 0
0 0.92 0
0 0.88 0
0 0.84 0
0 0.8 0
0 0.76 0
0 0.72 0
0 0.6799999999999999 0
0 0.64 0
0 0.6 0
0 0.5600000000000001 0
0 0.52 0
0 0.48 0
0 0.4399999999999999 0
0 0.4 0
0 0.36 0
0 0.32 0
0 0.28 0
0 0.24 0
0 0.2 0
0 0.16 0
0 0.12 0
0 0.07999999999999996 0
0 0.04000000000000004 0
2 1 0 2118
203
204
205
206
207
208
209
210
211
212
213
214
215
216
217
218
219
220
221
222
223
224
225
226
227
228
229
230
231
232
233
234
235
236
237
238
239
240
241
242
243
244
245
246
247
248
249
250
251
252
253
254
255
256
257
258
259
260
261
262
263
264
265
266
267
268
269
270
271
272
273
274
275
276
277
278
279
280
281
282
283
284
285
286
287
288
289
290
291
292
293
294
295
296
297
298
299
300
301
302
303
304
305
306
307
308
309
310
311
312
313
314
315
316
317
318
319
320
321
322
323
324
325
326
327
328
329
330
331
332
333
334
335
336
337
338
339
340
341
342
343
344
345
346
347
348
349
350
351
352
353
354
355
356
357
358
359
360
361
362
363
364
365
366
367
368
369
370
371
372
373
374
375
376
377
378
379
380
381
382
383
384
385
386
387
388
389
390
391
392
393
394
395
396
397
398
399
400
401
402
403
404
405
406
407
408
409
410
411
412
413
414
415
416
417
418
419
420
421
422
423
424
425
426
427
428
429
430
431
432
433
434
435
436
437
438
439
440
441
442
443
444
445
446
447
448
449
450
451
452
453
454
455
456
457
458
459
460
461
462
463
464
465
466
467
468
469
470
471
472
473
474
475
476
477
478
479
480
481
482
483
484
485
486
487
488
489
490
491
492
493
494
495
496
497
498
499
500
501
502
503
504
505
506
507
508
509
510
511
512
513
514
515
516
517
518
519
520
521
522
523
524
525
526
527
528
529
530
531
532
533
534
535
536
537
538
539
540
541
542
543
544
545
546
547
548
549
550
551
552
553
554
555
556
557
558
559
560
561
562
563
564
565
566
567
568
569
570
571
572
573
574
575
576
577
578
579
580
581
582
583
584
585
586
587
588
589
590
591
592
593
594
595
596
597
598
599
600
601
602
603
604
605
606
607
608
609
610
611
612
613
614
615
616
617
618
619
620
621
622
623
624
625
626
627
628
629
630
631
632
633
634
635
636
637
638
639
640
641
642
643
644
645
646
647
648
649
650
651
652
653
654
655
656
657
658
659
660
661
662
663
664
665
666
667
668
669
670
671
672
673
674
675
676
677
678
679
680
681
682
683
684
685
686
687
688
689
690
691
692
693
694
695
696
697
698
699
700
701
702
703
704
705
706
707
708
709
710
711
712
713
714
715
716
717
718
719
720
721
722
723
724
725
726
727
728
729
730
731
732
733
734
735
736
737
738
739
740
741
742
743
744
745
746
747
748
749
750
751
752
753
754
755
756
757
758
759
760
761
762
763
764
765
766
767
768
769
770
771
772
773
774
775
776
777
778
779
780
781
782
783
784
785
786
787
788
789
790
791
792
793
794
795
796
797
798
799
800
801
802
803
804
805
806
807
808
809
810
811
812
813
814
815
816
817
818
819
820
821
822
823
824
825
826
827
828
829
830
831
832
833
834
835
836
837
838
839
840
841
842
843
844
845
846
847
848
849
850
851
852
853
854
855
856
857
858
859
860
861
862
863
864
865
866
867
868
869
870
871
872
873
874
875
876
877
878
879
880
881
882
883
884
885
886
887
888
889
890
891
892
893
894
895
896
897
898
899
900
901
902
903
904
905
906
907
908
909
910
911
912
913
914
915
916
917
918
919
920
921
922
923
924
925
926
927
928
929
930
931
932
933
934
935
936
937
938
939
940
941
942
943
944
945
946
947
948
949
950
951
952
953
954
955
956
957
958
959
960
961
962
963
964
965
966
967
968
969
970
971
972
973
974
975
976
977
978
979
980
981
982
983
984
985
986
987
988
989
990
991
992
993
994
995
996
997
998
999
1000
1001
1002
1003
1004
1005
1006
1007
1008
1009
1010
1011
1012
1013
1014
1015
1016
1017
1018
1019
1020
1021
1022
1023
1024
1025
1026
1027
1028
1029
1030
1031
1032
1033
1034
1035
1036
1037
1038
1039
1040
1041
1042
1043
1044
1045
1046
1047
1048
1049
1050
1051
1052
1053
1054
1055
1056
1057
1058
1059
1060
1061
1062
1063
1064
1065
1066
1067
1068
1069
1070
1071
1072
1073
1074
1075
1076
1077
1078
1079
1080
1081
1082
1083
1084
1085
1086
1087
1088
1089
1090
1091
1092
1093
1094
1095
1096
1097
1098
1099
1100
1101
1102
1103
1104
1105
1106
1107
1108
1109
1110
1111
1112
1113
1114
1115
1116
1117
1118
1119
1120
1121
1122
1123
1124
1125
1126
1127
1128
1129
1130
1131
1132
1133
1134
1135
1136
1137
1138
1139
1140
1141
1142
1143
1144
1145
1146
1147
1148
1149
1150
1151
1152
1153
1154
1155
1156
1157
1158
1159
1160
1161
1162
1163
1164
1165
1166
1167
1168
1169
1170
1171
1172
1173
1174
1175
1176
1177
1178
1179
1180
1181
1182
1183
1184
1185
1186
1187
1188
1189
1190
1191
1192
1193
1194
1195
1196
1197
1198
1199
1200
1201
1202
1203
1204
1205
1206
1207
1208
1209
1210
1211
1212
1213
1214
1215
1216
1217
1218
1219
1220
1221
1222
1223
1224
1225
1226
1227
1228
1229
1230
1231
1232
1233
1234
1235
1236
1237
1238
1239
1240
1241
1242
1243
1244
1245
1246
1247
1248
1249
1250
1251
1252
1253
1254
1255
1256
1257
1258
1259
1260
1261
1262
1263
1264
1265
1266
1267
1268
1269
1270
1271
1272
1273
1274
1275
1276
1277
1278
1279
1280
1281
1282
1283
1284
1285
1286
1287
1288
1289
1290
1291
1292
1293
1294
1295
1296
1297
1298
1299
1300
1301
1302
1303
1304
1305
1306
1307
1308
1309
1310
1311
1312
1313
1314
1315
1316
1317
1318
1319
1320
1321
1322
1323
1324
1325
1326
1327
1328
1329
1330
1331
1332
1333
1334
1335
1336
1337
1338
1339
1340
1341
1342
1343
1344
1345
1346
1347
1348
1349
1350
1351
1352
1353
1354
1355
1356
1357
1358
1359
1360
1361
1362
1363
1364
1365
1366
1367
1368
1369
1370
1371
1372
1373
1374
1375
1376
1377
1378
1379
1380
1381
1382
1383
1384
1385
1386
1387
1388
1389
1390
1391
1392
1393
1394
1395
1396
1397
1398
1399
1400
1401
1402
1403
1404
1405
1406
1407
1408
1409
1410
1411
1412
1413
1414
1415
1416
1417
1418
1419
1420
1421
1422
1423
1424
1425
1426
1427
1428
1429
1430
1431
1432
1433
1434
1435
1436
1437
1438
1439
1440
1441
1442
1443
1444
1445
1446
1447
1448
1449
1450
1451
1452
1453
1454
1455
1456
1457
1458
1459
1460
1461
1462
1463
1464
1465
1466
1467
1468
1469
1470
1471
1472
1473
1474
1475
1476
1477
1478
1479
1480
1481
1482
1483
1484
1485
1486
1487
1488
1489
1490
1491
1492
1493
1494
1495
1496
1497
1498
1499
1500
1501
1502
1503
1504
1505
1506
1507
1508
1509
1510
1511
1512
1513
1514
1515
1516
1517
1518
1519
1520
1521
1522
1523
1524
1525
1526
1527
1528
1529
1530
1531
1532
1533
1534
1535
1536
1537
1538
1539
1540
1541
1542
1543
1544
1545
1546
1547
1548
1549
1550
1551
1552
1553
1554
1555
1556
1557
1558
1559
1560
1561
1562
1563
1564
1565
1566
1567
1568
1569
1570
1571
1572
1573
1574
1575
1576
1577
1578
1579
1580
1581
1582
1583
1584
1585
1586
1587
1588
1589
1590
1591
1592
1593
1594
1595
1596
1597
1598
1599
1600
1601
1602
1603
1604
1605
1606
1607
1608
1609
1610
1611
1612
1613
1614
1615
1616
1617
1618
1619
1620
1621
1622
1623
1624
1625
1626
1627
1628
1629
1630
1631
1632
1633
1634
1635
1636
1637
1638
1639
1640
1641
1642
1643
1644
1645
1646
1647
1648
1649
1650
1651
1652
1653
1654
1655
1656
1657
1658
1659
1660
1661
1662
1663
1664
1665
1666
1667
1668
1669
1670
1671
1672
1673
1674
1675
1676
1677
1678
1679
1680
1681
1682
1683
1684
1685
1686
1687
1688
1689
1690
1691
1692
1693
1694
1695
1696
1697
1698
1699
1700
1701
1702
1703
1704
1705
1706
1707
1708
1709
1710
1711
1712
1713
1714
1715
1716
1717
1718
1719
1720
1721
1722
1723
1724
1725
1726
1727
1728
1729
1730
1731
1732
1733
1734
1735
1736
1737
1738
1739
1740
1741
1742
1743
1744
1745
1746
1747
1748
1749
1750
1751
1752
1753
1754
1755
1756
1757
1758
1759
1760
1761
1762
1763
1764
1765
1766
1767
1768
1769
1770
1771
1772
1773
1774
1775
1776
1777
1778
1779
1780
1781
1782
1783
1784
1785
1786
1787
1788
1789
1790
1791
1792
1793
1794
1795
1796
1797
1798
1799
1800
1801
1802
1803
1804
1805
1806
1807
1808
1809
1810
1811
1812
1813
1814
1815
1816
1817
1818
1819
1820
1821
1822
1823
1824
1825
1826
1827
1828
1829
1830
1831
1832
1833
1834
1835
1836
1837
1838
1839
1840
1841
1842
1843
1844
1845
1846
1847
1848
1849
1850
1851
1852
1853
1854
1855
1856
1857
1858
1859
1860
1861
1862
1863
1864
1865
1866
1867
1868
1869
1870
1871
1872
1873
1874
1875
1876
1877
1878
1879
1880
1881
1882
1883
1884
1885
1886
1887
1888
1889
1890
1891
1892
1893
1894
1895
1896
1897
1898
1899
1900
1901
1902
1903
1904
1905
1906
1907
1908
1909
1910
1911
1912
1913
1914
1915
1916
1917
1918
1919
1920
1921
1922
1923
1924
1925
1926
1927
1928
1929
1930
1931
1932
1933
1934
1935
1936
1937
1938
1939
1940
1941
1942
1943
1944
1945
1946
1947
1948
1949
1950
1951
1952
1953
1954
1955
1956
1957
1958
1959
1960
1961
1962
1963
1964
1965
1966
1967
1968
1969
1970
1971
1972
1973
1974
1975
1976
1977
1978
1979
1980
1981
1982
1983
1984
1985
1986
1987
1988
1989
1990
1991
1992
1993
1994
1995
1996
1997
1998
1999
2000
2001
2002
2003
2004
2005
2006
2007
2008
2009
2010
2011
2012
2013
2014
2015
2016
2017
2018
2019
2020
2021
2022
2023
2024
2025
2026
2027
2028
2029
2030
2031
2032
2033
2034
2035
2036
2037
2038
2039
2040
2041
2042
2043
2044
2045
2046
2047
2048
2049
2050
2051
2052
2053
2054
2055
2056
2057
2058
2059
2060
2061
2062
2063
2064
2065
2066
2067
2068
2069
2070
2071
2072
2073
2074
2075
2076
2077
2078
2079
2080
2081
2082
2083
2084
2085
2086
2087
2088
2089
2090
2091
2092
2093
2094
2095
2096
2097
2098
2099
2100
2101
2102
2103
2104
2105
2106
2107
2108
2109
2110
2111
2112
2113
2114
2115
2116
2117
2118
2119
2120
2121
2122
2123
2124
2125
2126
2127
2128
2129
2130
2131
2132
2133
2134
2135
2136
2137
2138
2139
2140
2141
2142
2143
2144
2145
2146
2147
2148
2149
2150
2151
2152
2153
2154
2155
2156
2157
2158
2159
2160
2161
2162
2163
2164
2165
2166
2167
2168
2169
2170
2171
2172
2173
2174
2175
2176
2177
2178
2179
2180
2181
2182
2183
2184
2185
2186
2187
2188
2189
2190
2191
2192
2193
2194
2195
2196
2197
2198
2199
2200
2201
2202
2203
2204
2205
2206
2207
2208
2209
2210
2211
2212
2213
2214
2215
2216
2217
2218
2219
2220
2221
2222
2223
2224
2225
2226
2227
2228
2229
2230
2231
2232
2233
2234
2235
2236
2237
2238
2239
2240
2241
2242
2243
2244
2245
2246
2247
2248
2249
2250
2251
2252
2253
2254
2255
2256
2257
2258
2259
2260
2261
2262
2263
2264
2265
2266
2267
2268
2269
2270
2271
2272
2273
2274
2275
2276
2277
2278
2279
2280
2281
2282
2283
2284
2285
2286
2287
2288
2289
2290
2291
2292
2293
2294
2295
2296
2297
2298
2299
2300
2301
2302
2303
2304
2305
2306
2307
2308
2309
2310
2311
2312
2313
2314
2315
2316
2317
2318
2319
2320
2.965430780883461 0.4981206805367823 0
2.260040435163003 0.03468215663319685 0
0.7386993623660616 0.9705072956264079 0
1.140000015325136 0.9663749698477955 0
1.379999980866135 0.9661663451765821 0
1.620000092429846 0.965959198362495 0
1.859999883121999 0.9657537376207426 0
0.9399999999999999 0.03464101615137749 0
0.4973828470365045 0.9685316402263925 0
2.059996637479628 0.03464420245553973 0
2.460017852293639 0.03464328298635244 0
1.5 0.0346410161513776 0
1.26 0.0346410161513776 0
1.74 0.0346410161513776 0
0.6200000064445468 0.03464102072504627 0
2.34 0.9653589838486226 0
2.14 0.9653589838486224 0
0.9399999965059886 0.966550018177242 0
0.03516318631234028 0.4980785771107675 0
2.54 0.9653589838486224 0
0.420448466586381 0.03438209384700758 0
0.7799999070290426 0.0346410796789226 0
1.900000183784585 0.03464101791549146 0
1.1 0.03464101615137749 0
2.620215198541723 0.03461291680711598 0
2.96607772864548 0.6567655042130403 0
0.3383415501069549 0.963901239229447 0
2.962394873284295 0.3432839619652194 0
0.03434180116500007 0.3349828378250998 0
0.03589634584173451 0.666770748636049 0
2.698425287932522 0.962259898308482 0
0.2567523576543695 0.03236615286683342 0
2.780227124898171 0.03470643222733999 0
2.969070521293413 0.7678571428571428 0
0.6174123252615593 0.9716844640111777 0
1.98 0.9656140255597647 0
1.499999969733722 0.9660625700418943 0
1.74 0.9658561893983739 0
1.26 0.9662704678078547 0
0.03331858720512315 0.7822905157629192 0
1.38 0.03464101615137738 0
1.62 0.03464101615137738 0
2.968441691365279 0.2319317112287216 0
0.03299994057155553 0.2172838459357156 0
0.2181719530479251 0.9697255980933317 0
2.819583547513172 0.9657281889528054 0
0.1382905761397077 0.03167100789084815 0
2.971783335864243 0.1247434546377692 0
2.966529999612876 0.8777366126411326 0
2.860243364549244 0.03447520714493313 0
2.62 0.9653589838486224 0
2.700090384941893 0.03465820821946286 0
2.540232431791296 0.03454342096371021 0
2.459599558412962 0.9656039143609702 0
2.340036828964521 0.03466705141066317 0
0.138534493574427 0.9662050943779255 0
1.06 0.9653589838486224 0
0.8199999999999998 0.9653589838486224 0
0.03464101615137749 0.58 0
1.02 0.0346410161513776 0
0.03307444612025279 0.4201092092689154 0
0.6999999693807406 0.034641032857962 0
0.5000000273347242 0.03464102280791942 0
0.8599999318761451 0.03464105138415141 0
2.180033114338769 0.0346926148800426 0
0.03464101601261982 0.8600000002403348 0
0.03262661281403068 0.1401425463239008 0
2.259606162562079 0.9655867565065759 0
2.059602638288076 0.9656721048828836 0
0.4200000000000004 0.9671300877025653 0
1.18 0.03464101615137749 0
1.980000339550381 0.03464042812213436 0
0.3363885456149855 0.03252784939225695 0
1.820000175650204 0.03464071194275559 0
2.969309530711405 0.5750648886511093 0
2.966391525683385 0.423268216803116 0
2.902592195299562 0.9679130574217696 0
2.938179015954503 0.03547863309227395 0
0.03831650602929471 0.0634445985160208 0
0.03831650605883663 0.9365554015091604 0
2.967423535093817 0.9442995748963555 0
2.899738352710806 0.034489954018529 0
2.881274292589137 0.069510656256767 0
2.840889030723782 0.06876389980760067 0
2.861954801091468 0.1034001897885954 0
2.821574533448178 0.1029757793870704 0
2.841783918934859 0.136582021841242 0
2.802471647301057 0.136859830501206 0
2.822455051414798 0.170466369139557 0
2.783234734410999 0.1707630765122219 0
2.803248878089812 0.2045070420540583 0
2.763985155539247 0.2048164641606446 0
2.78401482177761 0.2386049503665467 0
2.744721828553249 0.2389194780433869 0
2.764645392017069 0.2726683923357602 0
2.725434311883812 0.2730329212191513 0
2.745365098899885 0.3068046631043838 0
2.706268320756234 0.3072561648370618 0
2.726112740918932 0.340972982864601 0
2.686987590793239 0.3414438862937527 0
2.706835362381181 0.375182840503083 0
2.667544025260665 0.3755852740825373 0
2.687529185957794 0.4094501500197617 0
2.648178826416487 0.4098248802152095 0
2.66820689769588 0.4437397821082278 0
2.628803658651684 0.4441148547931996 0
2.608769257268657 0.4101684505035149 0
2.589353637680048 0.4445116509649309 0
2.569289996193449 0.4105021626266112 0
2.549841961540689 0.4449168125125233 0
2.52973305719209 0.4108443961923341 0
2.510323722732397 0.4451886133914733 0
2.490099902049509 0.4107644758116656 0
2.470689881455128 0.4452629276073665 0
2.450421651114564 0.4109969131052929 0
2.430933034365423 0.4457130211562523 0
2.410728787319894 0.411739011769834 0
2.391196721671904 0.4464012081715085 0
2.370992250549165 0.4122114166018956 0
2.351430659690702 0.4468588479119419 0
2.331218659451249 0.4126144296906471 0
2.31179359193315 0.4471713404442887 0
2.291425073781568 0.4129590851044185 0
2.271994252397196 0.4472707737341582 0
2.251593304951665 0.413273365774532 0
2.231988752202793 0.4476975390377153 0
2.21169989968252 0.4137072403616482 0
2.192252821654729 0.448271235355763 0
2.171942839076258 0.4139979801489687 0
2.152404619221219 0.4483918107456458 0
2.132041384302385 0.4142901211919923 0
2.112343092212118 0.4488159852348769 0
2.092036951330872 0.4147256744898417 0
2.072387132792421 0.4494943472082276 0
2.052092260061964 0.4151574567010096 0
2.032449135363676 0.4499345319126804 0
2.012154011291131 0.415549238585823 0
1.992509138496313 0.4503281262497544 0
1.972210838954314 0.415927587514604 0
1.952562714763884 0.4507109321517651 0
1.932260978839554 0.4163020627013075 0
1.912771435092223 0.4509956940009664 0
1.892331680121828 0.4166603598327566 0
1.872841053890855 0.4510738156211465 0
1.852378957284673 0.4169816495687909 0
1.832721088565762 0.4514898684925985 0
1.812387662903551 0.4173537093236498 0
1.79288310131342 0.4520626128376789 0
1.77241506843214 0.4177759972790548 0
1.752928995848266 0.4522027358279811 0
1.732458394531093 0.4180780018703825 0
1.712800238711314 0.4526229443112817 0
1.69246047426117 0.4184744041023071 0
1.672948662428136 0.4531985919221266 0
1.652471270279069 0.4189263336733088 0
1.632983946129787 0.453349015348441 0
1.612487925042225 0.4193021184144835 0
1.592848565686784 0.4537799917938162 0
1.572515858102406 0.4196128581843188 0
1.552990897244688 0.4543405335891576 0
1.532542513114066 0.4200058193167378 0
1.51302425109462 0.4544845293476166 0
1.492559302152554 0.4203461850290742 0
1.47289049993317 0.4549051531940088 0
1.452547008564386 0.420735141651261 0
1.433018128649352 0.4554738744927579 0
1.412545780314548 0.4211831811266393 0
1.392887489840055 0.4558050633966412 0
1.372561026875028 0.421523864896982 0
1.352734135198337 0.4561733513815181 0
1.332540711451033 0.4218918023037533 0
1.312999733017467 0.4566363964956066 0
1.292581905297609 0.4222848273014959 0
1.272899304435415 0.4569996362365727 0
1.252575708608714 0.4226619193635202 0
1.232750080965344 0.4573239086763773 0
1.21255314183613 0.4230298789291141 0
1.192877378853051 0.4578536378084154 0
1.172579445202209 0.4234384653924891 0
1.152905886508633 0.4582614964359152 0
1.132585548725365 0.4238178048563521 0
1.113041945863593 0.4585688666835429 0
1.092611799218493 0.4241834231159539 0
1.072919057638753 0.4589349331161056 0
1.052598058188564 0.4245565457366354 0
1.032770429557485 0.4592317601270664 0
1.012573197934467 0.4249194101804947 0
0.9928965600242146 0.4597437425760055 0
0.9725965973105244 0.42532165690683 0
0.9529234795307592 0.4601475056630291 0
0.9326033197562352 0.425702972240132 0
0.9129309708684281 0.4605297412434488 0
0.8926067635113401 0.4260806082378036 0
0.8729345802567207 0.4609077591940882 0
0.8526096829177301 0.4264577892407173 0
0.8329373885967455 0.4612850061713134 0
0.8126122036967016 0.4268346997787741 0
0.7929398899102189 0.4616620477652036 0
0.7726146311656257 0.4272116287065669 0
0.7529422934728464 0.4620390645847819 0
0.7326169890809839 0.427588565868268 0
0.7129445883306647 0.4624160740435196 0
0.6926192419945207 0.427965504828582 0
0.6729468101697289 0.4627930881478373 0
0.6526214100628089 0.4283421449577511 0
0.6329489758543529 0.4631700306912016 0
0.6126235413032427 0.4287190492775098 0
0.5929511090971044 0.4635469953434568 0
0.5726256830297305 0.4290962980436021 0
0.5529532214036175 0.4639240310271169 0
0.5326278302344285 0.4294733341868519 0
0.5129553212254405 0.4643010217192189 0
2.648850197571806 0.4780290765800068 0
2.411461784792861 0.4802738521049411 0
0.4926300042264082 0.4298501328022413 0
2.212523502567944 0.4817748292830896 0
1.932956962161813 0.484907264596828 0
1.693229483669019 0.4868195242752926 0
1.453290393270076 0.4891483798878346 0
1.212965110117493 0.4916869618964888 0
1.012974355142048 0.493621728633877 0
0.852965375775887 0.4954564009454583 0
0.6929369029647242 0.497016379128696 0
0.5332807476543505 0.4987517600626082 0
0.4932828150924498 0.4991287075427451 0
0.5136082642658233 0.5335795023530134 0
0.4736102871240033 0.5339564508733249 0
2.092718716151289 0.4834511053101929 0
1.813164919436989 0.4856567805470253 0
1.573267368263104 0.4879872922781729 0
1.333115277922738 0.4904282268989034 0
2.53040118630306 0.4790108431849108 0
0.4939357710618235 0.5684072716977895 0
0.4539377686584611 0.5687842545988759 0
0.4336122859267904 0.5343334217613435 0
0.4139397526574846 0.569161241081553 0
0.3936142709628083 0.5347104326753918 0
0.5523003790728087 0.3946455416224824 0
0.4742632687135506 0.6032350468008918 0
0.373941722566296 0.5695382344703079 0
0.6722942841115519 0.3935140944436125 0
0.8322845311311808 0.3920073877205336 0
1.312247339537024 0.3874672433703891 0
1.432226156606221 0.3863416446866094 0
0.992269963249398 0.3904926538899971 0
1.552214559522295 0.3851814732791907 0
1.152260828738848 0.388989717573113 0
1.672148347639459 0.3840969235250652 0
2.111797278431817 0.3798912312173323 0
1.792100601617963 0.3829162233236121 0
2.390569761186616 0.3776367721505587 0
1.95191417415487 0.3815161045528155 0
2.23139810312174 0.3789352599311244 0
2.510079184481389 0.3756468072943447 0
0.3536162223006807 0.5350874001822264 0
0.5142612656055842 0.602858058530397 0
0.4945887606646122 0.6376858509793376 0
0.534517005932599 0.6373500238906451 0
0.3339436647591274 0.5699152211425024 0
2.685975259162083 0.2737884981019552 0
0.3542691850215938 0.6043660727776641 0
2.688244303682836 0.4776491181444026 0
2.668911660991846 0.5119314038762248 0
0.313618158969966 0.535464368464879 0
0.3332907254054494 0.5006365407250539 0
0.3142710993125701 0.6047430589358074 0
0.334596635067574 0.6391939292591854 0
0.5149026451214576 0.6721435192541152 0
0.5548289584959422 0.6718088404442812 0
0.2945985253615722 0.6395709120663777 0
0.3149240549443824 0.6740217931795689 0
2.708274743071285 0.5115342599493925 0
2.688953140148262 0.5458165217420641 0
0.293292646604522 0.5010135065598916 0
0.3129652254934954 0.4661856650846289 0
0.2749259384291818 0.6743987847061625 0
0.5352239566475332 0.706596825312928 0
0.5752212887924192 0.7062202537415304 0
0.2952514842924525 0.708849689327133 0
2.72828086968013 0.5453453777453359 0
2.708939351008708 0.5796618426166855 0
2.669572525901514 0.5800769378416617 0
2.689614782463677 0.6140614036729553 0
2.650183196665308 0.6144298406321373 0
2.670328491102155 0.6484254855264137 0
2.630826890767866 0.6488647636188106 0
2.709802011652303 0.6479811317113554 0
2.651000410393058 0.6829127220027301 0
2.611427453225233 0.683323153261358 0
0.2729671316484428 0.4665626308723856 0
0.2926397208537297 0.4317347674838478 0
2.631579878323798 0.717356356781319 0
2.591997579148792 0.7177976724443107 0
2.571831538707903 0.6837205195531161 0
2.552375791712334 0.7182349030976681 0
2.532174773186292 0.6839749594373392 0
2.512696922146235 0.7186510544575169 0
2.492477599979435 0.6843441545317824 0
2.472978592230125 0.719079859563774 0
2.452740207572332 0.684780493221617 0
2.433221012494089 0.7195172817335104 0
2.412964390277824 0.6851890937072191 0
2.393428571669111 0.7199514671893266 0
2.373157463098287 0.6856265418710276 0
2.353606424474059 0.7203857411160148 0
2.333322048079209 0.6860386048155234 0
2.313791942715388 0.7207957218220815 0
2.2934692596318 0.6864660378593479 0
2.273927194726364 0.721068706685859 0
2.253591704597934 0.6868526912761855 0
2.234006675939553 0.7214864009355031 0
2.213690506940206 0.6872766066507345 0
2.194130919100993 0.7220412429482578 0
2.173782995443808 0.6877116632571816 0
2.154216458251306 0.7223216055372491 0
2.133861365369103 0.6881122456728648 0
2.11425459022803 0.7227389687187924 0
2.093921542953901 0.6885216295887717 0
2.074310552968157 0.7233244691828057 0
2.05397600206102 0.6889657634004775 0
2.034361596180232 0.7237768666070132 0
2.014023543550112 0.6893903404966647 0
1.994407508865458 0.7242051416038241 0
1.974065543422173 0.6898077622626504 0
1.954445748055785 0.724624620824577 0
1.934102101112488 0.6902229519156217 0
1.914487126377974 0.7250393561868673 0
1.894135508717299 0.6906387069867912 0
1.874533984112276 0.7254672304969292 0
1.854172095775347 0.6910574599943347 0
1.834557010463825 0.725892556030001 0
1.814205707575718 0.6914763866004616 0
1.79455924426138 0.726298258551801 0
1.774219643242239 0.6918868278431098 0
1.754590397061115 0.7267189959353872 0
1.734236888543568 0.69230396506162 0
1.714609372463114 0.7271416900338772 0
1.694263713659728 0.6927220214023123 0
1.674611560969308 0.7275511410413587 0
1.654271351869587 0.6931330918032644 0
1.634633074947239 0.7279703765310701 0
1.614280004221961 0.69355098985187 0
1.594645966294897 0.728391027742801 0
1.574290743365122 0.6939679408222353 0
1.554647615498568 0.7288029655329031 0
1.534293000245796 0.6943796673472515 0
1.514661117279593 0.7292211289133639 0
1.494306709166515 0.6947984123678583 0
1.474670845894521 0.7296404243316932 0
1.454315706080097 0.6952154232493249 0
1.434672938746116 0.7300540480483328 0
1.414316752369864 0.6956281364072345 0
1.394682307585972 0.7304716169141575 0
1.374326863235946 0.6960464666802917 0
1.354689432438059 0.7308899607905083 0
1.334333520081321 0.6964633769588198 0
1.314691570846585 0.7313046958126701 0
1.294334244709192 0.6968770715857791 0
1.274697773974187 0.7317217740155818 0
1.25434132627385 0.6972947252727651 0
1.234703414120502 0.7321395210016277 0
1.214346371732602 0.6977115458273078 0
1.194706381866007 0.7325554513911229 0
1.174349343432841 0.6981273261175216 0
1.154710243639804 0.7329720910588374 0
1.134353016981301 0.6985436883918821 0
1.11471395334554 0.7333888118276863 0
1.094355497461627 0.6989595269935274 0
1.074717297656862 0.7338053633592886 0
1.054358717616048 0.6993759148578425 0
1.034720583148613 0.7342219996712231 0
1.014361381603137 0.6997920880606306 0
0.9947236607879767 0.7346386152037048 0
0.9743643923466835 0.7002085684030132 0
0.9547266732877118 0.7350552575900422 0
0.9343673431357711 0.7006251033233202 0
0.9147295874276309 0.7354719279428361 0
0.8943702039097892 0.7010416633773442 0
0.8747324002707076 0.7358885651397384 0
0.8543750193116847 0.7014593903823909 0
0.8347354624398124 0.7363054004855325 0
0.8143780964974667 0.701876189690394 0
0.7947382251191026 0.736722114499213 0
2.747565691264322 0.5111821266860765 0
0.5555598835931561 0.7410415254193545 0
0.5155637719474873 0.7414174041690684 0
0.2526416047741875 0.4321117382788399 0
0.2723141986447992 0.3972838687563104 0
0.2552533479366494 0.7092266729416175 0
0.2532945514794527 0.5013905029047198 0
0.2755788963706531 0.7436775868136126 0
2.765505150127194 0.3411118904088076 0
0.5955596836451215 0.7406635045543175 0
0.3123123175551243 0.3969068974245819 0
0.2919867951519528 0.3624560010164735 0
0.3319849111210278 0.3620790324326164 0
0.3116593958410048 0.3276281388634923 0
0.351657505905179 0.3272511789747861 0
0.2716612736339197 0.3280050935141818 0
0.2913338796700917 0.2931772177572672 0
0.2513357428412917 0.2935541735475965 0
0.271008357198673 0.2587262849321486 0
0.594604540555242 0.6711605892520792 0
0.3155770427829825 0.7433005989883941 0
2.413706158071308 0.7541704714144684 0
2.572563826450587 0.7523047599411485 0
2.214399484361071 0.7559552653316517 0
2.767549735484541 0.5449545567687708 0
0.2349278241599198 0.6747757702267003 0
1.934843759228538 0.7594560489314822 0
0.2355807260860345 0.7440545529598658 0
2.094607242922982 0.7574342649359486 0
1.81495918192388 0.7607393839475018 0
1.694996775460881 0.7619881783302784 0
1.575023350540746 0.7632373838737473 0
1.45504218400814 0.7644867573872947 0
1.335056927039157 0.7657364223933556 0
0.2310102042941591 0.2591032443640424 0
1.215068366832904 0.7669864438144695 0
1.11400057121283 0.6641100153484059 0
2.313032505375852 0.6516577674049203 0
1.015082909448868 0.7690685689976646 0
0.8950918524972626 0.770318859127554 0
2.786775730498096 0.5108407601928077 0
0.5758892823917345 0.7754900856159868 0
0.6158879974726823 0.7751127001767156 0
0.2959044533157524 0.778128500710618 0
0.3359026057334049 0.7777515106694091 0
0.2506828251840938 0.2242753403368406 0
0.2906809719627894 0.2238984129012271 0
0.2106846573759489 0.2246522980310483 0
0.7743787619659085 0.7022916675026314 0
0.7940400522864212 0.6674379652107227 0
0.9540051398530301 0.665778386051078 0
2.472242052167531 0.6499478652119531 0
2.033643443973643 0.6545881928615541 0
1.273987134253993 0.6624454701113144 0
0.2113375936136817 0.2939311394376698 0
1.393975375677815 0.6611991652652187 0
1.513968945319665 0.6599559498659143 0
2.15345885344976 0.6533424898706786 0
1.633948599239779 0.6587230090967098 0
1.753896945193279 0.6574830597492504 0
1.873810403034841 0.6562373395991314 0
2.804009796409857 0.2729386418750315 0
2.671174950896645 0.716974934522051 0
0.6129319712567856 0.4977890115139972 0
0.7522893888733337 0.3927610801207994 0
0.4749143892596157 0.6725148311615009 0
0.8150974262371332 0.7711523686386211 0
0.9122792156437074 0.3912537886606653 0
1.072272426304875 0.3897400487126105 0
1.09507620433028 0.768234901729363 0
1.232249217406171 0.3882411630416884 0
1.872001079837087 0.3822533734651751 0
2.014748585032743 0.7586012671083526 0
2.031798979940797 0.3807845834499354 0
2.310997206091701 0.3783042898816067 0
2.334068545515696 0.7550559552909483 0
2.493224003154861 0.7532374133230514 0
2.651753097550779 0.7514111621105931 0
2.691318352526674 0.7509955674815597 0
2.671918952954737 0.7854403259834493 0
2.71148795540871 0.7849350534789455 0
2.730804577649907 0.7506060692541765 0
2.750899434580069 0.7843932773088291 0
2.77013594926107 0.7502959761299277 0
2.790057566652336 0.7837585632055442 0
2.809147525266614 0.7499473431547722 0
0.7540228596175671 0.6678599039334865 0
2.724761259995518 0.2051387773672678 0
2.648097937255551 0.3414109455059156 0
2.610702881543691 0.6147442905150609 0
0.7750999380875214 0.7715690098971936 0
2.806661171605959 0.5445224977067774 0
2.392697542962365 0.6508061383249703 0
1.133090638298985 0.4926899285584426 0
0.772940294580877 0.4962388071693586 0
1.1939934002947 0.6632789324814989 0
0.8740291232391568 0.6665969284956809 0
2.331942805750676 0.4809729698712822 0
0.9329587950355491 0.4946908204664392 0
1.033998922548118 0.6649455343386923 0
2.233278468020691 0.6524978022494684 0
2.012808744264921 0.4847316054077772 0
1.953733877353001 0.6554100412543127 0
2.828950583044175 0.7831540029619448 0
2.770988683742484 0.8179873716859287 0
0.795459466078721 0.8059995023142428 0
0.7555172567726915 0.8063834087614854 0
0.2303572861789194 0.189824382080067 0
0.1903591055473663 0.190201341726282 0
0.5962159228752258 0.8099402851206684 0
0.5562179014622748 0.8103172428641678 0
0.3162300134498794 0.8125794281019609 0
0.3562281726448124 0.8122024331184221 0
0.2762318474946648 0.8129564190408838 0
2.825834053325482 0.5104545411783687 0
0.1706864858452815 0.2250292621402277 0
2.847839749037653 0.7494649974132531 0
2.828211744812799 0.7162297235832311 0
2.805999137579315 0.4768495153522151 0
0.3529633229966431 0.4658086641733517 0
0.3759007573891335 0.7773745157200107 0
0.3962263305652891 0.8118254361241157 0
2.692135087166787 0.819461087783818 0
2.652473959191576 0.8199524208396349 0
2.842521943640505 0.2051238702165903 0
0.7343808589434754 0.7027079861653098 0
0.3719830102757986 0.3617020677915443 0
0.3916556021717603 0.3268742228384959 0
2.844992345093058 0.4764690067235459 0
0.2100317420589231 0.155373411869118 0
0.2500299189283659 0.1549964718667385 0
0.1700335478761585 0.1557503720682471 0
0.7736827085494002 0.6330048150251101 0
0.733664334255471 0.6334287692143413 0
0.7758803256801977 0.8408119224657624 0
0.8158288852396964 0.8404242486674666 0
0.7358238908875316 0.8412633487191061 0
0.5765436420476581 0.8447680103045461 0
0.5365456342470259 0.8451449355536604 0
2.845671460866486 0.544045560311305 0
2.826509503360964 0.5788796633827578 0
2.825167030341192 0.4428470957915897 0
2.763311437340073 0.1369869184203562 0
0.2965574121014305 0.8474073565482402 0
0.2565592341261329 0.8477843481663768 0
0.5539191232287503 0.6020793298809506 0
0.371330104655442 0.2924233318540841 0
0.4113282002301852 0.2920463787508731 0
0.3910027016268121 0.2575954864640563 0
0.431000810126966 0.2572185329125747 0
0.4106753009851676 0.2227676253053599 0
0.4506734152650489 0.2223906761137491 0
0.4709989300073634 0.2568415761727415 0
0.4906715247309892 0.2220137338525809 0
0.5109970308036379 0.2564646205666588 0
0.530669619976434 0.2216367922503374 0
0.5509951033781684 0.2560876726471509 0
0.5706884738156334 0.2234644882524165 0
0.5909966355331602 0.2560781578871133 0
0.6136735417209243 0.2172626309553243 0
0.6314931059331494 0.2547916135298721 0
0.6531773075004945 0.220901587894411 0
0.6714918288839761 0.2549323706234895 0
0.6911645024069715 0.2201909011284613 0
0.7110483319861598 0.2545821209690229 0
0.7307537707552431 0.2197627912230445 0
0.7509852555792804 0.2542028869096356 0
0.7706630239516554 0.218272921675751 0
0.7909840932165304 0.2536421755387621 0
0.8106463042106501 0.2176798752714743 0
0.8309796956775658 0.2531985555187695 0
0.8506423670985447 0.2173641609291637 0
0.8709768050358311 0.2528206940434294 0
0.8906397511372537 0.2169972857876595 0
0.9109743893008166 0.2524452352613197 0
0.9306384236938898 0.2167321618078714 0
0.9509722916188633 0.2520870901164542 0
0.9706362751732378 0.2163770114922318 0
0.9909699775097287 0.2517168542862095 0
1.010634936257416 0.2161163167307715 0
1.03096760811976 0.2513603850425793 0
1.050632600776486 0.2157621903643381 0
1.070965070199968 0.2509905829141542 0
1.090631052572961 0.2155034276886407 0
1.110962681161592 0.250634368023323 0
1.130628495643807 0.2151496795631732 0
1.150959902606252 0.2502646376606 0
1.170626660645724 0.2148927504924557 0
1.190956891666425 0.2499088640373318 0
1.210623689791495 0.214539392921264 0
1.230953664346002 0.2495392447240008 0
1.250621441737223 0.2142844016503598 0
1.270950809030742 0.2491836413019 0
1.290618098487869 0.2139314222428895 0
1.310947352062612 0.2488139796238927 0
1.329669823469171 0.2125346635240224 0
1.350943710871448 0.2485473555221175 0
1.367792614258593 0.2110574593915758 0
1.390468760864438 0.2477259452486984 0
1.408345828314928 0.211877843682675 0
1.430478611377529 0.2474741028545607 0
1.449226251711236 0.2113913310568995 0
1.470623228005542 0.2470994168573759 0
1.487679470957502 0.2102358486231559 0
1.510385185511456 0.2465927699247373 0
1.528303031324187 0.2109866037272168 0
1.55044523137196 0.2463815184573854 0
1.570125978975454 0.2116163642458052 0
1.590753875210102 0.2461994644273666 0
1.610578082287152 0.2114606919606484 0
1.630874478558742 0.2458914557274793 0
1.65056538278428 0.2111445606576301 0
1.670891229310494 0.2455283904285619 0
1.690559743290441 0.2108449983527416 0
1.710881001871542 0.245172768938257 0
1.730548901382607 0.2104125201783486 0
1.75086878894542 0.2447890766636513 0
1.770537008968408 0.2101308114685315 0
1.790855471678947 0.2444258067929406 0
1.810523439545275 0.2098380242060556 0
1.830839937385054 0.244064640616574 0
1.850507241432556 0.2094782699843568 0
1.870822631074566 0.2436918022670163 0
1.890489401015383 0.2091698886236334 0
1.910805687425408 0.2433239796287018 0
1.930468846996123 0.2088066876839179 0
1.9507836846763 0.2429488141681679 0
1.970445298562756 0.2084979189933975 0
1.990754880571965 0.2425828722554514 0
2.010416906152706 0.2081351728599069 0
2.030724432154668 0.242207597890216 0
2.050385283203015 0.2078263251022532 0
2.070701728509712 0.2418378929059381 0
2.090350570318284 0.2074633339251408 0
2.110668950668162 0.2414590234283371 0
2.130310285586505 0.2071619033817166 0
2.150614511951628 0.241090991747526 0
2.170257348628307 0.2064861577191024 0
2.190553944753341 0.2406645165964512 0
2.210202428102467 0.2063966749733516 0
2.230492588771103 0.2403214993385209 0
2.250137742917166 0.2061306000090186 0
2.270428940779161 0.2399591238999095 0
2.290063147312241 0.2057773964974618 0
2.310349140450656 0.2395813264876927 0
2.329976832761743 0.2054601188843054 0
2.350265839657009 0.2392088578303984 0
2.369878046320052 0.20509835343217 0
2.39016653958146 0.2388215334109817 0
2.409762145033389 0.204777095786602 0
2.430026257375377 0.2384370619942687 0
2.449619096631642 0.2039765385448323 0
2.469863208964439 0.2379657810148481 0
2.489449330591347 0.2039900887517474 0
2.5096743889228 0.2376139985481929 0
2.529237769805462 0.2036591823116201 0
0.5536806295331496 0.186795781231923 0
1.309140106943878 0.1785077621830763 0
0.4698490373696771 0.19008136663871 0
1.42371176492713 0.1740115913058968 0
1.546342533525696 0.1756980594355062 0
0.6728406353869265 0.1915707713169333 0
1.670238152055007 0.1762626395385097 0
0.7503323644597433 0.1849243668520305 0
0.8269708821502734 0.1779858616432558 0
0.9069696153087456 0.1777337454668534 0
0.9869688316033914 0.1774978448455815 0
1.069443010627741 0.1807008793206268 0
2.106771923391658 0.1731300016622118 0
1.149438518260939 0.1800843811440216 0
1.229433322587299 0.179469091331051 0
2.386494104041539 0.1716679586002108 0
1.790202450424519 0.1751361788684216 0
2.549428699926424 0.2372373034051781 0
2.568979221902108 0.2024875420361207 0
1.866894611371022 0.174346211136937 0
1.946869301487842 0.1739362852695874 0
2.026828086316551 0.1735276524563569 0
2.226761043261811 0.1725426540556242 0
2.306647386449942 0.1721116525900956 0
2.506269038151406 0.1708904853132406 0
2.450281445023203 0.2725764635856361 0
1.611202501882227 0.2807103291328006 0
0.4316537451433027 0.326497248037083 0
1.49111895900168 0.281727961428887 0
1.7312138407268 0.2795796441696785 0
2.170914390685924 0.2753954240902846 0
1.371190168432178 0.2829211144477641 0
0.2323160692082111 0.3976608343146678 0
0.212643473377133 0.4324887225505275 0
0.1923179286386525 0.398037803902713 0
0.1726453219868203 0.4328657121632751 0
0.1523197679516861 0.3984147732196351 0
0.6114030243793147 0.290132220409728 0
0.2742730192687266 0.6051200400111949 0
0.3549221911852398 0.6736448118624354 0
0.6165417912580459 0.844390959009965 0
2.629548697084702 0.5123365066352696 0
0.3765537405898107 0.846653360391844 0
0.4165519054300155 0.8462763596989686 0
2.866845524444027 0.7158656050862556 0
2.867385335078537 0.7825314595145574 0
2.848669039982303 0.8159339068460363 0
2.67270824993729 0.8540908678115353 0
2.632987418403612 0.8545242848667216 0
0.5568711710721455 0.8795958604617941 0
2.865557978949167 0.5791137080370825 0
2.847271620643693 0.6825972967499694 0
2.864155571634777 0.4425475022607597 0
2.844354553976329 0.4089499280431086 0
0.2768848102511243 0.8822352984209689 0
0.1326471546355612 0.4332426900628594 0
0.1529727170067861 0.4676936320866076 0
2.886794035757881 0.8151705267619134 0
2.868421949609953 0.8485360255801259 0
2.529919106993879 0.271690936985889 0
2.808603870848534 0.6828862818108254 0
2.330661082588761 0.2738335694775854 0
2.78617967418774 0.4431379972891519 0
2.25081246040693 0.2746205474340042 0
2.56961379862432 0.2712934096110338 0
2.051054933463019 0.2765546995972569 0
1.971097475859336 0.2773139666815462 0
1.891141235244815 0.2780701748490534 0
1.811175183236916 0.2788401053892702 0
1.251280971824794 0.284085157954976 0
1.171286004374931 0.2848298735243537 0
1.091291858535266 0.2855747918390857 0
1.011296671071355 0.2863198975580369 0
0.931301464948646 0.2870652296162096 0
0.8513059167446246 0.2878158933747708 0
0.7713109280565607 0.2886229098540886 0
0.6913147356559298 0.2894075869923907 0
0.5313225253268272 0.2909154830990998 0
0.4362244265820459 0.8114483999663933 0
0.6355606353881548 0.7402848111455868 0
0.1897061901192949 0.1209224350920687 0
0.1498060993229662 0.1231712286643737 0
0.1300516960504632 0.156439309668037 0
0.7533145975751456 0.5985678425589235 0
0.7933697299048065 0.5981098296147617 0
0.7133035606492599 0.5989970844340098 0
0.6936633464354525 0.6338462906105976 0
0.6733032418115288 0.5994159145427695 0
0.6557137895015988 0.7746377163046562 0
2.881494532033142 0.1383679943173317 0
0.5168731597737446 0.8799728526905286 0
0.2368866233902829 0.8826122925934701 0
0.2165610480672502 0.8481613361492421 0
0.1968884292562583 0.8829892837969339 0
0.1765628477873955 0.848538318005704 0
2.883257011913028 0.4086650690822924 0
2.863543805971933 0.3751804825754408 0
0.1568710662102859 0.8813332747608645 0
0.1374478248472639 0.8490771412835694 0
0.1563844637879801 0.8141143234720014 0
0.1162761149119245 0.8810251710708589 0
2.88457312174261 0.5439233093309623 0
0.7962421584931052 0.8752412214311405 0
0.8361905357160402 0.8748536520835555 0
0.112321592667479 0.3987917422119873 0
0.1319942152140468 0.3639638175684633 0
2.886045257597264 0.68249184369218 0
0.1098899667306059 0.8161849535052155 0
0.1359116904728379 0.779636384229468 0
0.3958831446104458 0.8805416060043473 0
2.905387605477338 0.7161000271338148 0
2.653251252305397 0.8894442296887418 0
2.613512741415034 0.8900301822201618 0
2.593242120053808 0.8550892618674519 0
2.692971766345007 0.8883760052283358 0
2.57374364327738 0.8904002737296463 0
2.553466632296767 0.8555226083009001 0
2.533948036633799 0.890837203647577 0
2.513654854536896 0.8559463709560861 0
2.494613775875158 0.8918102398952296 0
2.473896651997981 0.856456530876054 0
2.455735843142216 0.8931974502747868 0
2.434205760147391 0.8570512493654187 0
2.415551061361477 0.8926831972372073 0
2.394291620026832 0.8573444294827003 0
2.374647236953818 0.8922243596185455 0
2.354161588927639 0.8575174930760152 0
2.334586124780441 0.8926280659838546 0
2.314215769692821 0.8579777841473497 0
2.550105530102049 0.3058305753015116 0
2.295055650560963 0.893549943599765 0
2.274283272360938 0.8583844823168887 0
2.255997503498463 0.8945187767960338 0
2.234531246177937 0.8590090841494179 0
2.215784126416448 0.8943209768628708 0
2.194560030182876 0.8593662944468575 0
0.1115246771643488 0.1244593266635484 0
0.1129745428228901 0.4680706137380786 0
0.1345802382958574 0.5017662999192279 0
2.883894204944756 0.4761375431253381 0
2.174950832177398 0.8941394750043339 0
2.154446460242043 0.85968296973134 0
2.13476456758012 0.8944712559265962 0
2.114402216972251 0.8600704975358452 0
2.510548340142113 0.3061825920190399 0
0.1735116301663835 0.502018706236424 0
0.1538745893208977 0.5368256503480116 0
0.1103759463262535 0.5378272574109381 0
0.134948514087351 0.5727005378634491 0
0.1741586381595415 0.5715489868993131 0
0.1544791174589704 0.6064223151341406 0
0.115975667052298 0.6076518295028357 0
0.134921989380357 0.6412782338216773 0
0.4132868408408372 0.4998825368820123 0
0.5536062197777292 0.5332025067635427 0
0.3567151208630972 0.8813875105986813 0
0.8558176095988113 0.8400127985310712 0
0.8761784519272909 0.8744426807622131 0
0.8958147661025638 0.8395964188212617 0
0.9155652960707652 0.8736837707455577 0
0.9357104521877107 0.8391227408885735 0
0.956091264397516 0.8729837835131171 0
0.975778991933915 0.8386493818084163 0
0.996720736657264 0.8722519672129602 0
1.015893614295343 0.8381707633217725 0
1.036272751812048 0.8725908232453564 0
1.055836355598504 0.8378697663835586 0
1.07616366323227 0.8723604224769483 0
1.095806819049477 0.8375034685984492 0
1.115668015293942 0.8716638052068723 0
1.135717403419462 0.837048533179837 0
1.156154490320236 0.8712713932291787 0
1.175781538155078 0.8366296048065811 0
1.196727866982203 0.8704102846050181 0
1.215885765511955 0.8361385699407228 0
1.235841218450592 0.8703184414119935 0
1.255753319321946 0.8357637304389022 0
1.276148826987791 0.8702768945458236 0
1.295780158217681 0.8354166682805357 0
1.316723013549065 0.8693104547060713 0
1.335877963904089 0.8349201192006219 0
1.355906274454262 0.8691403798998325 0
1.375755714086636 0.8345314055024267 0
1.396137971318054 0.8690267874697009 0
1.415771112233644 0.8341700784008259 0
1.436714652119602 0.8681624160672028 0
1.455866894827464 0.8336882578081103 0
1.475970791289436 0.8679532152135312 0
1.495755850878435 0.8332956067442012 0
1.516227982305324 0.8675774886607248 0
1.535777056623624 0.8328901382677849 0
1.556722459143347 0.8669749756793588 0
1.575859283344186 0.8324447539688948 0
1.596038384395794 0.866758722982875 0
1.615754556826856 0.8320570874181851 0
1.63589653956835 0.8658059275735888 0
1.655709327430427 0.831556498165438 0
1.676053501789623 0.8653945684256988 0
1.695722927128299 0.831127352387824 0
1.715970200213752 0.8654875841469981 0
1.735705203866095 0.8307941630051047 0
1.755942426074795 0.8647024443344009 0
1.775691954075469 0.8303309380241748 0
1.796041196696203 0.8642798170434913 0
1.81569919347939 0.8299064612064175 0
1.836026894125966 0.8643114193898302 0
1.85568944084935 0.8295641794032351 0
1.87601059348589 0.8636212439535078 0
1.895675596774783 0.8291153097299049 0
1.916025288694077 0.8631699654145933 0
1.935665536840961 0.8286891637133508 0
1.956015652495573 0.8628167019650881 0
1.937463223373933 0.8969226617674821 0
1.975650053475241 0.8282832471260865 0
1.995998327483446 0.8624119573708744 0
2.01563058272419 0.8278724432498884 0
0.3706771923320171 0.2231445713066286 0
0.3903497905020457 0.1883166991918693 0
0.3503516474016737 0.188693658182396 0
0.370024262175549 0.153865757140163 0
0.4095045649424049 0.1537943398983267 0
0.389630283975575 0.1211787481359603 0
0.4340689285148125 0.1195337305292899 0
0.349687615919672 0.1197716169225246 0
0.1942768171598128 0.6058743775122288 0
0.2139839980382383 0.5710672897749911 0
0.5162201768694247 0.8106940507159688 0
0.4361499341662596 0.8786310329334117 0
1.817453468254919 0.8984413734792083 0
2.551613170303409 0.649113421033122 0
2.174236442496746 0.8248959268216801 0
2.750226737899034 0.7164026671807067 0
2.29403755761045 0.8236093635493908 0
2.589105962556697 0.3759121283109482 0
0.7351850617918452 0.7721397606732119 0
2.095691807863675 0.895204276261251 0
2.83007894543206 0.8494151521388817 0
2.849900936897201 0.8802633857208834 0
2.81134522509077 0.8830636839416206 0
2.888273683447867 0.8809871862165808 0
2.533353065604829 0.8212212299592492 0
1.697371305289115 0.8992957194272184 0
2.453806398940965 0.8220945151678305 0
2.374071294351423 0.8228588876997749 0
1.57800951831629 0.9005817628872914 0
0.7329377894566754 0.5641528980493354 0
1.457275724886951 0.9010826898721873 0
1.337106742377107 0.9018968479694429 0
1.216940380586198 0.9027018673412471 0
1.017298821669279 0.9044253029358157 0
0.896860244521705 0.9066528952481105 0
2.397518540577074 0.9287839159783882 0
2.866371500040435 0.6490089794436699 0
2.901458571489825 0.3741450263928537 0
2.882465101992427 0.3411991440372082 0
2.843806953767453 0.3417273136202441 0
2.862932199362867 0.3080125980883875 0
2.901514338564323 0.3075275270006506 0
2.882032272028087 0.27450469201443 0
1.09698586994965 0.9049848049413421 0
2.196915560559483 0.9293818614874478 0
2.904767745316161 0.7824550505835867 0
2.923757501206868 0.815094735241253 0
2.726826637690513 0.4090080016319 0
0.6753063830727226 0.7393055165950635 0
0.655063659679991 0.7050755181571405 0
0.6537450618054902 0.6346186043444466 0
0.6333910883226833 0.5998492103435339 0
0.6529428904765761 0.5649859489991729 0
1.875317307047345 0.79473460054842 0
1.755349013656709 0.7959754153063687 0
1.635377580253704 0.7972230123584377 0
1.515402545350849 0.7984941290297276 0
1.395410144079059 0.7997371270122122 0
1.275427266564339 0.8010008266671408 0
1.155418738174441 0.8022328775530423 0
0.9554272492691976 0.8043042235752142 0
0.1759344200013397 0.7792639047804368 0
0.1555884005597257 0.7448091925629807 0
0.116107391698578 0.7448784066137479 0
0.2119905359053109 0.3632099127758378 0
0.1353463907293571 0.7103065341336618 0
0.09536207687291487 0.7106749006600116 0
0.1752723387351136 0.7099722551740267 0
2.589560455885432 0.3059170785126096 0
2.608742054015512 0.2721928418689601 0
2.919783684818718 0.2744744030922821 0
2.900308941625175 0.2415963827635341 0
0.612997391676205 0.5658192288703728 0
2.903961931934234 0.6482337041670059 0
2.035967856665005 0.8617140150036362 0
2.017515282631801 0.8961946464204467 0
2.05543397703993 0.827122316393641 0
2.904367208753031 0.5771083367333194 0
0.5375820880908966 0.9130131346385497 0
0.5763198789466316 0.9132802436542777 0
0.3768391170026879 0.912243162397377 0
0.2571940061491917 0.9151322545825403 0
0.2961484061829402 0.9157662654266852 0
2.923384319853357 0.5433163091492168 0
0.1770404439833706 0.9187705821303211 0
0.09605921606461543 0.6413543405690167 0
2.86640317346652 0.9164253943965528 0
2.907490557367743 0.9110503441545166 0
0.09345579306169682 0.3634796912837912 0
0.1120387352352519 0.3292945334387429 0
0.1517285203758927 0.3290995382588301 0
0.1314132597618451 0.2946425165709189 0
0.09154355272311054 0.2949436259481921 0
0.1110611503150341 0.2602072468627242 0
0.09169496433101543 0.1573402432933987 0
0.1106417748774287 0.1911465681824166 0
0.1696098287223948 0.09054524899719468 0
0.2094354205541904 0.08872689787528176 0
0.372862188815489 0.08398479190777025 0
0.3298157374871926 0.08793895548144548 0
0.3097724852564663 0.1203470551743868 0
0.2894074596710428 0.08657043568881512 0
0.8175856957101753 0.9077721473186011 0
0.77786769845014 0.908076538326775 0
0.4971758212825885 0.9093250924157704 0
0.07317041567871807 0.2614572784077475 0
0.07695955590826542 0.7430963909505498 0
0.05695125798623724 0.7064885441343624 0
0.1933562288898374 0.0602901240786653 0
2.673975043647228 0.9234640684433717 0
0.5563317196749471 0.9428613787512435 0
2.939423304953004 0.3078857972218424 0
2.595897727211978 0.9278357574773903 0
2.713949163669171 0.9229681766803101 0
2.73271666798582 0.8878811477424138 0
2.756463109852826 0.925749840820426 0
2.516076714402083 0.927740521745681 0
2.927780746844726 0.4065890118395434 0
0.05436032114081568 0.2968041266833273 0
0.2768666464173664 0.9518608427680147 0
0.07421700308312817 0.6044467121539885 0
2.961255970815164 0.2724476385091384 0
2.92646530594715 0.8801202236324952 0
2.315505272652123 0.9277385386874919 0
0.06850728824066499 0.1949685551619605 0
2.862795849172178 0.2414309655397143 0
2.885188669980593 0.6140268648847118 0
2.924131476227449 0.6150788892259278 0
2.846489837051267 0.614348144785807 0
2.807002371226154 0.6127276592169736 0
2.115899358817108 0.9296598449036 0
2.945308416328793 0.9102713946663789 0
0.06947666052709911 0.3996409776400848 0
2.881703532913243 0.2082737203586503 0
2.917326113820561 0.2096375255971628 0
2.900394350921398 0.1750377659693018 0
2.938577949571901 0.1769117453749925 0
2.919084709241316 0.1400085307167511 0
2.900770071968739 0.1033365345989483 0
2.919956250277484 0.06840229725839087 0
2.959193837265881 0.06856814227373714 0
2.824098410390895 0.3081643178008798 0
2.530199680735594 0.3408084928984356 0
2.86178042286977 0.1717242065135015 0
2.943639522412429 0.8471457796613093 0
2.628832796209622 0.3075630154382372 0
2.490568966109863 0.3405001763998107 0
2.470440161189872 0.3757863086667134 0
2.450804523984468 0.340889805392004 0
0.6740239533814278 0.6686942124899871 0
0.6138502815271194 0.6351870227492327 0
2.820229204955302 0.03452193887842786 0
2.862197409167587 0.9599805592075528 0
2.823348491647711 0.2395597751531204 0
2.800967060948573 0.06895051638007565 0
2.760707505553167 0.06914555160782643 0
2.65770345181719 0.9631506353134676 0
2.886081640244257 0.7493179655420987 0
2.931242285578191 0.7502018519000306 0
2.940139996539918 0.7149033772112989 0
2.929435164126756 0.6789792348676785 0
2.804977919930565 0.3421575870161134 0
2.921332648462228 0.340475010069186 0
2.902638419615799 0.5103502551106389 0
2.787331331851631 0.5787712954670535 0
2.767912769389176 0.6131602969300238 0
2.788214626421002 0.6481055952235618 0
2.740234238640377 0.03479417003479712 0
2.720235520582897 0.0691635315172926 0
2.680214439314126 0.06915956203083085 0
2.700134577025246 0.1035716560991908 0
2.660329283875374 0.1035566580481138 0
2.680103098479554 0.1379594371271691 0
2.640442152121461 0.1379313159351396 0
2.660292836790843 0.1722514138561182 0
2.620599805508416 0.103550076341607 0
2.601380850870005 0.1375681710982356 0
2.580958124555974 0.1034504284502568 0
2.562971905656108 0.1367935010266328 0
2.540957208039201 0.1027083308795277 0
2.721290892540928 0.1375653517564913 0
2.741380719039529 0.103338137672678 0
2.710748969972081 0.7166822712924558 0
2.730286701592182 0.6825070358073568 0
2.779828485412588 0.9649449291645664 0
2.801081162409668 0.9233100233535665 0
2.738650719865131 0.9619180882486654 0
2.560675845109544 0.06894504783664823 0
2.903025377184837 0.4422187441100378 0
2.927987236136646 0.4776804851495442 0
2.701771258510171 0.1717439445659367 0
2.682216316171282 0.2059507406961317 0
2.640560990923403 0.2065589352757823 0
2.663578365433464 0.2401869600040136 0
2.712387907379755 0.8536214126139795 0
2.751947778089261 0.8525911726629456 0
2.772112827461969 0.887158658178324 0
2.660167642328972 0.03460693306262774 0
2.72759334192133 0.477252911338025 0
2.035171178209948 0.7929999217898247 0
2.690682499268045 0.6826073535088839 0
2.707549103478425 0.4433121593139384 0
2.746876053935301 0.4428820441826347 0
2.766187595592067 0.4090492467294885 0
2.805373329029985 0.4091181916126903 0
2.746240002034426 0.3751579120503127 0
2.588421295207882 0.2372271588130231 0
2.784702410520144 0.3070550595912211 0
2.580044170720632 0.9653844858260708 0
2.634791292627514 0.927171089963134 0
1.955286182861752 0.7939234194436728 0
2.62102877010615 0.1721389803060034 0
2.769447290808608 0.6822826961680918 0
2.498873025782332 0.9651384390630577 0
2.555946109610821 0.9279529339735493 0
2.906225333063691 0.8478424128489462 0
2.959235612803234 0.8171697840643639 0
2.410322268448806 0.272954842037164 0
2.370600107601806 0.2734197112694488 0
2.350961441314889 0.3081276386730385 0
2.311095183680063 0.3085554477903 0
2.331322831394516 0.3429229610395704 0
2.291469573669373 0.3433491033343615 0
2.371089985154845 0.3425857929052414 0
2.271172875816897 0.3089778590080371 0
2.251322904826068 0.3439149020513279 0
2.39066343906596 0.3076554639510601 0
2.410701110441233 0.3421230018285299 0
2.864600600931365 0.5102300359633598 0
2.731641141061178 0.8188315625890744 0
2.569509675481285 0.3412327614350238 0
2.419519683165006 0.9647568875153734 0
2.437581094756281 0.9295254299649665 0
2.379041805820147 0.9642062919268276 0
2.21086954175369 0.2750304883294205 0
2.191223463496497 0.3097718112436684 0
2.151286592403895 0.3101461261952224 0
2.171541310777204 0.3446207556581852 0
2.131611556761894 0.3449618205780925 0
2.111351559666923 0.3105366284291404 0
2.09163610618167 0.3453822297896666 0
2.211392600465066 0.3443555001703927 0
2.151761377686334 0.3795388459088538 0
2.231235923800438 0.3094191054794982 0
2.50004472919394 0.03461642126442216 0
2.480018086983399 0.0692663582803914 0
2.440044657225672 0.06928029273322317 0
2.460035871076626 0.1038762272318628 0
2.420079293306705 0.1032418740391108 0
2.400075033448666 0.06919524899154172 0
2.380116991949078 0.1031448693089981 0
2.443150129086058 0.1377565910460332 0
2.483254840488604 0.1372352282358028 0
2.360096823794295 0.06917303061766178 0
2.340146688799614 0.1032010473028788 0
2.362784383592032 0.1368769054191505 0
2.500849619228252 0.1027103971502044 0
2.520462986724272 0.06879832939581737 0
2.320102783808672 0.06918340319731553 0
2.300169226769359 0.103235794107136 0
2.280115200168737 0.06920435618481058 0
2.260189109202003 0.1033233440700156 0
2.282872519649585 0.1371880709885994 0
2.240126773378981 0.06924043681745307 0
2.220206695453224 0.1033670541150968 0
2.200101876274284 0.06923799848858447 0
2.180185415411667 0.1039188608933673 0
2.202933202702666 0.1380778847636551 0
2.163873200857017 0.1385384001917639 0
2.14066239555187 0.1034735492672991 0
2.573117179284057 0.8208398549404998 0
2.075013199694381 0.7923591605667724 0
2.334226164279211 0.8232755080990232 0
2.38004765223736 0.03464235990056397 0
2.612828855501441 0.8204226602540861 0
2.493659603148935 0.821696914179189 0
2.414093507991055 0.8225699316382019 0
2.011069179120778 0.2769458063114766 0
1.991410174174751 0.3117260549923638 0
1.951446372992021 0.3121049376962247 0
1.971739106715778 0.3465393010032188 0
1.931742802580142 0.3469544700103857 0
2.011678689723981 0.3461802009858924 0
2.031386999321552 0.3113362602781481 0
2.051609657996964 0.3458373761096004 0
2.254124828889944 0.8241013728593238 0
2.274297346407383 0.7895607456484571 0
2.2144497880662 0.8246189484373707 0
2.071350727284057 0.3109660618205148 0
1.995245672329196 0.7934886040179718 0
1.915291067152211 0.7943104166707919 0
2.134113157311054 0.8252926068407226 0
2.154503182406896 0.7908165676027636 0
2.300049208017489 0.03462282790433113 0
1.851156715969913 0.2784534187719224 0
1.831493405587277 0.3132649079740683 0
1.791522820248629 0.3136395517897184 0
1.811802624231258 0.3480998751134308 0
1.771835819371585 0.3484354867940337 0
1.752131882838038 0.3832763969205249 0
1.731852522010814 0.3488006592688053 0
1.851766265003066 0.3477411999073355 0
1.871470983238818 0.3128889340541948 0
1.891737753632207 0.3473687013817065 0
2.290751064383794 0.2742364562391028 0
1.835333633205719 0.7951489991066042 0
1.795339310412615 0.7955534789880558 0
1.854933872255672 0.7603037922246758 0
1.91144544589659 0.3125116911472776 0
1.651213667510941 0.2803431827559537 0
1.631548596677723 0.3151652115437825 0
1.591560410296031 0.3155443921257523 0
1.611881996897567 0.3500001757234348 0
1.671542014790869 0.3147769311943309 0
1.571895335348413 0.3503687930281104 0
1.551578215656762 0.3159278153667813 0
1.5319028082565 0.350730254899979 0
1.512207618955264 0.3855477735825057 0
1.491916927506458 0.3510812352988971 0
1.592196072181083 0.3848282204312339 0
1.691212925151363 0.2799575050536464 0
1.715366230115561 0.7964059231658563 0
1.675367485865706 0.7967975902604594 0
1.531153528710241 0.2814096064377213 0
1.73497843989686 0.7615572490494906 0
1.595407370775604 0.7976471203981268 0
1.555399776623327 0.7980883492456616 0
1.035463563995364 0.8034600856767999 0
1.771189586692293 0.2792095338050887 0
1.411219910411174 0.2825814006024767 0
1.391592856804885 0.3174424953032505 0
1.351585570674014 0.3178079078670635 0
1.371918764757274 0.3522701448496075 0
1.431586714549391 0.3170650799988878 0
1.331924097350302 0.3526433013839222 0
1.311601062615108 0.3181957689038989 0
1.29192764297999 0.3530250835049131 0
1.352237764717144 0.3870900557368532 0
1.271606334544624 0.3185690538350182 0
1.251928764202753 0.353406220881958 0
1.45120204659974 0.2821890532147037 0
1.475420770031115 0.7988962751749114 0
2.073590418856381 0.6541660157140193 0
2.053262693826451 0.6197889735986377 0
2.093204307190689 0.6193767057228506 0
2.072879185760916 0.5849958652785251 0
2.11281466568559 0.584589357857549 0
2.032938202561279 0.5854042219681632 0
2.052841154264184 0.5510125692772848 0
2.012948908004481 0.5514811279656404 0
1.993048421473061 0.5858892308383479 0
1.973019263906599 0.5519076125402609 0
1.953042432501167 0.5862243760572401 0
1.9329176940168 0.5523854271062608 0
1.913117580050942 0.5867197116974573 0
1.892792053630645 0.5526192646221466 0
1.873132472216025 0.5871132382087543 0
1.853034820661865 0.5528497100105658 0
1.833196095073726 0.5874957950990742 0
1.81310806125577 0.553499555559676 0
1.793181623407593 0.5878628768775636 0
1.772892559951256 0.5538021764982691 0
1.753214959146874 0.5883235980946788 0
1.733112498407073 0.5540570402954094 0
1.713270179194 0.5887168095665529 0
1.693173879111636 0.5547084727634926 0
1.673246735669919 0.5890899655956141 0
1.652952899984376 0.5550152252115865 0
1.633271619040927 0.5895491105256799 0
1.613161205531776 0.5552731191845874 0
1.593319670634708 0.5899416273705429 0
1.573215500616358 0.5559194739719491 0
1.553291152797904 0.5903154396549202 0
1.532993784723886 0.5562285750244187 0
1.513310589177028 0.5907672536415938 0
1.493192692100451 0.5564887047650789 0
1.473353483097837 0.5911650757145293 0
1.453241723439964 0.5571300912572736 0
1.433321741524644 0.5915402354622367 0
1.413021561139198 0.5574419402401886 0
1.393337702863368 0.5919925970117703 0
1.373212503331981 0.5577060287704657 0
1.353376931999544 0.5923899364996884 0
1.333257908689896 0.5583412499278532 0
1.313343719385403 0.5927643466320893 0
1.293041253867911 0.5586553821565229 0
1.273357423957844 0.5932181797542841 0
1.253225134333516 0.5589236811970283 0
1.23339383905227 0.5936148817669514 0
1.213267657852674 0.5595541127050886 0
1.193359890712782 0.5939882089020235 0
1.173034006447732 0.5598414652460444 0
1.153368432279873 0.5944413189989183 0
1.133015915476533 0.5601038055468259 0
1.113369535947387 0.5948337697111736 0
1.093020378292093 0.5606401363762021 0
1.073372962879782 0.5952604855908857 0
1.053227870976131 0.5609472059729933 0
1.033410465579408 0.5956559427576613 0
1.013273370283654 0.5615715719349983 0
0.9933793035733908 0.5960273757902677 0
0.9730514168810804 0.5618649787582122 0
0.9533864227973656 0.5964833520602544 0
0.9330333691998638 0.562135259008095 0
0.9133865947266716 0.5968762624346422 0
0.8930352862186202 0.5625349848162653 0
0.8733917913535834 0.5972756231090943 0
0.85303817042423 0.5629406109667257 0
1.33369374575706 0.6271959634493733 0
1.453670684528756 0.6259698543316075 0
1.573634304745157 0.6247349671320455 0
1.813526344961604 0.6222661769139465 0
1.69359412897459 0.6234978875371288 0
1.073195419388184 0.5269285976651 0
1.273204012679685 0.5249524927267271 0
1.39319727575954 0.5237624000584717 0
1.51333216354971 0.5224822954593611 0
1.633303546584463 0.5212924184921039 0
1.753254938978849 0.5201022795776749 0
1.873172750992619 0.5189183161368797 0
0.8937401350671481 0.6316853775242431 0
0.8333970020985314 0.5976971268846551 0
0.8130395073686024 0.5632236833762791 0
0.8137567894838365 0.6325543197624851 0
0.7730082453031399 0.5636537923082414 0
0.9737269655047894 0.6308778125133176 0
1.053727319975082 0.6300536779251257 0
1.133719632660541 0.6292375800202034 0
1.213710723692529 0.6284212532696789 0
2.133134545599302 0.618963922724277 0
2.152740364472189 0.5841791870541549 0
2.132666561816181 0.5499478202358499 0
2.172386134725051 0.5497057417053636 0
2.192659346334007 0.5838132526985316 0
2.212497712239935 0.5494712425170714 0
2.232593969666543 0.5834316662924566 0
2.25242556751681 0.5488269772510624 0
2.272487212225318 0.5829793077781535 0
2.292070751443806 0.5485090798899119 0
2.312312937605866 0.5825706938562786 0
2.331958264059236 0.5481666041670664 0
2.352152135193466 0.5821622583968666 0
2.371813450724469 0.5476300882581661 0
2.391970360670225 0.581720360353826 0
2.411822204090629 0.5473618903758606 0
2.431788126428349 0.5813142440893233 0
2.451525709127305 0.546806247440666 0
2.47152629283079 0.5808696598951403 0
2.491030484095163 0.5464390483079842 0
2.511187526703833 0.5804427114437746 0
2.53066106445566 0.5458314934303378 0
2.550824140385772 0.5799685992093038 0
2.570653596351182 0.5460787593798647 0
2.471037362804509 0.5124423490412106 0
2.272091038892812 0.5144128148336552 0
2.152557945863893 0.5158059455526925 0
2.590490768852934 0.5797284995419832 0
2.531382465996595 0.6146242635482311 0
2.451994032764607 0.6155380937529337 0
2.372416275484896 0.616418703706765 0
2.292739839945722 0.6172815443761817 0
2.212967236319282 0.618105804193292 0
2.571040940594682 0.6144235279372153 0
2.630224711779704 0.580268447643266 0
2.511931476869144 0.6495066392119955 0
2.092964866790228 0.5506400989479543 0
2.491710641222083 0.615154872177338 0
2.43247505054401 0.6503648452300225 0
2.412223564809075 0.6160270642429735 0
2.352868031729921 0.6512269335696632 0
2.33258695422262 0.6168863168851125 0
2.273161500370112 0.6520719294994124 0
2.113532491226624 0.6537518880358157 0
2.173052848654608 0.6185436974793921 0
2.193374758417848 0.6528974504358376 0
1.615014115458822 0.7628078053528196 0
1.355430327899374 0.8001389287016289 0
1.211283100331073 0.2844417625075919 0
1.191611546705759 0.3193125501491704 0
1.151614881500262 0.3196968840401305 0
1.171936767624672 0.3541555558070255 0
1.131939719929551 0.3545355502649999 0
1.211935765427434 0.353781014400666 0
1.23160774717274 0.3189326266215635 0
1.235439326038934 0.8013825448384049 0
1.435425860492037 0.799311973577207 0
1.553964996499698 0.6595489794021865 0
2.252871371091278 0.6177280090648274 0
1.651865065897809 0.3496233150341659 0
1.691847646138066 0.3492310062382699 0
1.115422289852085 0.8026535478133616 0
1.051293963154857 0.2859251744672964 0
1.03162230718136 0.3208145336655308 0
0.9916251274900888 0.3212019683087073 0
1.011948018657337 0.355661629238759 0
0.971951185928295 0.3560430217854358 0
1.05194623035023 0.3552864179214529 0
1.071619576851524 0.3204335539448667 0
1.091943217371463 0.3549087218069588 0
1.495036985771167 0.7640626887678129 0
0.8913033529406227 0.2874116665566868 0
0.8716316145905827 0.3223175792503985 0
0.8316340273069796 0.3227076569228736 0
0.8519585030796334 0.3571697166604263 0
0.8119606661902274 0.3575508599443732 0
0.891955939349404 0.3567947054824768 0
0.9116291827549721 0.3219346847169453 0
0.9319533257470289 0.356416464029166 0
1.111616548807796 0.3200681635401655 0
0.9154313215938785 0.8047351093451484 0
1.411916631556449 0.3518889162492794 0
1.451905405801635 0.3515036573147641 0
1.315438604540296 0.8005600221460585 0
0.7313126867049591 0.2890306289386262 0
0.7116401864332843 0.323858295949277 0
0.671642354258285 0.3242352144560405 0
0.6919673070373278 0.3586862670548595 0
0.6519694554687192 0.3590626412016261 0
0.6322964413593328 0.393890846778044 0
0.6119715469877127 0.3594395256241585 0
0.7319650328722681 0.3583095011923464 0
0.7516381266929193 0.3234762367222205 0
0.7719627892110172 0.357931000702275 0
0.951626727448647 0.3215715944267675 0
1.433988981532975 0.6607906937955449 0
0.5713352286740772 0.2905947355423999 0
0.5516504478560179 0.3253755503903919 0
0.5116503807578856 0.3257448156618103 0
0.5319757794773015 0.3601961394101126 0
0.4919775044346753 0.3605718030400354 0
0.5719737260042933 0.3598190073123133 0
0.4716519752996784 0.3261206306480844 0
0.4519793501959266 0.3609482440613 0
0.4723047118700276 0.3953992721760378 0
0.4323065989634187 0.3957760478844567 0
0.6150863083956628 0.7057744236575998 0
0.4513263572755197 0.291669467820889 0
0.7916358907907387 0.323094191266653 0
1.3140063557111 0.6620318550375845 0
0.8354587691963663 0.8055817852726197 0
0.3523104211850399 0.3965299179322268 0
0.3923085094684378 0.396152953510741 0
0.3726359190565711 0.4309807903710893 0
0.4126339746631857 0.430603825491899 0
0.3929614047773393 0.4654316444341444 0
0.4329594203623321 0.4650547059256184 0
0.4119811360364409 0.3613251306872702 0
0.3326378211901007 0.4313577837449544 0
0.1937412122955782 0.5365744665822314 0
0.2336473163011075 0.5362184055559568 0
0.6514983472525986 0.2896851523858207 0
0.1962640881333058 0.8137156214185306 0
0.1930064320294029 0.4672956667433356 0
0.6361853181578181 0.8095469180063143 0
0.6564826066435883 0.8440421656509739 0
0.6368578966469735 0.8788464937037869 0
0.6768019318075238 0.8785011826285172 0
0.6575701247621415 0.9119836510248762 0
0.6963079768703042 0.9121750643584906 0
0.6764451140630187 0.9421223235739633 0
0.7168637369327627 0.8780876024630955 0
0.3555751898300881 0.7429236059336146 0
0.395573328991434 0.7425466048292274 0
0.3752477623052786 0.7080957097762599 0
0.4152458558015493 0.7077186897519416 0
0.4355714092783127 0.7421695800034741 0
0.3949202903886331 0.6732678000062473 0
0.3745947811838901 0.6388169398928651 0
0.4145928017593323 0.6384399062609351 0
0.415898884979244 0.7769975083382517 0
0.4558969230568974 0.7766204079539262 0
0.2362384356994349 0.8133342794047123 0
0.195582497002929 0.74443145867028 0
0.4564286108953137 0.8455497964182206 0
0.1000153122972824 0.03439183639256377 0
0.1163367415838703 0.0648910677767035 0
0.07982684209636259 0.06347288827974862 0
2.019998207894775 0.03464219291337062 0
1.99999773071578 0.06928121980978424 0
1.960002094004801 0.06927959099502984 0
1.979999598564386 0.1035929857224644 0
1.940005804409416 0.1035392523242896 0
2.019992994385395 0.1034757678949381 0
2.002822048222445 0.1381370980637867 0
2.039993678023024 0.06920854838619056 0
2.05998679545281 0.1034446469139427 0
2.079988465396341 0.06919550403474084 0
2.100090952465887 0.1033005662574923 0
2.082807947764129 0.1378286249781927 0
2.120123161068657 0.06910212533424981 0
2.16018288976836 0.06918253310673972 0
2.22005036652584 0.03464220113654615 0
1.920002692019038 0.06921690576714962 0
1.900002980079581 0.1035855879207446 0
1.922842285138114 0.1384041303302105 0
2.099996541604706 0.03465193625664187 0
2.140055951130082 0.03460486826294562 0
0.7798451621864356 0.9678907544848054 0
0.0999999999999972 0.9653589838486224 0
0.1163941543308027 0.9343107962060546 0
0.07842066372616951 0.9354114859358942 0
1.899999980520333 0.96575024502337 0
1.878770762173817 0.9320521204706632 0
1.939999996753389 0.9657921167782085 0
1.958969830497716 0.9315203312256171 0
1.58 0.9653589838486227 0
1.53999999495562 0.9661206398357762 0
1.519140343468812 0.933924432362411 0
1.419353898027559 0.9658665885642688 0
1.398313025273871 0.9340048480721104 0
1.45924621346113 0.9666374265676538 0
1.1 0.9653589838486227 0
0.3773651050535101 0.04021189511263873 0
0.6599999876585836 0.03464102449719103 0
0.6399999853820705 0.06928202831816987 0
0.6000000196234068 0.06928202659667093 0
0.619999993674666 0.1039230072471605 0
0.6599999477593985 0.1039230179510716 0
0.5800000387559907 0.1039230085578641 0
0.6005755520753948 0.1382316811642501 0
0.5600000557161804 0.06928203235276692 0
0.5400000815181233 0.1039230181744727 0
0.6799999433962121 0.06928204203053812 0
0.6999998881283263 0.103923042619619 0
0.6767429173608999 0.1359022719775353 0
0.7161717628187775 0.1354225325009391 0
0.739361783360274 0.1033995068869815 0
0.7580395954437116 0.1441695582527951 0
0.7795666618010982 0.1047701288941374 0
0.8017670281688301 0.1404630881585908 0
0.8202219553283564 0.1043808518966802 0
0.8399994551481453 0.1385640998107655 0
0.8600364695784055 0.1039995077603257 0
0.8820561791077921 0.1396617021923577 0
0.9003482200034363 0.1041189159370187 0
0.919999110744849 0.1385641466031848 0
0.9400571912199454 0.1039559260298361 0
0.9620584912672543 0.1396172114494402 0
0.9803517509591225 0.1041043041502998 0
0.9999986462801708 0.1385641765594435 0
1.020057344258788 0.1039535639758676 0
1.03999835588338 0.1385641834987952 0
1.060008004386457 0.1039284746399933 0
1.081675794289518 0.1395728286386071 0
1.100279093646717 0.1040924388134263 0
1.119997625904777 0.1385641772103796 0
1.140044276969946 0.1039516913709502 0
1.161197691689003 0.139244701533854 0
1.180204798196429 0.1040417028795856 0
1.199996634885003 0.1385641349099571 0
1.220030962219249 0.1039433199693031 0
1.240852861673396 0.1390208544543811 0
1.260144188354686 0.1040031106404951 0
1.280881551289504 0.1390014971568225 0
1.300167229830449 0.104009891756184 0
1.322462628572996 0.1390918885873975 0
1.340433862635785 0.1040261768728823 0
1.359993245468512 0.1385638427614999 0
1.380065881663152 0.1039410531438161 0
1.320098262056337 0.06931415689523079 0
1.400624198079488 0.1387012034037365 0
1.420108714253969 0.1039497041006326 0
1.441524392238776 0.138269931269672 0
1.460264742347603 0.1038793962383592 0
1.481079134729871 0.1380513555672763 0
1.500215190477806 0.1038315553623791 0
1.440058997883275 0.06927988986703648 0
1.521265752029575 0.1388782992593401 0
1.540236475913718 0.1039612376500993 0
1.382982151604414 0.1738624333116354 0
0.7888594572708667 0.1788924603201997 0
0.8673720901735856 0.1779849950252056 0
0.9473716793076022 0.1777455271757473 0
1.026279396904764 0.1778675985532595 0
1.503495759880647 0.1738100809635659 0
1.108587775948881 0.1779211717615347 0
1.188545696997028 0.1776532862188008 0
1.269402313580391 0.1774277998735727 0
1.561528612431293 0.1391447071686658 0
1.580282053046633 0.1040274406413484 0
1.600952946472597 0.1389311563137033 0
1.620191618232117 0.1040034161133039 0
1.560081093941357 0.06930681780887288 0
1.640921438790846 0.1388548655726451 0
1.659976490183827 0.1039240375274803 0
1.24002784646049 0.06929910853034571 0
1.160040565816006 0.06930685676712756 0
1.080047194238829 0.06931139137116926 0
1.000067742010739 0.06931750831619976 0
0.9200672869994395 0.069320296394214 0
0.8400428958328097 0.06937118193915193 0
0.7598723042368057 0.06932063614345368 0
0.6379386913847259 0.1367386141991869 0
0.6169042156763564 0.1744202883540202 0
0.5200000592235771 0.06928203072304057 0
0.5004911222795119 0.1036395379365175 0
0.5167965143872491 0.1360919773670561 0
0.4765905384745492 0.1327379911912002 0
0.5578071405025645 0.1437178423487969 0
0.8200070657870104 0.03465593050711691 0
0.8599999999999997 0.9653589838486232 0
0.8999999889479773 0.9653589902295101 0
1.859999388471388 0.03464135337764762 0
1.839998860509755 0.06928155738660235 0
1.800001144220969 0.06928076763607993 0
1.819999810840921 0.1037258240225482 0
1.780003162227139 0.1036935720736074 0
1.860000295187317 0.1035722981688938 0
1.839997729771681 0.1385572348332756 0
1.879997210967782 0.06925106346667836 0
1.760003127976189 0.0692432057656775 0
1.740006911365184 0.103876359417568 0
1.760005597023765 0.1385576453324722 0
1.720010418889077 0.1385581976756255 0
1.699999537423788 0.1038174681005193 0
1.77999993832449 0.9658732732622234 0
1.758697655614076 0.9325622897720554 0
1.819999834218264 0.9660572136162113 0
1.7 0.9653589838486225 0
1.660000063771502 0.9659967291742713 0
1.638623780135789 0.933074230882704 0
1.299269389315823 0.9659327284004497 0
1.278141052691522 0.9344596917952297 0
1.339147618372613 0.9668183191309276 0
1.219186789147562 0.9668918957343299 0
1.179051256559671 0.9662533277551555 0
1.15795024090776 0.9349574485713221 0
0.03434355185652982 0.6218695767983399 0
0.07272939451472182 0.5589228330423086 0
0.03581324131383812 0.5384853371054057 0
0.07009136497409263 0.5176894271600785 0
0.07190614997887401 0.4739016867582062 0
0.4600747489868509 0.03459786354340538 0
0.4385309953833119 0.07492802040491253 0
0.4803405436696671 0.06988510022095984 0
1.580010425040693 0.03464550336992817 0
2.019933773048012 0.9657086662532088 0
2.038572878746621 0.9310197808313375 0
1.019053495164713 0.9670148366368908 0
0.9788957437764971 0.9663799321245904 0
0.9576747729684547 0.9357199786606204 0
0.03409508710860631 0.8974193009484939 0
0.07183881767664424 0.8780094941948408 0
0.0703629205109837 0.837748459817375 0
0.03464101615137571 0.82 0
0.06830209423912459 0.8010053519263306 0
2.219420287186927 0.9651847719764437 0
2.238257216142366 0.9303338125958411 0
0.2952453201369774 0.03185155608100698 0
0.1778505502931842 0.9618539037837474 0
2.298791401764446 0.9651277713934974 0
1.46 0.03464101615137766 0
1.700001349220708 0.03464111969279399 0
1.65999660629188 0.03464196553185406 0
1.679993341151681 0.06926605795893875 0
0.3800000000000001 0.9653589838486223 0
0.03375935322904455 0.102604456830627 0
0.06984800608590769 0.1230615457589014 0
0.03281477322824289 0.3791221707890167 0
0.4582448535439063 0.9669444425048039 0
0.4368950589593987 0.9382374854414879 0
0.7399786744674697 0.03464747540466206 0
1.340015245062022 0.0346465722688355 0
0.6165584600057552 0.9114773187682209 0
0.5400000396854994 0.03464102927479085 0
0.1746042185322558 0.6407023035300627 0
0.3110064873875968 0.2583493580307409 0
0.9140319544277986 0.6661773302204006 0
0.3313319967738997 0.2928002779913518 0
0.5337696611880423 0.5679126354529006 0
0.3352496208900708 0.7084727015112342 0
0.2297137760659489 0.1209842462604642 0
0.1504101691594597 0.1906621698771186 0
0.2174706572862914 0.9147794803684959 0
0.2133616957441578 0.5017395586578748 0
0.3300362693516907 0.1543947137127637 0
0.4532848500931246 0.4995056309143352 0
0.994002030935406 0.6653619347259949 0
0.2703554346018253 0.1894474670069974 0
0.4552435186690489 0.7073417737617665 0
0.2559070752249641 0.7785056329935065 0
0.3732887978806263 0.5002595365120301 0
0.09264898170591485 0.4336196676332654 0
0.1720026605899785 0.3635808104311442 0
0.1910120572559755 0.2594801996069404 0
0.3365279060591799 0.8470147294715982 0
0.692940339955544 0.5645694224601042 0
0.5730442800565911 0.4982400030392483 0
0.9000110961842452 0.03464746086449283 0
0.3942672305192851 0.603989067079404 0
0.251988671532327 0.3628329602475171 0
0.5966154733295349 0.878726480983765 0
0.4913245332451521 0.2912927656615473 0
0.215917873691335 0.7788842417045554 0
0.2546004413135314 0.639947905022593 0
0.2329751483187896 0.4669366396668186 0
0.2939456101429156 0.5702922065215973 0
0.2736243194991932 0.535841366068706 0
0.5107124264642642 0.190670851269974 0
0.580000020244939 0.03464101815821252 0
0.4296609279120847 0.1887159600949795 0
0.3510045981775405 0.2579724226437008 0
0.4342652724366116 0.6036120528168899 0
1.37505219946907 0.7653112335819583 0
0.6528258297587158 0.4973272655548715 0
0.2152577715110766 0.7096022635776369 0
0.3166737030950131 0.8816867294857467 0
0.6758748402353282 0.8087430366770009 0
0.7198687604949714 0.06920228932386946 0
0.2316631415405064 0.3283820498860124 0
0.5358909836880329 0.7758672265152635 0
0.7104807353725009 0.1868138616241833 0
0.3365571692695819 0.9206043110338837 0
0.754815223243673 0.7371282434720132 0
0.191676991293213 0.3287519201869361 0
0.7328190046798267 0.4965531146157153 0
0.7999517983358538 0.06952330150991054 0
0.7122917779188065 0.3931378851427393 0
0.7140869382209057 0.668239222828183 0
0.9800111157590179 0.03464701479899601 0
0.4526319787135513 0.4302269501868727 0
0.8578024877792915 0.906735246121978 0
0.8800843167457469 0.06934973571322578 0
0.8128580000292787 0.495753847022819 0
0.8754514882751139 0.8051634110089008 0
0.3306790928097598 0.2235215049739324 0
0.8113084252988333 0.2881802304126529 0
0.7922873683780145 0.3923827761622204 0
1.19543295136285 0.8018337021836889 0
0.1713458047071312 0.2943043406732418 0
0.8928632447515539 0.4949792201290459 0
0.9600925144913776 0.06933101097348721 0
0.872282439272166 0.3916273326671038 0
0.9350821151800335 0.7698951007641066 0
0.8550945664860661 0.7707350649454944 0
0.3103552399217908 0.1890958958410092 0
0.5922985529595202 0.394268378109685 0
0.4729573982855513 0.4646778581818386 0
0.4545904608758891 0.6380630656675321 0
0.1510345271075548 0.2598449552219257 0
0.9337248194262213 0.6313039944848373 0
0.995449964647243 0.8038945067133429 0
1.075447480654801 0.8030622204922941 0
1.135068351802384 0.7678138347297483 0
1.040030047482469 0.06929879177485282 0
0.2900419708806663 0.1547417068513267 0
0.1307540475736164 0.2254455554529297 0
1.057786851110541 0.9048157674523178 0
0.9750860070045191 0.7694852270038445 0
0.9728552319001141 0.4941541768409493 0
0.9712987100145549 0.2866604390520642 0
0.249396653224613 0.08743785401326609 0
1.060009195443012 0.03464644360899988 0
0.9522756012725315 0.3908717595853711 0
0.4349178861256779 0.6728910111016539 0
0.2697270440045172 0.1208462949758329 0
1.013730779618982 0.6304614716686271 0
0.2539582186396281 0.5706727339331028 0
0.09263703467052187 0.2275993374022345 0
1.255065855191334 0.7665630463283821 0
1.120068521778583 0.06932400496335889 0
1.032270023662074 0.3901238607420369 0
1.331257766404094 0.2833394350757295 0
0.2342824994199759 0.6055012167632339 0
0.4952362670551911 0.7069677986549923 0
1.055084673205798 0.7686421899877722 0
1.993693469555274 0.6550000981105362 0
0.2146036159552185 0.640325740758025 0
0.4755682316092216 0.7417930793690051 0
0.194932899839287 0.6751513599616523 0
0.5123027015526084 0.3950227038729602 0
1.112267156651335 0.3893648855327785 0
1.13128864616435 0.2851781197712764 0
1.140018181265765 0.03465214900554026 0
0.07675154740346102 0.6735325581370817 0
0.4958937294155137 0.7762438977538986 0
1.172863550579887 0.4922148683225669 0
1.192252527705911 0.3886059658573494 0
1.780000741307894 0.03463428358264847 0
1.175068681472153 0.7674007783961989 0
0.4762019520290854 0.811013045419743 0
1.200050695448696 0.06931207103145376 0
0.4965241330551367 0.8454541215330769 0
0.1550018798014494 0.6755529169073549 0
0.115573850042026 0.675449914038134 0
0.4771605019547196 0.8775787715850372 0
1.913776134618798 0.6558236757506584 0
1.571115627187887 0.2810288543246346 0
1.272247863411793 0.3878564036425096 0
1.220013090318198 0.03464886864409245 0
1.280050735528135 0.06930809332577703 0
1.291274049413663 0.2836978394492359 0
1.300027373774416 0.03465163977353691 0
0.5916631680510588 0.3249954912637325 0
0.6316913160662816 0.3245917075568511 0
1.940000884893134 0.03462965713330091 0
1.36010085969358 0.06930892187620924 0
1.720000711189592 0.06924753784781251 0
1.400055742248996 0.0692932974356803 0
1.420013659539556 0.03464158313636856 0
1.480087584848946 0.06925981665360403 0
1.520103390863638 0.06927303494519443 0
1.54 0.03463776604483326 0
1.600059401656763 0.06930979457172742 0
1.472211960880881 0.3859648129217086 0
1.832072865146266 0.3825576717836657 0
1.07399884587123 0.6645311471663385 0
1.640036242919378 0.06929771464244705 0
1.653608229566488 0.6239135228882788 0
1.29506299969265 0.7661477978938648 0
1.972866528906059 0.4849397069463169 0
2.490304691762604 0.2720517217493654 0
1.931130002074836 0.2776905642011023 0
1.911960778098159 0.3818899969076129 0
1.974800558083529 0.759027219971216 0
1.991875251571617 0.3811379163016399 0
2.052743160600231 0.4841634135066221 0
2.013326722207214 0.6202124601290999 0
1.093714278275061 0.6296500151376577 0
2.054702059168074 0.7580826583651195 0
1.77354927180476 0.6226794463853235 0
1.415047605730066 0.7648954594201938 0
2.07179976310075 0.3803350067985987 0
2.570045290679642 0.4785947653972205 0
1.712129442370767 0.3837008448892394 0
2.130984142416244 0.2757843523929819 0
1.154004464849117 0.6636979498778126 0
1.392234438193327 0.3867242087887484 0
0.8340258246194152 0.6670347772443885 0
1.535028565177375 0.763651107560536 0
1.173715194316067 0.6288140749808511 0
2.35591815857408 0.9283888510223656 0
2.27116745813738 0.3786685015921613 0
1.234001046470196 0.662869372348597 0
1.973376298364843 0.6206188965899538 0
2.420030865867556 0.03462686410194687 0
0.853747141085155 0.6321037926451569 0
1.253700407066699 0.6280028626859967 0
1.655000098825943 0.7623896839790706 0
2.091018673668019 0.2761897764290282 0
1.933417183609587 0.6210361492142175 0
1.293695002362554 0.6275866775583469 0
2.371668933249554 0.4806312216069544 0
1.471557781138782 0.3166435010850165 0
2.350799879138891 0.3779972475958999 0
1.354003727144842 0.6616153760886907 0
2.612174472924925 0.7518333483812634 0
2.373895585955542 0.7545941625281503 0
1.893456960124399 0.6214305411740286 0
1.373682021378644 0.6267727953606057 0
1.632175112989536 0.3844628478002821 0
1.511538036711737 0.3162533957528804 0
1.413662751251034 0.6263775568711639 0
1.853493982981385 0.6218566005126291 0
1.77496259786876 0.7611404636297676 0
1.833849523836705 0.6566597675719377 0
1.473985318408015 0.6603752496161838 0
2.453483393583437 0.7536649890071146 0
1.79387858303256 0.6570722387393719 0
1.493657774143023 0.6255469407808993 0
2.963073426800961 0.5377438974671935 0
2.961643758357476 0.6152858287021487 0
2.591325067384116 0.649289259077749 0
1.533637960447079 0.6251449217462599 0
1.593952824220546 0.6591452256643925 0
1.67393896168781 0.6583114132103993 0
1.713913438016717 0.6579029385351105 0
1.733573153721703 0.6231006233113408 0
1.613622541241268 0.6243345771129415 0
2.965774412018421 0.3852799800572617 0
2.966579582408273 0.4613312227422693 0
2.54965292610675 0.375824458126283 0
2.532917753872566 0.7527099046951676 0
2.178983388499468 0.9649449848659892 0
2.609545319558816 0.4783325937581343 0
2.766889374762334 0.477186096763818 0
1.894901186029003 0.7598852408431944 0
1.711539714944485 0.314367451963201 0
2.632348196429136 0.7858839261500112 0
1.751525717332434 0.3140053879650876 0
2.843499660796303 0.2747531808667815 0
2.704447890199901 0.2395028959053178 0
2.628426018532883 0.3758952850026895 0
2.430427413713732 0.3769275175118653 0
2.640458711579452 0.06918816018249552 0
2.827325637705181 0.6482789928718011 0
2.744085345952412 0.1710775614587629 0
2.649653830717238 0.5461604262539453 0
2.789295519816109 0.7163407813379258 0
1.589313166949088 0.1767916516518072 0
2.824671514695489 0.3754593355052655 0
2.748138007447832 0.5792753334219243 0
1.857440668282929 0.8979662562616448 0
2.728813987272806 0.6137586310036763 0
2.592690404719638 0.7863219050551298 0
2.191622688468187 0.3791925970298622 0
2.174440092177897 0.7562890443648993 0
2.600548634934435 0.0690276452491424 0
2.294147004040739 0.7551060507263273 0
2.156040093007868 0.9291428397675497 0
2.810066808099578 0.8167452047664541 0
2.553028080670755 0.7867366788981593 0
0.7366194588327404 0.9095172567905599 0
2.970704817507838 0.1961167665768096 0
0.7564811665468655 0.8755179516975673 0
2.580356677609952 0.03444586184394166 0
0.6962415621602698 0.8434787452666482 0
1.62942939785968 0.1766413987844322 0
0.7156430896711797 0.8073461851758663 0
0.7150265393444918 0.7375769290393757 0
0.6947355027302697 0.7030808388073719 0
2.513376894047009 0.7871305197009044 0
0.6344506912472867 0.6706516593195038 0
2.748785869334577 0.6481726928968874 0
0.574243828157189 0.6362629724304032 0
2.099701418976192 0.9657578728757227 0
0.5935491899871015 0.6010440829489827 0
2.473595519017491 0.7876086790990721 0
1.680924367772718 0.1384231036788358 0
2.433869393072096 0.7879926079694113 0
2.785492585234954 0.3753423605537797 0
2.394048671346876 0.7884056121136216 0
2.610563879806071 0.5463305933703667 0
1.710234796553863 0.1766532507255554 0
1.737398707669421 0.898774514524339 0
2.354204154933691 0.7888063572982026 0
2.590301470811493 0.5123510743175933 0
2.791090044652687 0.8511602072290256 0
2.314163462131195 0.7892356634353914 0
0.07243115679119771 0.3294410179189241 0
1.092875733031515 0.492840863033602 0
2.78173548393843 0.1030427889948688 0
2.429922112151688 0.3067893970238643 0
2.254231235294207 0.7554146975239906 0
2.608922140986912 0.3413218690342373 0
2.234387052855663 0.7899892459951133 0
1.292863495236744 0.4908359098947433 0
2.470405013195657 0.3064983593616201 0
1.749365400505647 0.1760670160771524 0
2.194402673727412 0.7904274997589131 0
2.510725496276736 0.5125661599491952 0
1.412886035206834 0.489638943771239 0
2.134432495509406 0.7568254756875719 0
2.667703804230652 0.3078105084506307 0
2.114573407069325 0.791352402965778 0
2.49071470202169 0.4788979268094949 0
1.533063537056644 0.488340645974955 0
1.653024875299355 0.4871756512702311 0
1.772965565236047 0.4860106392498114 0
1.892853373156785 0.4849297930464992 0
2.291939326703805 0.48093985522412 0
2.172377501664164 0.4820706800764911 0
1.800886339342989 0.1378899351986215 0
2.094897160095342 0.826221462681209 0
2.075527127903264 0.8607555778137322 0
2.550566525692099 0.5122949060993007 0
0.6954582839361945 0.773291524077529 0
0.5730770661593388 0.5670596328925022 0
0.592672511570326 0.5322496601767716 0
0.632596300622394 0.5317958588189703 0
2.941895991065339 0.9707714743000639 0
0.6726491090477582 0.5313255633432752 0
0.7125916762188642 0.5310026028289713 0
0.7526562775547335 0.5304911906603792 0
1.617499498229815 0.8996745905059063 0
0.792666179866817 0.5301470760595353 0
0.8327453040075011 0.5296669594322864 0
1.828313259716511 0.1751432246705747 0
0.8726962471956498 0.5293414876131506 0
2.451187186253539 0.479279380171343 0
0.9127419411614635 0.5288859410720489 0
0.03295756777915959 0.1797071630468631 0
0.9526906176144303 0.5285568470815061 0
2.431712320080361 0.5132679974287202 0
0.9931253588790603 0.5278017876666204 0
1.033021092226953 0.5273027109296008 0
1.052779585219914 0.4930868440946417 0
1.112786999610158 0.5268519547943598 0
1.152673292570546 0.5265949177979885 0
2.391814737830738 0.5138926270628001 0
1.193125436056963 0.5258221434664286 0
1.233016129681152 0.5253206618952257 0
1.25276675690805 0.4911288764091856 0
1.313241555779852 0.5245089420505372 0
1.998557921297187 0.9309887650591879 0
1.353052612077639 0.524092548621205 0
2.971445086885772 0.1604343644096 0
1.883317459629933 0.1390367199099056 0
2.351801584655156 0.5143938898222032 0
1.37297880433419 0.4899834223546631 0
1.43326913997989 0.5232937153372624 0
1.473456878814899 0.522734951578374 0
2.311967295250915 0.5145658689680399 0
1.49317628728652 0.4886826592403584 0
1.553307931100909 0.5220666347006723 0
1.593230206681654 0.5215763005785401 0
2.232284405479154 0.5152552616751824 0
2.252178875040075 0.4809177071438999 0
1.673273067068052 0.5208757682056141 0
1.613109751440858 0.4875267782935509 0
1.713185316124711 0.5203849335162225 0
2.192437867090023 0.5156806168016485 0
1.793214500687252 0.5196863976806952 0
1.833112765378498 0.5191978966272434 0
1.733060756428034 0.4863571761263774 0
2.11327014161525 0.516334999188739 0
1.912984497689602 0.5186613007085563 0
2.132612002787989 0.4824784210181064 0
1.852977658570251 0.4852110784118988 0
2.073017956147204 0.5170308730811765 0
1.993150720300455 0.5178171784683445 0
1.953129771342434 0.518291075593442 0
2.033102077636066 0.5174177165723272 0
1.977115960552522 0.8965423095195363 0
1.906813650939736 0.173949987159032 0
1.496040378007135 0.9014242824070788 0
1.963776845726783 0.1388342854173962 0
0.03269518919555159 0.26 0
1.91859773825236 0.931387201389947 0
1.986859747744847 0.1735114021767387 0
1.897384712377168 0.8975199082096397 0
0.06144623224650592 0.03226331268537475 0
0.06127700717056039 0.9675742104672461 0
2.056815130589803 0.8961637942292864 0
2.0437498803635 0.1385750797616101 0
1.838944100454814 0.9322627637005101 0
1.376197293311535 0.9022065870353166 0
0.0342042714503008 0.7416880039238887 0
2.836073011897783 0.933916504926168 0
2.06681561522619 0.1730585029809609 0
0.2165450854702402 0.02973099325344214 0
1.798584275948559 0.9320158623693591 0
2.941563114915107 0.1062536483268338 0
2.967807175066238 0.6936169352329693 0
2.277415151813427 0.9307525452085528 0
2.124031268713627 0.1384996749887312 0
2.477080002061839 0.9288359992174486 0
2.077651559497085 0.9315424075603898 0
1.777352955042995 0.8984627169204756 0
1.256738689625715 0.9028856515491073 0
2.149087598527131 0.1741185144761354 0
1.719716597315487 0.9334225607149584 0
2.935796843537671 0.2422081300468426 0
0.403738894221104 0.06605131989955249 0
2.187970145273362 0.1732177645991827 0
1.678690085579093 0.9324427113684465 0
2.243794480518523 0.138103634912374 0
0.03128319619022424 0.46 0
1.137788403954993 0.9036257285914858 0
0.4660044256643705 0.100144876056576 0
1.657355785098631 0.8992812913639271 0
2.266712720018211 0.171975668175529 0
1.6 0.9343188545460738 0
0.451636297386387 0.1584794085413581 0
2.323708809529864 0.1377204892920892 0
0.0961217433266528 0.7766724271549557 0
2.346581593782529 0.1714892463696703 0
1.559825824730262 0.934155073747251 0
2.523856745972769 0.1370907817535399 0
2.646600089132489 0.2733963908025328 0
2.403671181083421 0.1376634608197483 0
2.943891353971523 0.7876007433789506 0
0.583886497854555 0.1685650918557183 0
2.546820022346228 0.1707588686141301 0
1.539136516775094 0.9003676576510978 0
2.428774698926843 0.1728230993561643 0
0.9376906958043718 0.9050058518341555 0
1.477971021751491 0.9336812456174012 0
2.466752855645983 0.1711120052079702 0
2.584650499861215 0.1702991269609947 0
1.438690952309543 0.9336755499929177 0
2.60481042076726 0.204474164364358 0
2.625452202580001 0.2390060751881117 0
1.4180113824184 0.9011942954217571 0
2.937977778395692 0.4422748365574043 0
1.357730175929531 0.9340569659015437 0
1.318562468037984 0.9340977295681199 0
2.968810837281383 0.7323996799990435 0
1.344977538314968 0.173125406848166 0
1.2980205219248 0.9019451962191068 0
1.46445279574086 0.1742950231310778 0
1.23768793349349 0.9344574446105725 0
1.198464734658841 0.9345541810467279 0
2.935748250419899 0.3699545980648128 0
1.177337686235038 0.9029201505641633 0
1.12 0.9368138173324591 0
0.1011631289354844 0.8524090439743719 0
0.7180119853553543 0.9412742830284617 0
1.08 0.9371589567930712 0
2.972860208965308 0.3077317008861326 0
0.5977463972060955 0.94242510943824 0
0.99881257339313 0.935674145443697 0
1.039400658277012 0.9365411503742798 0
0.4175964345490111 0.9095896018527903 0
2.936502836658045 0.5134423254826752 0
0.9781160858525737 0.9039969400903932 0
0.9199999900879542 0.9378641548546369 0
0.3095827543953686 0.9457055725335966 0
0.879768442440934 0.9378466458797687 0
0.8395881484634697 0.9376896779829916 0
0.06019906242586681 0.4414865330826342 0
0.7993912743821689 0.9379142145398566 0
0.06284022233933539 0.6411391337563541 0
2.973779602248964 0.843667610917672 0
2.936551541037741 0.5833962532702032 0
0.7584058235954835 0.9391967237994778 0
2.975943410184592 0.9107142857142858 0
0.6589522397787098 0.9714117785011338 0
2.936594764005707 0.6439404007458639 0
2.973948378697157 0.09553693350504788 0
2.9699117400688 0.04011172905722293 0
0.5389235592073185 0.9712004364760425 0
0.1002705247485065 0.4994270374502524 0
0.6986847835938574 0.9708859467883277 0
2.925729744740789 0.9402861025706608 0
0.478222786985022 0.9383943699918396 0
0.05999573155710292 0.3599999999999999 0
0.02520234857114967 0.7007781807941639 0
0.6374474435128801 0.9418507742196019 0
0.57840233355832 0.9713618981127838 0
0.2504937983352693 0.9723783328123854 0
0.0585841932150768 0.1608552779433992 0
0.1499051721603735 0.9369608397319587 0
0.5176031370462129 0.9405543420833063 0
0.1022766751944388 0.5767689205602788 0
0.4572000896495001 0.9086260590367228 0
0.3985551017518496 0.9390427121760079 0
0.02928203230275517 0.0292820323027575 0
0.02928203230275539 0.9707179676972426 0
0.09296286673006104 0.9031785403098689 0
0.3615771000692971 0.9413151134968427 0
0.304958190183938 0.9722935309062116 0
2.8913079991665 0.9382884850692323 0
2.948490839295668 0.1416703486931893 0
0.09497305631308484 0.09433397330983001 0
2.947244779888315 0.2142857142857146 0
2.973362526232068 0.9747088865227703 0
0.2369083336360207 0.9432250553949706 0
0.1319989766574854 0.09346020995983534 0
0.2303572413180421 0.06200433176814779 0
0.202800197780284 0.9420679021047454 0
0.1549320586655494 0.06060004054114032 0
0.1771873248608893 0.03038202762734932 0
0.135983080357275 0.9076630566255151 0
0.2691654787020235 0.06319030234106315 0
0.3097813865592833 0.06245187399308966 0
0.4082581030634211 0.09416802961833609 0
0.0616875313376668 0.2323708203456284 0
0.02281787652781553 0.2994013822528008 0
0.3481445087530748 0.06248597995033717 0
2.832049223575041 0.905800317775156 0
0.589088278135725 0.1968240447256622 0
0.4919135438890798 0.1633739509730727 0
0.6413818928174677 0.1938804142134014 0
0.06256302479536302 0.7716376693268729 0
0.5291125726932768 0.1654009906598993 0
0.06273699888081197 0.9090596083487048 0
0.06284820522948831 0.09068444124342234 0
0.6559920821491192 0.1662841918292271 0
2.947222994471009 0.5582618697086899 0
0.6910772326869667 0.164753166673922 0
2.975057110687908 0.7936401943209275 0
0.7283497360233281 0.1643691457057475 0
$EndNodes
$Elements
9 4640 1 4640
0 1 15 1
1 1 
0 6 15 1
2 6 
1 1 1 75
3 1 7 
4 7 8 
5 8 9 
6 9 10 
7 10 11 
8 11 12 
9 12 13 
10 13 14 
11 14 15 
12 15 16 
13 16 17 
14 17 18 
15 18 19 
16 19 20 
17 20 21 
18 21 22 
19 22 23 
20 23 24 
21 24 25 
22 25 26 
23 26 27 
24 27 28 
25 28 29 
26 29 30 
27 30 31 
28 31 32 
29 32 33 
30 33 34 
31 34 35 
32 35 36 
33 36 37 
34 37 38 
35 38 39 
36 39 40 
37 40 41 
38 41 42 
39 42 43 
40 43 44 
41 44 45 
42 45 46 
43 46 47 
44 47 48 
45 48 49 
46 49 50 
47 50 51 
48 51 52 
49 52 53 
50 53 54 
51 54 55 
52 55 56 
53 56 57 
54 57 58 
55 58 59 
56 59 60 
57 60 61 
58 61 62 
59 62 63 
60 63 64 
61 64 65 
62 65 66 
63 66 67 
64 67 68 
65 68 69 
66 69 70 
67 70 71 
68 71 72 
69 72 73 
70 73 74 
71 74 75 
72 75 76 
73 76 77 
74 77 78 
75 78 79 
76 79 80 
77 80 2 
1 2 1 7
78 2 81 
79 81 82 
80 82 83 
81 83 84 
82 84 85 
83 85 86 
84 86 3 
1 3 1 13
85 3 87 
86 87 88 
87 88 89 
88 89 90 
89 90 91 
90 91 92 
91 92 93 
92 93 94 
93 94 95 
94 95 96 
95 96 97 
96 97 98 
97 98 4 
1 4 1 7
98 4 99 
99 99 100 
100 100 101 
101 101 102 
102 102 103 
103 103 104 
104 104 5 
1 5 1 75
105 5 105 
106 105 106 
107 106 107 
108 107 108 
109 108 109 
110 109 110 
111 110 111 
112 111 112 
113 112 113 
114 113 114 
115 114 115 
116 115 116 
117 116 117 
118 117 118 
119 118 119 
120 119 120 
121 120 121 
122 121 122 
123 122 123 
124 123 124 
125 124 125 
126 125 126 
127 126 127 
128 127 128 
129 128 129 
130 129 130 
131 130 131 
132 131 132 
133 132 133 
134 133 134 
135 134 135 
136 135 136 
137 136 137 
138 137 138 
139 138 139 
140 139 140 
141 140 141 
142 141 142 
143 142 143 
144 143 144 
145 144 145 
146 145 146 
147 146 147 
148 147 148 
149 148 149 
150 149 150 
151 150 151 
152 151 152 
153 152 153 
154 153 154 
155 154 155 
156 155 156 
157 156 157 
158 157 158 
159 158 159 
160 159 160 
161 160 161 
162 161 162 
163 162 163 
164 163 164 
165 164 165 
166 165 166 
167 166 167 
168 167 168 
169 168 169 
170 169 170 
171 170 171 
172 171 172 
173 172 173 
174 173 174 
175 174 175 
176 175 176 
177 176 177 
178 177 178 
179 178 6 
1 6 1 25
180 6 179 
181 179 180 
182 180 181 
183 181 182 
184 182 183 
185 183 184 
186 184 185 
187 185 186 
188 186 187 
189 187 188 
190 188 189 
191 189 190 
192 190 191 
193 191 192 
194 192 193 
195 193 194 
196 194 195 
197 195 196 
198 196 197 
199 197 198 
200 198 199 
201 199 200 
202 200 201 
203 201 202 
204 202 1 
2 1 2 4436
205 1786 1788 989 
206 1243 1254 1080 
207 81 2268 2 
208 1687 1689 850 
209 1801 1803 949 
210 1216 2235 236 
211 232 1932 1165 
212 1165 2275 232 
213 1173 1254 1243 
214 1691 1693 851 
215 1175 2027 278 
216 785 1727 845 
217 850 1728 1687 
218 2 2268 80 
219 1173 1243 1242 
220 845 1727 1718 
221 1695 1697 852 
222 1247 2028 203 
223 791 1732 846 
224 87 1179 3 
225 851 1729 1691 
226 846 1732 1725 
227 3 1179 245 
228 1699 1701 853 
229 1064 2207 1755 
230 1755 2211 1064 
231 852 1730 1695 
232 228 2191 1218 
233 1703 1705 855 
234 949 2244 1801 
235 1685 1728 849 
236 2190 2291 1195 
237 853 1731 1699 
238 230 1220 1169 
239 1789 1840 979 
240 781 2236 783 
241 1689 1729 850 
242 1210 2186 1144 
243 1707 1709 856 
244 855 1733 1703 
245 1167 1171 233 
246 1144 2290 1210 
247 285 1196 287 
248 1693 1730 851 
249 1242 1244 1173 
250 1218 2266 228 
251 1196 2190 1195 
252 251 1189 1180 
253 1711 1713 843 
254 1697 1731 852 
255 236 2219 1216 
256 856 1734 1707 
257 1175 2241 2027 
258 787 2238 789 
259 1701 1733 853 
260 203 2252 1247 
261 1787 1788 1786 
262 843 1735 1711 
263 1217 2235 1216 
264 783 1727 785 
265 1705 1734 855 
266 253 1266 1170 
267 233 1214 1167 
268 1709 1735 856 
269 1718 1720 845 
270 1670 2201 1156 
271 285 1197 1196 
272 190 1787 189 
273 965 1290 1093 
274 961 2194 963 
275 261 1786 1178 
276 1171 1244 233 
277 1687 1728 1685 
278 1093 1290 1289 
279 789 1732 791 
280 1691 1729 1689 
281 1156 2307 1670 
282 222 1271 1174 
283 1791 2207 1064 
284 783 2236 1727 
285 1695 1730 1693 
286 753 1728 755 
287 1699 1731 1697 
288 1703 1733 1701 
289 1707 1734 1705 
290 1711 1735 1709 
291 1170 1267 253 
292 1725 1736 846 
293 249 2300 2299 
294 1736 2047 846 
295 2299 2300 1166 
296 1738 2047 1736 
297 2076 2081 848 
298 1738 2065 2047 
299 1771 2081 2076 
300 1741 2065 1738 
301 1178 1785 261 
302 757 1729 759 
303 1064 2304 1791 
304 2110 2125 858 
305 1080 2308 1243 
306 1766 2125 2110 
307 2145 2172 861 
308 1652 2172 2145 
309 2174 2177 862 
310 1641 2177 2174 
311 1326 2198 2193 
312 2182 2187 863 
313 1646 2187 2182 
314 2193 2198 854 
315 963 1290 965 
316 976 1805 1102 
317 1771 2096 2081 
318 848 2065 1741 
319 1174 1272 222 
320 1266 1272 1170 
321 1741 2076 848 
322 1770 2096 1771 
323 789 2238 1732 
324 111 1244 110 
325 1102 1805 1804 
326 1803 2213 949 
327 1756 2220 842 
328 1169 2247 230 
329 761 1730 763 
330 931 1195 1193 
331 2204 2209 864 
332 1193 1201 931 
333 1180 1202 251 
334 287 1196 931 
335 1320 2209 2204 
336 98 2235 2191 
337 2212 2214 865 
338 963 2194 1290 
339 1313 2214 2212 
340 2218 2223 857 
341 1309 2223 2218 
342 229 2255 1870 
343 1870 2288 229 
344 1176 2087 231 
345 1135 1185 1184 
346 1069 2283 2251 
347 1249 2039 1251 
348 972 2192 974 
349 1251 2039 462 
350 113 1214 112 
351 765 1731 767 
352 1135 1184 892 
353 1198 2268 82 
354 858 2096 1770 
355 1770 2110 858 
356 1800 2244 942 
357 1173 1244 1171 
358 221 1787 190 
359 953 1267 954 
360 1184 1186 892 
361 1289 1291 1093 
362 892 1186 726 
363 189 1787 261 
364 278 2232 1175 
365 673 2039 1249 
366 2251 2283 1818 
367 842 2313 1756 
368 673 1249 1248 
369 1789 2258 1840 
370 250 2291 2190 
371 1821 2276 2248 
372 218 1808 1181 
373 1236 2221 2216 
374 2060 2263 2245 
375 979 2270 1789 
376 1003 2253 2224 
377 861 2125 1766 
378 172 2278 1177 
379 2216 2221 866 
380 755 1728 850 
381 849 1728 753 
382 1766 2145 861 
383 1177 2289 172 
384 710 1201 1191 
385 769 1733 771 
386 1179 2200 245 
387 1238 2044 1248 
388 251 2264 1189 
389 1248 2044 673 
390 1751 2311 745 
391 1013 2242 2206 
392 989 2282 1786 
393 957 1272 959 
394 1181 1989 218 
395 230 2241 1220 
396 222 1272 1266 
397 1019 2237 2197 
398 759 1729 851 
399 850 1729 757 
400 1191 1201 1193 
401 1025 2231 2184 
402 745 2309 1751 
403 862 2172 1652 
404 1238 1239 728 
405 2273 2281 211 
406 1652 2174 862 
407 710 1191 1183 
408 110 1244 1242 
409 1031 2222 2173 
410 728 2044 1238 
411 942 2287 1800 
412 82 2268 81 
413 1658 2180 282 
414 281 2179 1634 
415 2269 2277 165 
416 1186 1187 726 
417 233 1244 111 
418 773 1734 775 
419 974 1805 976 
420 1326 2202 2198 
421 246 2129 1182 
422 1247 2232 2028 
423 1325 2202 1326 
424 1183 1211 710 
425 1203 2092 1126 
426 763 1730 852 
427 851 1730 761 
428 263 1816 1190 
429 2248 2276 237 
430 1807 2280 1142 
431 1788 2270 989 
432 2265 2271 162 
433 280 1197 284 
434 2191 2235 1217 
435 863 2177 1641 
436 1641 2182 863 
437 231 2306 1176 
438 1804 2031 1102 
439 2245 2263 205 
440 112 1214 233 
441 253 1214 113 
442 1187 2043 1224 
443 2031 2057 1102 
444 1162 2281 2273 
445 1185 2262 2019 
446 1224 2043 902 
447 767 1731 853 
448 852 1731 765 
449 219 2057 2031 
450 1213 2089 1239 
451 1206 2041 1285 
452 902 1270 1224 
453 777 1735 779 
454 1168 2277 2269 
455 974 2192 1805 
456 1167 1267 953 
457 1142 2298 1807 
458 954 1267 1170 
459 284 1197 285 
460 1186 2043 1187 
461 317 1205 315 
462 674 2092 1203 
463 280 1198 1197 
464 1127 2230 2217 
465 283 2272 1189 
466 854 2187 1646 
467 1646 2193 854 
468 771 1733 855 
469 853 1733 769 
470 1188 2057 219 
471 1218 2191 1217 
472 1205 2041 1206 
473 1108 2070 1208 
474 1211 2038 647 
475 219 2073 1188 
476 1075 2029 1288 
477 1174 2194 961 
478 1288 2029 1200 
479 1170 1272 957 
480 959 1272 1174 
481 1309 2226 2223 
482 1291 1989 1093 
483 1239 2089 728 
484 120 1291 119 
485 1310 2226 1309 
486 1253 2085 1254 
487 218 1989 1291 
488 1617 2271 2265 
489 647 2038 1199 
490 1081 1273 1180 
491 843 2236 781 
492 1199 1265 647 
493 849 2320 1685 
494 1200 2029 456 
495 261 1787 1786 
496 2249 2250 1796 
497 2224 2253 1798 
498 775 1734 856 
499 855 1734 773 
500 1183 2038 1211 
501 456 1204 1200 
502 1208 2070 605 
503 1214 1267 1167 
504 594 1265 1219 
505 253 1267 1214 
506 967 1989 969 
507 1180 1273 1202 
508 1219 1265 1199 
509 87 2247 1179 
510 1077 2195 2181 
511 282 2314 1658 
512 1634 2315 281 
513 931 1196 1195 
514 2019 2266 1185 
515 2142 2171 1133 
516 280 284 79 
517 594 2078 1263 
518 1152 1815 978 
519 1131 1218 948 
520 2206 2242 1784 
521 1190 2258 263 
522 1782 2240 2239 
523 779 1735 843 
524 856 1735 777 
525 315 1205 456 
526 1662 2171 2142 
527 1254 2085 1080 
528 1141 2252 2018 
529 2176 2178 1054 
530 76 1209 235 
531 2197 2237 1780 
532 288 1212 286 
533 864 2202 1325 
534 1660 2178 2176 
535 931 1201 289 
536 1325 2204 864 
537 2184 2231 1667 
538 1781 2234 2233 
539 1076 2114 2067 
540 867 2095 2090 
541 317 2041 1205 
542 1520 2020 1071 
543 2173 2222 1665 
544 1223 2071 2051 
545 1182 2305 246 
546 845 2238 787 
547 286 1212 1209 
548 289 1201 291 
549 119 1291 1289 
550 2189 2196 1070 
551 293 1211 295 
552 218 1291 120 
553 1219 2078 594 
554 2064 2066 722 
555 1865 2066 2064 
556 291 1201 710 
557 1209 1212 235 
558 1104 1274 1202 
559 1133 2181 1795 
560 2072 2074 1208 
561 1281 1285 453 
562 710 1211 293 
563 1774 2196 2189 
564 731 2074 2072 
565 1515 1520 1071 
566 2181 2195 1795 
567 1668 2228 2225 
568 1350 2097 1072 
569 1271 2194 1174 
570 887 1215 1103 
571 1285 2041 453 
572 453 2002 1281 
573 248 1210 108 
574 1281 2002 1279 
575 1314 1315 1237 
576 2060 2062 1161 
577 952 1216 1215 
578 1126 2092 1288 
579 2203 2208 1083 
580 1270 2071 1224 
581 1091 2250 2249 
582 900 1273 1081 
583 2099 2147 370 
584 2094 2140 376 
585 2088 2134 386 
586 1245 1315 255 
587 1081 1180 1145 
588 1093 1989 967 
589 969 1989 1181 
590 1106 2068 2067 
591 1107 2068 1106 
592 675 1520 1514 
593 1260 1261 904 
594 1279 2002 660 
595 1180 1189 1145 
596 702 1215 887 
597 500 1522 498 
598 1261 1262 904 
599 1778 2208 2203 
600 1344 2086 1074 
601 1514 1521 675 
602 455 1299 1283 
603 1237 1315 1245 
604 1207 2070 1108 
605 1253 1287 690 
606 1252 1287 1253 
607 660 1280 1279 
608 77 1209 76 
609 80 280 79 
610 1215 1216 1103 
611 1187 1222 726 
612 284 285 252 
613 1618 2062 2060 
614 675 2020 1520 
615 1228 1239 1238 
616 865 2209 1320 
617 1241 1258 489 
618 1320 2212 865 
619 295 1211 647 
620 660 1990 1280 
621 722 2062 1618 
622 1224 2071 1223 
623 78 284 252 
624 1618 2064 722 
625 221 1788 1787 
626 952 1217 1216 
627 456 1205 1204 
628 948 1218 952 
629 1280 1990 1283 
630 1516 1524 637 
631 1260 2033 1256 
632 1181 2192 972 
633 981 1247 1221 
634 2018 2317 1141 
635 2287 2301 1657 
636 2019 2262 277 
637 1299 2053 1295 
638 1213 1239 1226 
639 2239 2240 1090 
640 702 887 689 
641 1270 2046 1073 
642 708 1287 1252 
643 107 1210 279 
644 107 279 106 
645 1193 1194 1192 
646 1100 1128 1099 
647 1283 1990 455 
648 1207 2068 1107 
649 2225 2228 1088 
650 1071 1522 1515 
651 451 1300 333 
652 1103 1104 899 
653 1107 2070 1207 
654 1191 1192 1129 
655 1296 1300 451 
656 2233 2234 1089 
657 1226 1239 1228 
658 887 1103 899 
659 504 1525 502 
660 1100 1129 1128 
661 1141 2262 1135 
662 1212 2089 1213 
663 1096 1220 1095 
664 904 2033 1260 
665 605 2072 1208 
666 1128 1179 1169 
667 2049 2051 483 
668 671 689 670 
669 1242 1243 248 
670 287 931 289 
671 109 1242 248 
672 1213 1226 1225 
673 1202 1273 1104 
674 498 1522 1071 
675 952 1215 886 
676 74 1225 254 
677 1221 1286 981 
678 1298 1980 1342 
679 79 284 78 
680 1517 1526 678 
681 1225 1226 254 
682 333 1300 331 
683 78 252 77 
684 637 1522 500 
685 451 1298 1296 
686 902 2046 1270 
687 887 899 888 
688 455 2053 1299 
689 1645 1647 1327 
690 727 1262 895 
691 637 1525 1516 
692 451 1980 1298 
693 948 952 886 
694 291 710 293 
695 671 702 689 
696 1164 2185 1165 
697 1203 2101 674 
698 669 670 668 
699 690 2085 1253 
700 508 1527 506 
701 1128 1169 1099 
702 72 1255 227 
703 904 1262 727 
704 70 2063 255 
705 637 1524 1522 
706 487 1258 490 
707 1323 1648 267 
708 886 1215 702 
709 1223 2051 2049 
710 502 1525 637 
711 109 248 108 
712 255 2063 1245 
713 726 1222 677 
714 489 1258 487 
715 1255 2042 227 
716 900 1081 1079 
717 2067 2114 1106 
718 1324 1648 1323 
719 669 671 670 
720 677 1222 610 
721 725 1286 943 
722 2090 2095 1206 
723 1081 1145 1144 
724 678 1525 504 
725 1340 1342 659 
726 1342 1980 659 
727 1518 1528 623 
728 1310 2216 866 
729 1175 1246 937 
730 1259 1260 1256 
731 82 2267 1198 
732 1172 1254 1173 
733 1647 1648 1327 
734 1340 1973 1338 
735 1098 1099 1096 
736 678 1527 1517 
737 1193 1195 1194 
738 75 1225 74 
739 659 1973 1340 
740 667 668 666 
741 1263 2078 1261 
742 667 1240 1073 
743 285 287 286 
744 1191 1193 1192 
745 1105 1259 305 
746 667 669 668 
747 2217 2230 1251 
748 1299 1301 1283 
749 887 888 689 
750 285 286 252 
751 857 2214 1313 
752 1339 1971 1361 
753 1313 2218 857 
754 108 1210 107 
755 1240 1241 1073 
756 943 1286 1221 
757 1212 1213 235 
758 1510 2080 1514 
759 1098 1100 1099 
760 1338 1973 454 
761 1105 1263 1261 
762 454 1339 1338 
763 1253 1254 1172 
764 1252 1253 1172 
765 512 1529 510 
766 678 1526 1525 
767 1241 2071 1270 
768 454 1971 1339 
769 252 1209 77 
770 1240 1258 1241 
771 248 2186 1210 
772 664 667 666 
773 1105 1260 1259 
774 506 1527 678 
775 486 1521 484 
776 906 1264 1127 
777 1358 1982 1547 
778 110 1242 109 
779 708 1252 889 
780 956 1172 1171 
781 1226 1227 254 
782 1327 1648 1324 
783 305 1259 307 
784 221 1789 1788 
785 474 1256 586 
786 647 1265 297 
787 675 1521 486 
788 623 1527 508 
789 353 1357 351 
790 267 1649 1323 
791 73 1255 72 
792 1226 1228 1227 
793 664 1240 667 
794 2054 2097 1350 
795 937 1246 894 
796 1510 2084 2080 
797 1282 1301 905 
798 1257 1977 1329 
799 1248 1249 1232 
800 1277 1284 1281 
801 222 1266 115 
802 623 1529 1518 
803 1228 1238 1230 
804 1342 1346 1298 
805 1359 1361 657 
806 1357 1982 1358 
807 1329 1977 614 
808 926 1480 1479 
809 859 1264 906 
810 1361 1971 657 
811 718 1481 635 
812 1519 1545 686 
813 303 1263 1105 
814 1341 1346 1342 
815 1292 1301 1293 
816 490 1258 648 
817 1230 1248 1232 
818 1318 1321 204 
819 1257 1347 658 
820 1359 1963 1355 
821 981 1286 714 
822 1205 1206 1204 
823 657 1963 1359 
824 1105 1261 1260 
825 626 700 677 
826 1172 1173 1171 
827 943 1135 892 
828 586 626 610 
829 658 1977 1257 
830 1321 1649 204 
831 1238 1248 1230 
832 700 1286 725 
833 2160 2161 1417 
834 725 892 726 
835 1492 2159 2154 
836 832 1276 903 
837 700 725 677 
838 1276 1277 903 
839 2156 2158 1423 
840 956 1252 1172 
841 926 1482 1480 
842 626 677 610 
843 1246 1247 981 
844 2152 2153 1429 
845 894 1246 981 
846 1355 1963 452 
847 204 1351 1318 
848 2148 2149 1435 
849 943 1141 1135 
850 623 1528 1527 
851 474 586 482 
852 894 981 714 
853 452 1356 1355 
854 1284 1285 1281 
855 1231 1269 1234 
856 1095 1175 937 
857 1268 1972 1347 
858 725 943 892 
859 586 610 482 
860 2141 2143 1441 
861 510 1529 623 
862 464 1256 474 
863 533 1365 615 
864 1087 1482 925 
865 1276 1284 1277 
866 1111 2034 1348 
867 1295 2053 1300 
868 615 1365 1363 
869 1347 1972 658 
870 1256 2033 586 
871 257 1331 1311 
872 905 1362 1282 
873 703 886 702 
874 2138 2139 1447 
875 648 1258 1240 
876 938 1096 1095 
877 256 1271 117 
878 905 1301 1292 
879 1323 1649 1321 
880 1293 1301 1299 
881 667 1073 669 
882 1268 1348 612 
883 65 1331 257 
884 1986 1994 682 
885 2132 2133 1457 
886 648 1240 664 
887 860 1264 859 
888 686 1529 512 
889 926 1481 718 
890 1127 1203 1126 
891 612 1972 1268 
892 704 714 700 
893 1479 1481 926 
894 351 1357 452 
895 299 1265 594 
896 727 894 714 
897 1316 1351 257 
898 1376 1962 1569 
899 686 1532 1519 
900 925 1482 926 
901 76 235 75 
902 112 233 111 
903 1283 1301 1282 
904 1478 1825 682 
905 114 1266 253 
906 1303 1315 1314 
907 895 937 894 
908 841 859 840 
909 1228 1230 1229 
910 859 906 901 
911 889 1252 956 
912 1546 2008 1370 
913 670 690 668 
914 307 1259 464 
915 297 1265 299 
916 516 1532 514 
917 906 1126 971 
918 906 1127 1126 
919 2056 2086 1344 
920 1318 1351 1316 
921 938 1095 937 
922 1099 1220 1096 
923 295 647 297 
924 725 726 677 
925 1241 1270 1073 
926 682 1994 1478 
927 448 1377 361 
928 1112 2012 1364 
929 1372 1377 448 
930 353 1982 1357 
931 74 254 73 
932 907 1346 1341 
933 114 253 113 
934 365 1375 363 
935 1546 1547 450 
936 818 1997 907 
937 539 1382 616 
938 299 594 301 
939 1187 1223 1222 
940 1311 1316 257 
941 1478 1898 1825 
942 1305 1314 1310 
943 66 1331 65 
944 616 1382 1379 
945 62 1649 61 
946 1481 1994 1986 
947 1375 1962 1376 
948 1547 1982 450 
949 1483 1835 636 
950 686 1545 1529 
951 841 860 859 
952 859 901 840 
953 1481 1986 635 
954 1507 1524 1505 
955 1230 1232 1231 
956 531 1365 533 
957 474 482 475 
958 464 474 465 
959 116 1271 222 
960 1483 1914 1835 
961 636 1898 1483 
962 1508 1510 1509 
963 72 227 71 
964 1361 1366 1339 
965 839 840 838 
966 303 1105 305 
967 116 222 115 
968 1289 1290 256 
969 1363 1364 615 
970 1835 1914 685 
971 1506 1508 1507 
972 118 1289 256 
973 1825 1898 636 
974 1360 1366 1361 
975 666 1287 708 
976 1302 1315 1303 
977 644 2023 542 
978 1504 1506 1505 
979 1073 2046 669 
980 361 1377 359 
981 1510 1514 1509 
982 1249 1251 1250 
983 685 1914 1484 
984 1484 1964 685 
985 626 704 700 
986 901 1969 840 
987 464 1259 1256 
988 906 971 901 
989 1508 1509 1507 
990 960 1333 1082 
991 1302 1303 213 
992 450 2008 1546 
993 1245 2063 2055 
994 834 1276 832 
995 1484 1976 1964 
996 1348 2034 612 
997 828 1362 905 
998 1303 1314 1305 
999 514 1532 686 
1000 1126 1288 971 
1001 1371 2035 1547 
1002 448 1374 1372 
1003 1502 1504 1503 
1004 1113 1996 1380 
1005 1082 1328 958 
1006 1506 1507 1505 
1007 986 1969 901 
1008 67 1993 66 
1009 714 1286 700 
1010 1964 1976 622 
1011 1487 1531 643 
1012 545 1533 617 
1013 1228 1229 1227 
1014 1097 1098 1096 
1015 1305 1310 1309 
1016 1504 1505 1503 
1017 890 1332 709 
1018 1183 1191 1129 
1019 1485 1984 622 
1020 838 867 836 
1021 617 1533 1383 
1022 907 1997 1346 
1023 485 489 487 
1024 905 1292 826 
1025 837 838 836 
1026 307 464 415 
1027 958 1328 955 
1028 1648 1654 267 
1029 1485 1988 1984 
1030 645 2016 536 
1031 964 1334 1084 
1032 255 1315 1302 
1033 1278 1362 903 
1034 838 1969 867 
1035 363 1375 448 
1036 537 1382 539 
1037 622 1976 1485 
1038 115 1266 114 
1039 704 727 714 
1040 1742 1812 1772 
1041 1647 1654 1648 
1042 839 841 840 
1043 452 1357 1356 
1044 1500 1502 1501 
1045 943 1221 1141 
1046 594 1263 301 
1047 643 1532 516 
1048 968 1330 1085 
1049 1379 1380 616 
1050 1336 1341 1340 
1051 1303 1305 1304 
1052 118 256 117 
1053 1502 1503 1501 
1054 235 1225 75 
1055 1486 1991 681 
1056 204 1649 62 
1057 61 1649 267 
1058 835 836 834 
1059 1328 1332 955 
1060 365 1962 1375 
1061 1568 1985 1390 
1062 66 1993 1331 
1063 1984 1988 681 
1064 727 895 894 
1065 1364 2012 615 
1066 1486 1995 1991 
1067 60 1654 59 
1068 1305 1309 1306 
1069 1341 1342 1340 
1070 1277 1281 1279 
1071 955 1332 890 
1072 254 1255 73 
1073 445 1395 373 
1074 1282 1362 1278 
1075 1187 1224 1223 
1076 1392 1395 445 
1077 70 255 69 
1078 1114 1987 1384 
1079 1568 1569 446 
1080 1498 1500 1499 
1081 833 834 832 
1082 826 1292 824 
1083 1277 1278 903 
1084 1547 2035 1358 
1085 551 1557 618 
1086 1995 1999 639 
1087 1569 1962 446 
1088 1515 1524 1507 
1089 520 1530 518 
1090 1500 1501 1499 
1091 1504 1511 1506 
1092 832 903 830 
1093 1343 1344 1074 
1094 956 1171 1167 
1095 648 664 663 
1096 909 1366 1360 
1097 1496 1498 1497 
1098 68 1302 213 
1099 639 1999 1596 
1100 618 1557 1399 
1101 681 1988 1486 
1102 1812 1965 1811 
1103 1503 1526 1501 
1104 895 938 937 
1105 971 1288 1200 
1106 1184 1185 1131 
1107 643 1530 1487 
1108 117 1271 116 
1109 267 1654 60 
1110 975 1345 1343 
1111 543 1533 545 
1112 64 1351 63 
1113 1498 1499 1497 
1114 1494 1496 1495 
1115 837 839 838 
1116 962 1333 960 
1117 1544 2022 546 
1118 255 1302 69 
1119 1074 1330 970 
1120 1742 1965 1812 
1121 1466 2003 1596 
1122 1531 1532 643 
1123 1383 1384 617 
1124 1335 1341 1336 
1125 119 1289 118 
1126 831 832 830 
1127 1277 1279 1278 
1128 1492 1494 1493 
1129 373 1395 371 
1130 656 1540 1397 
1131 1308 1313 1312 
1132 970 1330 968 
1133 836 1275 834 
1134 973 1343 1074 
1135 966 1334 964 
1136 1496 1497 1495 
1137 1275 1284 1276 
1138 1505 1524 1516 
1139 1391 2001 1569 
1140 1991 1995 639 
1141 446 1985 1568 
1142 1582 2014 552 
1143 1380 1996 616 
1144 829 830 828 
1145 1466 2007 2003 
1146 1353 1360 1359 
1147 59 1654 1653 
1148 664 666 665 
1149 828 905 826 
1150 1494 1495 1493 
1151 1400 1530 520 
1152 907 1335 816 
1153 445 1394 1392 
1154 1499 1528 1497 
1155 907 1341 1335 
1156 1519 1532 1531 
1157 1460 1898 1462 
1158 960 1082 958 
1159 1085 1334 966 
1160 1303 1304 213 
1161 1349 1350 1072 
1162 1765 1767 1651 
1163 870 2009 2001 
1164 827 828 826 
1165 824 1292 872 
1166 1084 1333 962 
1167 445 1946 1394 
1168 1360 1361 1359 
1169 810 1970 909 
1170 1569 2001 1376 
1171 1650 1767 225 
1172 557 1861 619 
1173 1394 1946 1397 
1174 301 1263 303 
1175 1057 1347 1257 
1176 1490 1492 1491 
1177 1249 1250 1232 
1178 871 2037 2035 
1179 835 837 836 
1180 1293 1299 1295 
1181 1115 1979 1543 
1182 824 872 822 
1183 1492 1493 1491 
1184 518 1530 643 
1185 1596 2003 558 
1186 1292 1293 872 
1187 619 1861 1534 
1188 825 826 824 
1189 2007 2010 641 
1190 983 1349 1072 
1191 549 1557 551 
1192 1397 1946 656 
1193 1275 1276 834 
1194 1399 1543 618 
1195 830 1362 828 
1196 1072 1345 977 
1197 1305 1306 1304 
1198 641 2010 1582 
1199 1317 1320 1319 
1200 833 835 834 
1201 59 1653 58 
1202 1651 1767 1650 
1203 973 1074 970 
1204 1494 1512 1496 
1205 977 1345 975 
1206 816 1335 814 
1207 1966 2023 644 
1208 968 1085 966 
1209 1370 2008 1377 
1210 1052 1348 1268 
1211 1232 1269 1231 
1212 823 824 822 
1213 964 1084 962 
1214 1404 1488 1487 
1215 909 1970 1366 
1216 1540 1935 1538 
1217 1644 1645 1643 
1218 257 1351 64 
1219 63 1351 204 
1220 1352 1360 1353 
1221 1384 1987 617 
1222 490 648 494 
1223 656 1935 1540 
1224 1490 1491 1488 
1225 1804 1805 270 
1226 212 1644 1642 
1227 1489 1490 1488 
1228 1522 1524 1515 
1229 1491 1531 1488 
1230 1539 1929 1556 
1231 1538 1935 449 
1232 821 822 820 
1233 448 1375 1374 
1234 1403 1404 1402 
1235 1810 1955 1812 
1236 1467 2014 1582 
1237 909 1352 808 
1238 1645 1646 1643 
1239 909 1360 1352 
1240 449 1539 1538 
1241 681 1991 564 
1242 1055 1347 1057 
1243 1519 1531 1491 
1244 1812 1955 1772 
1245 1642 1644 1643 
1246 1322 1325 1324 
1247 819 820 818 
1248 563 1917 621 
1249 1367 1378 1371 
1250 449 1929 1539 
1251 1404 1523 1489 
1252 818 907 816 
1253 1404 1487 1402 
1254 1257 1329 1134 
1255 1501 1526 1517 
1256 983 1072 977 
1257 1483 1898 1460 
1258 1462 1898 1478 
1259 1116 1967 1570 
1260 555 1861 557 
1261 975 1343 973 
1262 621 1917 1542 
1263 1534 1570 619 
1264 1401 1402 1400 
1265 1336 1340 1338 
1266 820 1997 818 
1267 1811 1965 244 
1268 212 1642 1635 
1269 1057 1257 1134 
1270 1467 2017 2014 
1271 814 1335 908 
1272 1335 1336 908 
1273 985 1349 983 
1274 1489 1513 1490 
1275 1230 1231 1229 
1276 1112 1364 1044 
1277 817 818 816 
1278 1596 1999 1466 
1279 635 1986 584 
1280 971 1200 986 
1281 1050 1348 1052 
1282 831 833 832 
1283 1404 1489 1488 
1284 244 1961 1793 
1285 214 1960 1959 
1286 808 1352 806 
1287 815 816 814 
1288 1403 1523 1404 
1289 1293 1295 1294 
1290 814 908 812 
1291 1554 1556 654 
1292 1268 1347 1055 
1293 1540 1541 1397 
1294 1556 1929 654 
1295 1959 1960 1740 
1296 1357 1358 1356 
1297 1543 1979 618 
1298 1048 1363 1111 
1299 1640 1641 1638 
1300 813 814 812 
1301 1554 1919 1552 
1302 622 1984 568 
1303 1740 1960 1793 
1304 1052 1268 1055 
1305 1295 1300 1296 
1306 654 1919 1554 
1307 1363 1365 1111 
1308 798 1378 1367 
1309 1325 1326 1324 
1310 1517 1528 1499 
1311 827 829 828 
1312 867 1275 836 
1313 524 1924 638 
1314 1553 1911 1565 
1315 1401 1403 1402 
1316 1497 1528 1518 
1317 1552 1919 447 
1318 811 812 810 
1319 1516 1526 1503 
1320 825 827 826 
1321 1381 1945 1373 
1322 810 909 808 
1323 1057 1134 1132 
1324 447 1553 1552 
1325 1514 1520 1509 
1326 1636 1638 1637 
1327 244 1965 1961 
1328 829 831 830 
1329 1052 1055 1053 
1330 561 1917 563 
1331 1396 1541 911 
1332 1542 1886 621 
1333 1055 1057 1056 
1334 1636 1640 1638 
1335 1113 1380 1038 
1336 447 1911 1553 
1337 225 1953 1650 
1338 1111 1348 1050 
1339 1390 1985 1395 
1340 638 1400 522 
1341 903 1362 830 
1342 1525 1526 1516 
1343 1048 1111 1050 
1344 214 1958 1809 
1345 1353 1359 1355 
1346 58 1653 212 
1347 809 810 808 
1348 522 1400 520 
1349 1479 1994 1481 
1350 243 1957 1956 
1351 1354 1386 910 
1352 1509 1515 1507 
1353 806 1352 910 
1354 823 825 824 
1355 225 1767 1760 
1356 1365 2034 1111 
1357 1352 1353 910 
1358 626 2033 704 
1359 1637 1953 274 
1360 910 1386 804 
1361 792 1945 1381 
1362 1387 1398 1391 
1363 1956 1957 1724 
1364 1724 1957 1809 
1365 1046 1363 1048 
1366 1495 1545 1493 
1367 1793 1961 1740 
1368 1794 1795 271 
1369 1042 1379 1112 
1370 802 1386 871 
1371 1406 1523 1403 
1372 638 1401 1400 
1373 1636 1637 274 
1374 69 1302 68 
1375 1050 1052 1051 
1376 806 910 804 
1377 1978 2016 645 
1378 1570 1967 619 
1379 1642 1643 1640 
1380 807 808 806 
1381 819 821 820 
1382 1367 1368 868 
1383 840 1969 838 
1384 1336 1338 1337 
1385 1639 1652 1651 
1386 1071 2020 496 
1387 1765 1766 1763 
1388 1563 1565 653 
1389 1117 1937 1886 
1390 642 2021 1544 
1391 1635 1636 274 
1392 1565 1911 653 
1393 214 1959 1958 
1394 1397 1541 1396 
1395 2017 2021 642 
1396 805 806 804 
1397 1379 1382 1112 
1398 796 1367 868 
1399 1402 1530 1400 
1400 911 1949 1396 
1401 123 1804 270 
1402 124 1804 123 
1403 1886 1937 621 
1404 528 1944 688 
1405 216 1955 1810 
1406 1114 1384 1032 
1407 1535 1541 1536 
1408 1563 1890 1561 
1409 1556 1566 1539 
1410 802 871 800 
1411 653 1890 1563 
1412 778 1949 911 
1413 1555 1566 1556 
1414 295 297 296 
1415 216 1936 1768 
1416 1367 1371 1368 
1417 1048 1050 1049 
1418 803 804 802 
1419 1046 1048 1047 
1420 1562 1885 1580 
1421 1042 1112 1044 
1422 1638 1639 1637 
1423 243 1954 1820 
1424 1548 1901 1117 
1425 1761 1763 1762 
1426 821 823 822 
1427 1527 1528 1517 
1428 2003 2007 641 
1429 1561 1890 444 
1430 1650 1953 1637 
1431 1501 1517 1499 
1432 1809 1958 1724 
1433 1717 1950 1820 
1434 444 1562 1561 
1435 215 1950 1948 
1436 1761 1765 1763 
1437 1901 1937 1117 
1438 1036 1383 1113 
1439 1371 1547 1546 
1440 786 1398 1387 
1441 209 1660 1659 
1442 1040 1379 1042 
1443 798 1367 796 
1444 1661 1662 238 
1445 1536 1541 1540 
1446 1044 1364 1046 
1447 444 1885 1562 
1448 1948 1950 1717 
1449 1548 1900 655 
1450 911 1541 1535 
1451 817 819 818 
1452 801 802 800 
1453 1577 1894 1588 
1454 1762 1936 276 
1455 1028 1543 1399 
1456 1044 1046 1045 
1457 1385 1923 1900 
1458 243 1956 1954 
1459 799 800 798 
1460 1371 1546 1368 
1461 813 815 814 
1462 1764 1770 1769 
1463 796 868 794 
1464 1382 2012 1112 
1465 790 1381 870 
1466 1529 1545 1518 
1467 1353 1355 1354 
1468 1761 1762 276 
1469 685 1964 572 
1470 1040 1042 1041 
1471 1635 1642 1636 
1472 797 798 796 
1473 811 813 812 
1474 409 1576 407 
1475 1036 1113 1038 
1476 1488 1531 1487 
1477 655 1901 1548 
1478 1383 1533 1113 
1479 1900 1923 655 
1480 273 1947 1939 
1481 815 817 816 
1482 1763 1764 1762 
1483 1820 1954 1717 
1484 804 1386 802 
1485 1042 1044 1043 
1486 1760 1761 276 
1487 1743 1947 215 
1488 1576 1894 1577 
1489 1565 1581 1553 
1490 1306 1308 1307 
1491 1578 1580 650 
1492 800 1378 798 
1493 1939 1947 1743 
1494 240 1774 1773 
1495 212 1653 1644 
1496 1034 1383 1036 
1497 1030 1399 1114 
1498 1580 1885 650 
1499 1385 1899 624 
1500 1564 1581 1565 
1501 792 1381 790 
1502 1038 1380 1040 
1503 809 811 810 
1504 1055 1056 1053 
1505 1022 1570 1534 
1506 1578 1875 1574 
1507 1768 1936 1762 
1508 1387 1388 873 
1509 795 796 794 
1510 938 1097 1096 
1511 650 1875 1578 
1512 1336 1337 908 
1513 526 1924 524 
1514 793 794 792 
1515 1038 1040 1039 
1516 1375 1376 1374 
1517 1659 1661 131 
1518 913 1566 1555 
1519 784 1387 873 
1520 1319 1322 1321 
1521 790 870 788 
1522 1574 1875 443 
1523 226 1931 1918 
1524 1744 1931 273 
1525 791 792 790 
1526 1644 1647 1645 
1527 1034 1036 1035 
1528 443 1575 1574 
1529 1046 1364 1363 
1530 208 1778 1777 
1531 1770 1771 1769 
1532 1052 1053 1051 
1533 1387 1391 1388 
1534 1368 1546 1370 
1535 1918 1931 1744 
1536 1505 1516 1503 
1537 1030 1114 1032 
1538 1036 1038 1037 
1539 215 1948 1743 
1540 1810 1812 1811 
1541 1026 1543 1028 
1542 1391 1569 1568 
1543 1024 1534 1115 
1544 786 1387 784 
1545 1739 1741 1738 
1546 807 809 808 
1547 1016 1886 1542 
1548 805 807 806 
1549 407 1576 443 
1550 1028 1399 1030 
1551 624 1923 1385 
1552 1550 1555 1554 
1553 1032 1384 1034 
1554 911 1535 776 
1555 464 465 415 
1556 1760 1767 1761 
1557 1057 1132 1056 
1558 1745 1910 226 
1559 789 790 788 
1560 803 805 804 
1561 262 1910 1902 
1562 1586 1928 1587 
1563 1725 1732 1722 
1564 1580 1595 1562 
1565 1555 1556 1554 
1566 1644 1653 1647 
1567 209 1659 132 
1568 132 1659 131 
1569 787 788 786 
1570 1032 1034 1033 
1571 1353 1354 910 
1572 770 1930 913 
1573 1737 1738 1736 
1574 1579 1595 1580 
1575 784 873 782 
1576 1391 1568 1388 
1577 1902 1910 1745 
1578 1293 1294 872 
1579 273 1939 1744 
1580 1368 1370 1369 
1581 409 1894 1576 
1582 785 786 784 
1583 1586 1588 440 
1584 1399 1557 1114 
1585 871 1378 800 
1586 1533 1996 1113 
1587 1028 1030 1029 
1588 1899 1906 624 
1589 801 803 802 
1590 1118 1906 1899 
1591 1024 1115 1026 
1592 1497 1518 1495 
1593 1468 2022 1544 
1594 915 1581 1564 
1595 1040 1380 1379 
1596 1588 1894 440 
1597 1746 1877 262 
1598 1030 1032 1031 
1599 797 799 798 
1600 1877 1889 210 
1601 1723 1725 1722 
1602 788 1398 786 
1603 1493 1519 1491 
1604 776 1535 774 
1605 1369 1945 868 
1606 1022 1534 1024 
1607 1018 1542 1116 
1608 226 1918 1745 
1609 530 1944 528 
1610 1726 1736 1725 
1611 1567 1891 1118 
1612 780 1949 778 
1613 1370 1377 1372 
1614 783 784 782 
1615 239 1665 1664 
1616 1405 1406 1403 
1617 1549 1555 1550 
1618 440 1928 1586 
1619 913 1930 1566 
1620 812 1970 810 
1621 1718 1727 1715 
1622 1020 1570 1022 
1623 1746 1889 1877 
1624 781 782 780 
1625 240 1773 135 
1626 135 1773 134 
1627 1721 1722 1720 
1628 1584 1951 1588 
1629 1026 1028 1027 
1630 1559 1564 1563 
1631 794 1945 792 
1632 799 801 800 
1633 1322 1324 1323 
1634 779 780 778 
1635 1006 1899 1385 
1636 913 1549 768 
1637 913 1555 1549 
1638 49 1810 48 
1639 216 1810 49 
1640 1022 1024 1023 
1641 524 638 522 
1642 1115 1543 1026 
1643 133 1775 209 
1644 262 1902 1746 
1645 1747 1846 210 
1646 791 793 792 
1647 778 911 776 
1648 1564 1565 1563 
1649 1018 1116 1020 
1650 1567 1882 625 
1651 1846 1880 266 
1652 1388 1568 1390 
1653 762 1908 915 
1654 417 1878 1591 
1655 1034 1384 1383 
1656 1891 1906 1118 
1657 1024 1026 1025 
1658 47 1811 244 
1659 136 1776 240 
1660 137 1776 136 
1661 795 797 796 
1662 131 1661 130 
1663 130 1661 238 
1664 1716 1718 1715 
1665 1773 1775 134 
1666 140 1664 1663 
1667 207 1667 1666 
1668 1536 1540 1538 
1669 1016 1542 1018 
1670 1592 1601 1599 
1671 1012 1548 1117 
1672 1719 1720 1718 
1673 1040 1041 1039 
1674 1048 1049 1047 
1675 1597 1892 1882 
1676 777 778 776 
1677 774 1535 912 
1678 1368 1369 868 
1679 1588 1951 1577 
1680 917 1595 1579 
1681 1535 1536 912 
1682 208 1777 138 
1683 822 1983 820 
1684 641 1582 554 
1685 1810 1811 48 
1686 1747 1880 1846 
1687 210 1889 1747 
1688 1714 1715 1713 
1689 1020 1022 1021 
1690 554 1582 552 
1691 768 1549 766 
1692 775 776 774 
1693 1534 1861 1115 
1694 870 1398 788 
1695 774 912 772 
1696 1046 1047 1045 
1697 793 795 794 
1698 137 1777 1776 
1699 1388 1390 1389 
1700 1558 1564 1559 
1701 915 1908 1581 
1702 1748 1757 266 
1703 1016 1018 1017 
1704 785 787 786 
1705 443 1576 1575 
1706 773 774 772 
1707 789 791 790 
1708 1710 1711 1709 
1709 1042 1043 1041 
1710 1591 1878 1592 
1711 1757 1874 224 
1712 1012 1117 1014 
1713 1572 1579 1578 
1714 1018 1020 1019 
1715 915 1558 760 
1716 139 1663 208 
1717 140 1663 139 
1718 1014 1886 1016 
1719 915 1564 1558 
1720 1712 1713 1711 
1721 771 772 770 
1722 241 1780 1779 
1723 244 1793 46 
1724 46 1793 45 
1725 1373 1945 1369 
1726 1389 1920 873 
1727 770 913 768 
1728 1010 1548 1012 
1729 1579 1580 1578 
1730 879 1952 1951 
1731 1034 1035 1033 
1732 266 1880 1748 
1733 1768 1955 216 
1734 754 1884 917 
1735 642 1544 548 
1736 1764 1769 1768 
1737 1390 1395 1392 
1738 1599 1604 1592 
1739 1590 1604 869 
1740 1882 1892 625 
1741 560 1596 558 
1742 639 1596 560 
1743 1550 1554 1552 
1744 1014 1016 1015 
1745 769 770 768 
1746 1748 1874 1757 
1747 787 789 788 
1748 1602 1603 995 
1749 782 1920 780 
1750 766 1549 914 
1751 1050 1051 1049 
1752 1708 1709 1707 
1753 779 781 780 
1754 1549 1550 914 
1755 1587 1928 1591 
1756 1010 1012 1011 
1757 783 785 784 
1758 206 1784 1783 
1759 1036 1037 1035 
1760 1002 1567 1118 
1761 760 1558 758 
1762 995 1839 1602 
1763 437 1834 429 
1764 1006 1385 1008 
1765 767 768 766 
1766 766 914 764 
1767 1592 1604 1590 
1768 1010 1900 1548 
1769 1602 1839 705 
1770 1749 1819 224 
1771 869 1594 1589 
1772 1012 1014 1013 
1773 917 1884 1595 
1774 1571 1579 1572 
1775 625 1891 1567 
1776 1536 1538 1537 
1777 43 1809 42 
1778 214 1809 43 
1779 1706 1707 1705 
1780 765 766 764 
1781 1592 1878 1601 
1782 1589 1590 869 
1783 1737 1739 1738 
1784 1028 1029 1027 
1785 917 1571 752 
1786 1008 1010 1009 
1787 917 1579 1571 
1788 781 783 782 
1789 207 1666 144 
1790 144 1666 143 
1791 763 764 762 
1792 224 1874 1749 
1793 1704 1705 1703 
1794 762 915 760 
1795 1388 1389 873 
1796 1002 1118 1004 
1797 239 1664 141 
1798 141 1664 140 
1799 1622 1912 1837 
1800 777 779 778 
1801 1116 1570 1020 
1802 1006 1008 1007 
1803 142 1668 239 
1804 1385 1900 1008 
1805 1702 1703 1701 
1806 1559 1563 1561 
1807 1000 1567 1002 
1808 761 762 760 
1809 1603 1834 995 
1810 758 1558 916 
1811 1030 1031 1029 
1812 1752 1792 265 
1813 1721 1723 1722 
1814 1558 1559 916 
1815 1753 1792 1752 
1816 1666 1668 143 
1817 773 775 774 
1818 1600 1602 705 
1819 574 1835 685 
1820 40 1820 39 
1821 243 1820 40 
1822 1878 1895 1603 
1823 1700 1701 1699 
1824 1004 1006 1005 
1825 429 1834 427 
1826 752 1571 750 
1827 1022 1023 1021 
1828 921 1593 1107 
1829 771 773 772 
1830 759 760 758 
1831 1607 1832 592 
1832 758 916 756 
1833 1610 1853 1832 
1834 578 1825 636 
1835 775 777 776 
1836 1819 1866 264 
1837 1550 1552 1551 
1838 705 1605 1600 
1839 1000 1002 1001 
1840 241 1779 147 
1841 147 1779 146 
1842 757 758 756 
1843 1698 1699 1697 
1844 879 1583 744 
1845 595 1593 921 
1846 1393 1920 1389 
1847 1749 1866 1819 
1848 532 646 530 
1849 1002 1004 1003 
1850 1004 1899 1006 
1851 1714 1716 1715 
1852 769 771 770 
1853 19 1822 265 
1854 145 1781 207 
1855 613 1851 1630 
1856 755 756 754 
1857 738 1850 1594 
1858 995 1834 437 
1859 1696 1697 1695 
1860 265 1822 1752 
1861 754 917 752 
1862 881 1624 1621 
1863 1682 1750 1675 
1864 1024 1025 1023 
1865 881 1625 1624 
1866 1000 1882 1567 
1867 220 1798 1797 
1868 148 1782 241 
1869 149 1782 148 
1870 1594 1850 1589 
1871 1779 1781 146 
1872 134 1775 133 
1873 1694 1695 1693 
1874 463 1625 469 
1875 1536 1537 912 
1876 925 926 718 
1877 753 754 752 
1878 1572 1578 1574 
1879 1708 1710 1709 
1880 1832 1853 592 
1881 998 1000 999 
1882 1016 1017 1015 
1883 206 1783 150 
1884 48 1811 47 
1885 417 1895 1878 
1886 750 1571 918 
1887 1573 1608 918 
1888 1571 1572 918 
1889 652 1597 691 
1890 918 1608 748 
1891 1623 1628 1627 
1892 1692 1693 1691 
1893 691 1597 721 
1894 767 769 768 
1895 765 767 766 
1896 469 1625 881 
1897 733 1594 869 
1898 746 1608 879 
1899 1630 1851 1119 
1900 138 1777 137 
1901 1625 1847 1626 
1902 744 1583 742 
1903 149 1783 1782 
1904 869 1604 713 
1905 751 752 750 
1906 750 918 748 
1907 763 765 764 
1908 721 1597 998 
1909 1559 1561 1560 
1910 154 1797 1796 
1911 1125 1863 1630 
1912 264 1680 1671 
1913 1044 1045 1043 
1914 1018 1019 1017 
1915 1690 1691 1689 
1916 749 750 748 
1917 921 1106 930 
1918 735 1594 733 
1919 428 1827 435 
1920 1576 1577 1575 
1921 1677 1756 1676 
1922 1837 1912 651 
1923 595 921 628 
1924 1598 1605 596 
1925 1621 1828 881 
1926 761 763 762 
1927 1681 1683 1682 
1928 746 879 744 
1929 1675 1750 1674 
1930 544 644 542 
1931 1542 1917 1116 
1932 1010 1011 1009 
1933 1688 1689 1687 
1934 1681 1682 1675 
1935 747 748 746 
1936 592 1855 1607 
1937 712 1604 1599 
1938 996 1827 428 
1939 738 1594 735 
1940 921 1107 1106 
1941 21 1857 20 
1942 493 1605 477 
1943 1625 1626 1624 
1944 721 998 945 
1945 742 1583 919 
1946 713 1604 712 
1947 1672 1674 1673 
1948 1583 1584 919 
1949 1600 1605 1598 
1950 20 1822 19 
1951 477 1605 705 
1952 1584 1588 1586 
1953 1550 1551 914 
1954 742 919 740 
1955 1750 1751 1677 
1956 1686 1687 1685 
1957 480 1593 595 
1958 153 1796 259 
1959 154 1796 153 
1960 50 1936 216 
1961 276 1936 51 
1962 596 1605 493 
1963 745 746 744 
1964 1847 1860 1626 
1965 1623 1627 1620 
1966 759 761 760 
1967 1597 1882 998 
1968 1038 1039 1037 
1969 757 759 758 
1970 1674 1677 1676 
1971 1620 1627 706 
1972 1674 1750 1677 
1973 1672 1675 1674 
1974 927 1844 1087 
1975 755 757 756 
1976 712 1599 1598 
1977 987 1606 988 
1978 1684 1685 1683 
1979 1572 1574 1573 
1980 705 1839 467 
1981 1679 1756 1754 
1982 1012 1013 1011 
1983 1584 1586 1585 
1984 743 744 742 
1985 772 1930 770 
1986 741 742 740 
1987 600 712 598 
1988 1599 1601 1600 
1989 733 869 713 
1990 1676 1756 1679 
1991 748 1608 746 
1992 473 1828 481 
1993 921 930 628 
1994 605 1593 480 
1995 1710 1712 1711 
1996 1601 1603 1602 
1997 753 755 754 
1998 1672 1673 217 
1999 580 1825 578 
2000 1619 1620 706 
2001 739 740 738 
2002 1679 1754 1753 
2003 576 1835 574 
2004 1674 1676 1673 
2005 1621 1622 1620 
2006 1790 1792 1791 
2007 598 1598 596 
2008 1619 1621 1620 
2009 712 1598 598 
2010 1621 1624 1622 
2011 1610 1832 987 
2012 556 641 554 
2013 1671 1672 217 
2014 881 1828 473 
2015 264 1866 1680 
2016 1680 1681 1675 
2017 1559 1560 916 
2018 672 718 635 
2019 1609 1629 934 
2020 1611 1612 882 
2021 143 1668 142 
2022 991 1067 1066 
2023 1627 1628 920 
2024 1614 1618 1616 
2025 1599 1600 1598 
2026 1606 1607 1067 
2027 630 1619 706 
2028 600 713 712 
2029 458 731 460 
2030 936 1609 934 
2031 875 1610 877 
2032 260 1758 158 
2033 158 1758 157 
2034 1000 1001 999 
2035 1606 1832 1607 
2036 155 1797 154 
2037 220 1797 155 
2038 1008 1009 1007 
2039 1587 1591 1590 
2040 898 1610 987 
2041 877 1610 898 
2042 751 753 752 
2043 749 751 750 
2044 730 1629 699 
2045 764 1908 762 
2046 1006 1007 1005 
2047 156 1759 220 
2048 471 605 480 
2049 737 738 735 
2050 435 1827 458 
2051 707 1627 920 
2052 747 749 748 
2053 1754 1755 1753 
2054 1002 1003 1001 
2055 1619 1828 1621 
2056 988 1606 991 
2057 26 1757 224 
2058 266 1757 27 
2059 1758 1759 157 
2060 1032 1033 1031 
2061 934 1629 730 
2062 1584 1585 919 
2063 898 987 980 
2064 1630 1863 613 
2065 1601 1602 1600 
2066 1572 1573 918 
2067 1125 1630 1120 
2068 634 635 584 
2069 1148 1841 947 
2070 950 1119 941 
2071 1123 1125 1120 
2072 146 1781 145 
2073 265 1792 1790 
2074 1671 1680 1672 
2075 597 598 596 
2076 991 1066 992 
2077 606 1619 630 
2078 272 1818 1817 
2079 1639 1651 1650 
2080 707 920 885 
2081 991 1606 1067 
2082 1790 1791 223 
2083 477 705 467 
2084 745 747 746 
2085 27 1757 26 
2086 988 991 990 
2087 1120 1630 1119 
2088 630 706 698 
2089 706 1627 707 
2090 1586 1587 1585 
2091 150 1783 149 
2092 1026 1027 1025 
2093 941 1609 936 
2094 590 596 493 
2095 480 595 587 
2096 756 1884 754 
2097 1557 1987 1114 
2098 578 636 576 
2099 950 1120 1119 
2100 1838 1851 613 
2101 1109 1110 929 
2102 740 1850 738 
2103 719 925 718 
2104 1622 1623 1620 
2105 924 1830 1153 
2106 1119 1609 941 
2107 741 743 742 
2108 570 622 568 
2109 695 1611 882 
2110 1821 1849 1613 
2111 739 741 740 
2112 595 628 627 
2113 1020 1021 1019 
2114 426 1845 996 
2115 1802 1803 1801 
2116 1629 1851 1838 
2117 268 1802 1801 
2118 929 1844 927 
2119 566 681 564 
2120 1147 1148 947 
2121 20 1857 1822 
2122 743 745 744 
2123 987 1832 1606 
2124 599 600 598 
2125 940 941 936 
2126 242 1803 1802 
2127 268 1801 1800 
2128 737 739 738 
2129 481 1828 606 
2130 949 950 941 
2131 1681 1684 1683 
2132 1704 1706 1705 
2133 1119 1851 1609 
2134 1706 1708 1707 
2135 987 988 980 
2136 1591 1928 417 
2137 706 707 698 
2138 732 733 713 
2139 991 992 990 
2140 1702 1704 1703 
2141 1700 1702 1701 
2142 1824 1826 602 
2143 927 1087 925 
2144 1814 1815 269 
2145 1656 1657 258 
2146 268 1800 1799 
2147 157 1759 156 
2148 1656 1658 1657 
2149 249 1633 1632 
2150 242 1802 183 
2151 182 1802 268 
2152 183 1802 182 
2153 582 682 580 
2154 1066 1823 992 
2155 1633 1634 1632 
2156 920 1631 885 
2157 875 1853 1610 
2158 1696 1698 1697 
2159 1676 1679 1678 
2160 1698 1700 1699 
2161 924 1153 1152 
2162 1692 1694 1693 
2163 1712 1714 1713 
2164 1694 1696 1695 
2165 1060 1833 1061 
2166 1004 1005 1003 
2167 604 1824 602 
2168 1690 1692 1691 
2169 1121 1123 1120 
2170 1679 1753 1752 
2171 1688 1690 1689 
2172 574 685 572 
2173 176 1656 258 
2174 187 1785 232 
2175 188 1785 187 
2176 212 1635 57 
2177 201 1814 200 
2178 281 1814 201 
2179 121 1808 218 
2180 63 204 62 
2181 22 1671 217 
2182 168 1817 167 
2183 223 1670 16 
2184 180 1799 282 
2185 25 1819 24 
2186 24 1819 264 
2187 53 1760 52 
2188 128 1794 271 
2189 174 247 173 
2190 249 1632 9 
2191 23 1671 22 
2192 61 267 60 
2193 65 257 64 
2194 151 1669 206 
2195 159 1655 260 
2196 174 1807 247 
2197 121 218 120 
2198 30 210 29 
2199 161 205 160 
2200 167 1817 211 
2201 169 1813 272 
2202 259 1669 152 
2203 24 264 23 
2204 189 261 188 
2205 13 1806 234 
2206 123 270 122 
2207 170 1813 169 
2208 159 260 158 
2209 205 1655 160 
2210 229 1813 170 
2211 28 266 27 
2212 57 1635 56 
2213 238 1794 129 
2214 136 240 135 
2215 142 239 141 
2216 148 241 147 
2217 164 237 163 
2218 13 234 12 
2219 22 217 21 
2220 26 224 25 
2221 32 262 31 
2222 34 226 33 
2223 160 1655 159 
2224 272 1817 168 
2225 14 1806 13 
2226 261 1785 188 
2227 9 1632 8 
2228 36 273 35 
2229 52 276 51 
2230 52 1760 276 
2231 54 225 53 
2232 56 1635 274 
2233 176 258 175 
2234 275 1806 14 
2235 19 265 18 
2236 153 259 152 
2237 181 1799 180 
2238 184 242 183 
2239 200 1814 269 
2240 38 215 37 
2241 44 214 43 
2242 50 216 49 
2243 56 274 55 
2244 58 212 57 
2245 68 213 67 
2246 130 238 129 
2247 177 1656 176 
2248 129 1794 128 
2249 182 268 181 
2250 202 281 201 
2251 128 271 127 
2252 194 1816 193 
2253 195 231 194 
2254 198 246 197 
2255 200 269 199 
2256 10 249 9 
2257 17 223 16 
2258 126 219 125 
2259 156 220 155 
2260 167 211 166 
2261 169 272 168 
2262 171 229 170 
2263 193 263 192 
2264 15 275 14 
2265 16 1670 15 
2266 265 1790 18 
2267 193 1816 263 
2268 191 221 190 
2269 231 1816 194 
2270 224 1819 25 
2271 152 1669 151 
2272 180 282 179 
2273 187 232 186 
2274 264 1671 23 
2275 133 209 132 
2276 139 208 138 
2277 145 207 144 
2278 151 206 150 
2279 268 1799 181 
2280 15 1670 275 
2281 41 243 40 
2282 47 244 46 
2283 225 1760 53 
2284 122 1808 121 
2285 270 1808 122 
2286 175 1807 174 
2287 258 1807 175 
2288 17 1790 223 
2289 18 1790 17 
2290 1613 1849 882 
2291 1014 1015 1013 
2292 463 1847 1625 
2293 940 949 941 
2294 210 1846 29 
2295 28 1846 266 
2296 590 597 596 
2297 1686 1688 1687 
2298 1147 1149 1148 
2299 426 996 428 
2300 217 1857 21 
2301 1591 1592 1590 
2302 715 1829 716 
2303 1061 1833 1065 
2304 1684 1686 1685 
2305 1585 1850 919 
2306 1065 1158 1157 
2307 458 1827 731 
2308 933 934 730 
2309 481 606 593 
2310 1153 1182 1152 
2311 922 1829 715 
2312 877 898 897 
2313 469 881 473 
2314 632 1824 604 
2315 898 980 979 
2316 950 1121 1120 
2317 724 1068 696 
2318 1672 1680 1675 
2319 435 458 441 
2320 439 995 437 
2321 1154 1155 922 
2322 924 1152 978 
2323 1150 1151 1149 
2324 717 924 923 
2325 998 999 945 
2326 606 630 629 
2327 885 1631 1069 
2328 606 1828 1619 
2329 935 936 934 
2330 707 885 884 
2331 939 940 936 
2332 406 1862 408 
2333 636 1835 576 
2334 988 990 989 
2335 992 1823 994 
2336 715 716 693 
2337 1154 1166 1155 
2338 597 599 598 
2339 992 994 993 
2340 631 632 604 
2341 924 978 923 
2342 939 942 940 
2343 734 735 733 
2344 633 701 694 
2345 630 698 697 
2346 1121 1124 1123 
2347 923 1154 922 
2348 935 1142 939 
2349 933 935 934 
2350 466 467 457 
2351 695 882 723 
2352 600 732 713 
2353 458 460 459 
2354 1158 1159 1157 
2355 717 923 922 
2356 1150 1163 1151 
2357 1146 1147 947 
2358 935 939 936 
2359 634 672 635 
2360 1147 1150 1149 
2361 1676 1678 1673 
2362 1061 1062 1059 
2363 946 947 878 
2364 896 1140 1139 
2365 682 1825 580 
2366 717 922 715 
2367 1155 1829 922 
2368 885 1069 951 
2369 896 933 730 
2370 1589 1850 1585 
2371 1140 1177 1139 
2372 1109 1130 1110 
2373 876 1122 874 
2374 1574 1575 1573 
2375 1612 1614 1613 
2376 603 640 620 
2377 1150 1176 1163 
2378 595 627 587 
2379 1065 1833 1158 
2380 606 629 593 
2381 992 993 990 
2382 898 979 897 
2383 591 611 478 
2384 717 1830 924 
2385 1587 1590 1589 
2386 707 884 698 
2387 1164 1165 1124 
2388 701 1830 694 
2389 1121 1164 1124 
2390 1629 1838 699 
2391 694 717 715 
2392 732 734 733 
2393 562 639 560 
2394 694 715 693 
2395 729 730 699 
2396 896 1139 933 
2397 1679 1752 1678 
2398 1063 1064 1062 
2399 988 989 980 
2400 1622 1837 1623 
2401 994 1143 993 
2402 630 697 629 
2403 736 737 735 
2404 408 649 410 
2405 476 477 467 
2406 729 896 730 
2407 633 694 693 
2408 439 1839 995 
2409 933 1831 935 
2410 460 471 470 
2411 601 602 599 
2412 1065 1157 1156 
2413 716 1836 693 
2414 603 604 602 
2415 694 1830 717 
2416 946 1146 947 
2417 1110 1844 929 
2418 620 631 604 
2419 935 1831 1142 
2420 633 693 631 
2421 631 1836 632 
2422 697 699 629 
2423 589 875 874 
2424 1143 1178 993 
2425 599 1826 600 
2426 946 1190 1146 
2427 589 590 493 
2428 412 426 414 
2429 1137 1849 1821 
2430 1716 1719 1718 
2431 885 951 884 
2432 481 593 591 
2433 466 476 467 
2434 603 620 604 
2435 620 633 631 
2436 492 493 477 
2437 1561 1562 1560 
2438 593 613 591 
2439 601 603 602 
2440 697 729 699 
2441 602 1826 599 
2442 698 1843 697 
2443 951 997 884 
2444 458 459 441 
2445 425 1862 406 
2446 471 480 479 
2447 1139 1831 933 
2448 467 1839 457 
2449 875 877 876 
2450 442 463 461 
2451 1061 1065 1063 
2452 877 897 878 
2453 473 481 478 
2454 897 946 878 
2455 1061 1063 1062 
2456 590 1848 597 
2457 1681 1866 1684 
2458 875 876 874 
2459 877 878 876 
2460 550 642 548 
2461 476 592 492 
2462 597 601 599 
2463 589 874 590 
2464 951 1138 997 
2465 481 591 478 
2466 438 1847 442 
2467 891 1137 1136 
2468 919 1850 740 
2469 1065 1156 1063 
2470 633 1842 701 
2471 472 880 468 
2472 597 1848 601 
2473 693 1836 631 
2474 884 1843 698 
2475 734 736 735 
2476 1609 1851 1629 
2477 1752 1822 1678 
2478 473 478 472 
2479 492 589 493 
2480 469 473 472 
2481 463 469 468 
2482 442 457 439 
2483 947 1841 878 
2484 1122 1848 874 
2485 461 466 457 
2486 436 437 429 
2487 438 439 437 
2488 737 844 739 
2489 1060 1061 1059 
2490 691 721 720 
2491 1612 1613 882 
2492 442 461 457 
2493 876 1841 1122 
2494 1137 1168 1136 
2495 476 492 477 
2496 640 1842 620 
2497 1587 1589 1585 
2498 600 1826 732 
2499 741 842 743 
2500 1136 1162 932 
2501 930 1611 628 
2502 438 442 439 
2503 629 1838 593 
2504 460 470 459 
2505 697 1843 729 
2506 891 932 724 
2507 930 1865 1611 
2508 593 1838 613 
2509 672 719 718 
2510 469 472 468 
2511 471 479 470 
2512 410 412 411 
2513 997 1843 884 
2514 882 1849 723 
2515 1058 1060 1059 
2516 734 1058 736 
2517 1719 1721 1720 
2518 463 468 461 
2519 480 587 479 
2520 652 1892 1597 
2521 587 588 479 
2522 412 414 413 
2523 29 1846 28 
2524 620 1842 633 
2525 628 695 627 
2526 408 410 409 
2527 457 1839 439 
2528 436 438 437 
2529 699 1838 629 
2530 1058 1059 736 
2531 891 1136 932 
2532 979 1840 897 
2533 878 1841 876 
2534 719 927 925 
2535 1673 1857 217 
2536 426 428 427 
2537 1611 1865 1612 
2538 442 1847 463 
2539 611 1852 478 
2540 946 1840 1190 
2541 874 1848 590 
2542 428 435 429 
2543 896 1864 1140 
2544 1614 1616 1615 
2545 897 1840 946 
2546 435 441 436 
2547 470 651 459 
2548 723 724 696 
2549 1062 1858 1059 
2550 30 1877 210 
2551 262 1877 31 
2552 414 417 413 
2553 1552 1553 1551 
2554 723 891 724 
2555 1455 1471 1453 
2556 435 436 429 
2557 628 1611 695 
2558 426 427 414 
2559 428 429 427 
2560 692 1076 676 
2561 413 440 411 
2562 1068 1868 696 
2563 603 1867 640 
2564 412 413 411 
2565 736 1858 737 
2566 410 411 409 
2567 1723 1726 1725 
2568 613 1863 591 
2569 891 1849 1137 
2570 589 1853 875 
2571 695 723 696 
2572 649 1845 410 
2573 1614 1615 1613 
2574 410 1845 412 
2575 478 1852 472 
2576 737 1858 844 
2577 592 1853 492 
2578 472 1852 880 
2579 1607 1915 1067 
2580 1843 1864 729 
2581 466 1855 476 
2582 695 696 627 
2583 412 1845 426 
2584 747 847 749 
2585 492 1853 589 
2586 476 1855 592 
2587 1108 1109 929 
2588 591 1863 611 
2589 997 1864 1843 
2590 408 1862 649 
2591 461 1854 466 
2592 1680 1866 1681 
2593 739 1856 741 
2594 1616 1617 1615 
2595 1678 1857 1673 
2596 408 409 407 
2597 1148 1872 1841 
2598 1615 1821 1613 
2599 1684 1866 1749 
2600 880 1854 468 
2601 1824 1859 1826 
2602 438 1860 1847 
2603 1059 1858 736 
2604 732 1859 734 
2605 468 1854 461 
2606 1867 1872 640 
2607 729 1864 896 
2608 1848 1867 601 
2609 928 1207 1108 
2610 1822 1857 1678 
2611 844 1856 739 
2612 932 1943 1940 
2613 723 1849 891 
2614 741 1856 842 
2615 1826 1859 732 
2616 601 1867 603 
2617 1122 1867 1848 
2618 436 1860 438 
2619 404 425 406 
2620 406 408 407 
2621 721 945 944 
2622 928 929 927 
2623 734 1859 1058 
2624 441 1860 436 
2625 400 680 402 
2626 1854 1855 466 
2627 407 443 405 
2628 1726 1737 1736 
2629 1149 1887 1148 
2630 1317 1319 1318 
2631 751 849 753 
2632 1684 1749 1686 
2633 627 1868 587 
2634 1122 1872 1867 
2635 587 1868 588 
2636 1151 1897 1149 
2637 403 650 401 
2638 634 711 672 
2639 1864 1870 1140 
2640 1108 1208 1109 
2641 585 634 584 
2642 696 1868 627 
2643 1151 1904 1897 
2644 1067 1921 1066 
2645 1560 1884 916 
2646 928 1108 929 
2647 719 928 927 
2648 538 645 536 
2649 997 1870 1864 
2650 1138 1870 997 
2651 1538 1539 1537 
2652 1487 1530 1402 
2653 1739 1742 1741 
2654 721 944 720 
2655 1915 1921 1067 
2656 1160 1161 944 
2657 1066 1925 1823 
2658 755 850 757 
2659 1688 1748 1690 
2660 406 407 405 
2661 1624 1912 1622 
2662 1841 1872 1122 
2663 720 722 692 
2664 396 424 398 
2665 404 406 405 
2666 583 652 585 
2667 588 1926 1922 
2668 274 1953 55 
2669 54 1953 225 
2670 1859 1883 1058 
2671 32 1910 262 
2672 226 1910 33 
2673 1076 1871 676 
2674 998 1882 1000 
2675 749 1869 751 
2676 632 1883 1824 
2677 1117 1886 1014 
2678 1824 1883 1859 
2679 404 405 403 
2680 1925 1927 1823 
2681 1601 1878 1603 
2682 651 1912 1896 
2683 691 720 692 
2684 583 584 582 
2685 1830 1904 1153 
2686 945 1160 944 
2687 402 404 403 
2688 583 585 584 
2689 411 1894 409 
2690 847 1869 749 
2691 1595 1884 1560 
2692 652 676 585 
2693 392 684 394 
2694 585 1871 634 
2695 634 1871 711 
2696 691 692 676 
2697 581 582 580 
2698 652 691 676 
2699 1562 1595 1560 
2700 399 444 397 
2701 1001 1092 999 
2702 928 1876 1207 
2703 759 851 761 
2704 31 1877 30 
2705 1932 1942 1124 
2706 1692 1747 1694 
2707 1462 1478 1464 
2708 916 1884 756 
2709 672 1876 719 
2710 1479 1480 1465 
2711 1686 1874 1688 
2712 402 403 401 
2713 1904 1916 1153 
2714 751 1869 849 
2715 1149 1897 1887 
2716 427 1895 414 
2717 1834 1895 427 
2718 395 653 393 
2719 1603 1895 1834 
2720 400 402 401 
2721 404 1873 425 
2722 680 1873 402 
2723 1148 1887 1872 
2724 1623 1926 1628 
2725 1445 1472 1443 
2726 711 1876 672 
2727 1439 1473 1437 
2728 1836 1893 632 
2729 651 1896 459 
2730 1058 1883 1060 
2731 1872 1887 640 
2732 403 1875 650 
2733 632 1893 1883 
2734 443 1875 405 
2735 1749 1874 1686 
2736 579 580 578 
2737 528 688 526 
2738 441 1896 1860 
2739 581 583 582 
2740 1836 1903 1893 
2741 400 401 399 
2742 1551 1908 914 
2743 676 1871 585 
2744 719 1876 928 
2745 548 1544 546 
2746 398 400 399 
2747 1860 1896 1626 
2748 1393 1949 1920 
2749 1458 1483 1460 
2750 400 1881 680 
2751 640 1887 1842 
2752 1464 1465 1463 
2753 402 1873 404 
2754 1153 1916 1182 
2755 579 625 581 
2756 1688 1874 1748 
2757 1464 1479 1465 
2758 405 1875 403 
2759 579 581 580 
2760 1068 1938 1933 
2761 577 1891 579 
2762 763 852 765 
2763 1696 1746 1698 
2764 577 578 576 
2765 1008 1900 1010 
2766 1636 1642 1640 
2767 999 1879 945 
2768 1761 1767 1765 
2769 1690 1880 1692 
2770 398 399 397 
2771 1883 1893 1060 
2772 650 1885 401 
2773 575 576 574 
2774 1060 1893 1833 
2775 945 1879 1160 
2776 396 398 397 
2777 1921 1925 1066 
2778 424 1881 398 
2779 1896 1912 1626 
2780 1125 1927 1863 
2781 1462 1463 1461 
2782 1118 1899 1004 
2783 1909 1913 1829 
2784 1748 1880 1690 
2785 577 579 578 
2786 651 1922 1837 
2787 588 1922 479 
2788 873 1920 782 
2789 1893 1903 1833 
2790 414 1895 417 
2791 1007 1091 1005 
2792 716 1903 1836 
2793 396 397 395 
2794 470 1922 651 
2795 459 1896 441 
2796 34 1931 226 
2797 273 1931 35 
2798 1897 1904 701 
2799 388 423 390 
2800 1842 1897 701 
2801 440 1894 411 
2802 1462 1464 1463 
2803 1460 1461 1459 
2804 394 396 395 
2805 716 1913 1903 
2806 1887 1897 1842 
2807 1581 1908 1551 
2808 1011 1101 1009 
2809 398 1881 400 
2810 575 577 576 
2811 1854 1915 1855 
2812 1692 1880 1747 
2813 399 1885 444 
2814 1092 1879 999 
2815 1151 1916 1904 
2816 396 1888 424 
2817 1553 1581 1551 
2818 401 1885 399 
2819 1829 1913 716 
2820 391 447 389 
2821 1159 1913 1909 
2822 701 1904 1830 
2823 767 853 769 
2824 1454 1484 1456 
2825 573 574 572 
2826 1700 1745 1702 
2827 914 1908 764 
2828 1460 1462 1461 
2829 1833 1903 1158 
2830 1855 1915 1607 
2831 394 395 393 
2832 684 1888 394 
2833 1694 1889 1696 
2834 1903 1913 1158 
2835 1390 1392 1389 
2836 1922 1926 1837 
2837 573 624 575 
2838 573 575 574 
2839 392 394 393 
2840 382 679 384 
2841 387 654 385 
2842 1626 1912 1624 
2843 1458 1459 1457 
2844 579 1891 625 
2845 583 1892 652 
2846 1155 1909 1829 
2847 1158 1913 1159 
2848 395 1890 653 
2849 1458 1460 1459 
2850 1747 1889 1694 
2851 444 1890 397 
2852 571 572 570 
2853 581 1892 583 
2854 1163 1916 1151 
2855 33 1910 32 
2856 417 1928 413 
2857 392 393 391 
2858 372 433 374 
2859 920 1938 1631 
2860 880 1915 1854 
2861 394 1888 396 
2862 625 1892 581 
2863 390 392 391 
2864 1537 1930 912 
2865 880 1921 1915 
2866 569 570 568 
2867 1696 1889 1746 
2868 1456 1457 1455 
2869 397 1890 395 
2870 571 573 572 
2871 1308 1312 1311 
2872 1125 1941 1927 
2873 392 1907 684 
2874 1456 1458 1457 
2875 1704 1744 1706 
2876 1450 1485 1452 
2877 771 855 773 
2878 1951 1952 1577 
2879 390 391 389 
2880 1698 1902 1700 
2881 569 655 571 
2882 1820 1950 39 
2883 1933 1938 1628 
2884 653 1911 393 
2885 388 390 389 
2886 479 1922 470 
2887 1852 1921 880 
2888 215 1947 37 
2889 36 1947 273 
2890 932 1940 724 
2891 567 1901 569 
2892 569 571 570 
2893 1068 1933 1868 
2894 1396 1949 1393 
2895 1458 1914 1483 
2896 1143 1942 1932 
2897 1746 1902 1698 
2898 1427 1475 1425 
2899 1940 1943 1631 
2900 1433 1474 1431 
2901 1454 1455 1453 
2902 388 389 387 
2903 1009 1905 1007 
2904 577 1906 1891 
2905 567 568 566 
2906 423 1907 390 
2907 386 388 387 
2908 1454 1456 1455 
2909 575 1906 577 
2910 1484 1914 1456 
2911 1452 1453 1451 
2912 567 569 568 
2913 1700 1902 1745 
2914 1007 1905 1091 
2915 611 1925 1852 
2916 1566 1930 1537 
2917 390 1907 392 
2918 1123 1941 1125 
2919 1852 1925 1921 
2920 391 1911 447 
2921 611 1927 1925 
2922 565 566 564 
2923 379 656 377 
2924 1708 1743 1710 
2925 383 449 381 
2926 393 1911 391 
2927 1446 1486 1448 
2928 1017 1090 1015 
2929 1837 1926 1623 
2930 1861 1979 1115 
2931 1539 1566 1537 
2932 624 1906 575 
2933 1101 1905 1009 
2934 1702 1918 1704 
2935 386 387 385 
2936 1926 1933 1628 
2937 775 856 777 
2938 378 422 380 
2939 1452 1454 1453 
2940 1123 1942 1941 
2941 912 1930 772 
2942 384 386 385 
2943 1583 1951 1584 
2944 1124 1942 1123 
2945 1456 1914 1458 
2946 779 843 781 
2947 1863 1927 611 
2948 1450 1451 1449 
2949 1927 1941 1823 
2950 868 1945 794 
2951 413 1928 440 
2952 569 1901 655 
2953 38 1950 215 
2954 1745 1918 1702 
2955 565 567 566 
2956 563 564 562 
2957 387 1919 654 
2958 447 1919 389 
2959 1712 1717 1714 
2960 1165 1932 1124 
2961 35 1931 34 
2962 1608 1952 879 
2963 1450 1452 1451 
2964 384 385 383 
2965 1868 1933 588 
2966 1518 1545 1495 
2967 382 384 383 
2968 1370 1372 1369 
2969 1704 1918 1744 
2970 563 565 564 
2971 1448 1449 1447 
2972 563 621 565 
2973 573 1923 624 
2974 389 1919 387 
2975 561 562 560 
2976 571 1923 573 
2977 1448 1450 1449 
2978 1628 1938 920 
2979 382 383 381 
2980 1394 1397 1396 
2981 654 1929 385 
2982 655 1923 571 
2983 1392 1394 1393 
2984 380 382 381 
2985 1938 1940 1631 
2986 724 1940 1068 
2987 1706 1939 1708 
2988 559 560 558 
2989 588 1933 1926 
2990 1415 1477 1413 
2991 382 1934 679 
2992 1823 1941 994 
2993 375 445 373 
2994 561 563 562 
2995 1023 1089 1021 
2996 1941 1942 994 
2997 1917 1967 1116 
2998 1744 1939 1706 
2999 646 1944 530 
3000 380 381 379 
3001 994 1942 1143 
3002 1631 1943 1069 
3003 1162 1943 932 
3004 1446 1448 1447 
3005 1577 1952 1575 
3006 1446 1447 1445 
3007 378 380 379 
3008 1575 1952 1573 
3009 360 432 362 
3010 1312 1317 1316 
3011 785 845 787 
3012 559 561 560 
3013 1809 1957 42 
3014 1440 1466 1442 
3015 383 1929 449 
3016 518 643 516 
3017 385 1929 383 
3018 1653 1654 1647 
3019 378 379 377 
3020 1719 1724 1721 
3021 376 378 377 
3022 37 1947 36 
3023 1708 1939 1743 
3024 567 1937 1901 
3025 422 1934 380 
3026 1355 1356 1354 
3027 557 558 556 
3028 1920 1949 780 
3029 557 619 559 
3030 1444 1445 1443 
3031 379 1935 656 
3032 380 1934 382 
3033 1394 1396 1393 
3034 376 377 375 
3035 557 559 558 
3036 51 1936 50 
3037 1421 1476 1419 
3038 449 1935 381 
3039 565 1937 567 
3040 555 556 554 
3041 1764 1768 1762 
3042 1444 1446 1445 
3043 1392 1393 1389 
3044 1068 1940 1938 
3045 374 376 375 
3046 688 1924 526 
3047 1442 1443 1441 
3048 553 554 552 
3049 1743 1948 1710 
3050 1440 1441 1439 
3051 621 1937 565 
3052 1710 1948 1712 
3053 656 1946 377 
3054 41 1957 243 
3055 1442 1444 1443 
3056 381 1935 379 
3057 369 446 367 
3058 1029 1088 1027 
3059 366 421 368 
3060 555 557 556 
3061 1434 1467 1436 
3062 1712 1948 1717 
3063 374 375 373 
3064 879 1951 1583 
3065 1438 1439 1437 
3066 372 374 373 
3067 1440 1442 1441 
3068 553 555 554 
3069 791 846 793 
3070 551 552 550 
3071 375 1946 445 
3072 1438 1440 1439 
3073 39 1950 38 
3074 1717 1954 1714 
3075 1573 1952 1608 
3076 372 373 371 
3077 1726 1740 1737 
3078 1279 1280 1278 
3079 1436 1437 1435 
3080 370 372 371 
3081 551 553 552 
3082 377 1946 375 
3083 551 618 553 
3084 1771 1772 1769 
3085 549 550 548 
3086 1436 1438 1437 
3087 1714 1954 1716 
3088 1372 1374 1373 
3089 370 371 369 
3090 368 370 369 
3091 1793 1960 45 
3092 1338 1339 1337 
3093 547 548 546 
3094 549 551 550 
3095 1434 1435 1433 
3096 363 448 361 
3097 1035 1086 1033 
3098 1434 1436 1435 
3099 368 369 367 
3100 366 368 367 
3101 348 431 350 
3102 547 549 548 
3103 1428 1468 1430 
3104 797 848 799 
3105 366 367 365 
3106 1719 1956 1724 
3107 44 1960 214 
3108 55 1953 54 
3109 364 366 365 
3110 1716 1956 1719 
3111 545 546 544 
3112 1432 1434 1433 
3113 1954 1956 1716 
3114 1432 1433 1431 
3115 545 617 547 
3116 1372 1373 1369 
3117 1639 1650 1637 
3118 545 547 546 
3119 514 686 512 
3120 543 544 542 
3121 1724 1958 1721 
3122 364 365 363 
3123 1430 1431 1429 
3124 541 542 540 
3125 1428 1429 1427 
3126 362 364 363 
3127 510 623 508 
3128 1769 1955 1768 
3129 42 1957 41 
3130 1430 1432 1431 
3131 1422 1470 1424 
3132 357 450 355 
3133 1041 1083 1039 
3134 354 420 356 
3135 543 545 544 
3136 362 363 361 
3137 1426 1427 1425 
3138 360 362 361 
3139 1428 1430 1429 
3140 1721 1958 1723 
3141 498 1071 496 
3142 541 543 542 
3143 984 985 983 
3144 539 540 538 
3145 360 361 359 
3146 1426 1428 1427 
3147 297 299 298 
3148 1295 1296 1294 
3149 358 360 359 
3150 367 1962 365 
3151 572 1964 570 
3152 1772 1955 1769 
3153 1424 1425 1423 
3154 539 616 541 
3155 539 541 540 
3156 1726 1959 1740 
3157 1424 1426 1425 
3158 537 538 536 
3159 1493 1545 1519 
3160 803 858 805 
3161 1468 2026 2022 
3162 358 359 357 
3163 356 358 357 
3164 506 678 504 
3165 1723 1959 1726 
3166 1958 1959 1723 
3167 1422 1423 1421 
3168 1740 1961 1737 
3169 537 539 538 
3170 535 536 534 
3171 1422 1424 1423 
3172 356 357 355 
3173 1047 1070 1045 
3174 354 356 355 
3175 982 983 977 
3176 976 977 975 
3177 1416 1469 1418 
3178 1401 1405 1403 
3179 45 1960 44 
3180 535 537 536 
3181 354 355 353 
3182 351 452 349 
3183 807 861 809 
3184 352 354 353 
3185 559 1967 561 
3186 561 1967 1917 
3187 347 657 345 
3188 533 534 532 
3189 1420 1422 1421 
3190 1420 1421 1419 
3191 533 615 535 
3192 1737 1961 1739 
3193 1509 1520 1515 
3194 533 535 534 
3195 531 532 530 
3196 1418 1419 1417 
3197 1416 1417 1415 
3198 352 353 351 
3199 1337 1970 908 
3200 1924 1975 638 
3201 1326 1327 1324 
3202 893 948 886 
3203 529 530 528 
3204 350 352 351 
3205 570 1964 622 
3206 1418 1420 1419 
3207 1414 1415 1413 
3208 446 1962 367 
3209 1405 1407 1406 
3210 342 419 344 
3211 531 533 532 
3212 1053 1054 1051 
3213 1454 1976 1484 
3214 350 351 349 
3215 811 862 813 
3216 1485 1976 1452 
3217 348 350 349 
3218 1416 1418 1417 
3219 1739 1965 1742 
3220 338 687 340 
3221 1961 1965 1739 
3222 1395 1985 371 
3223 1424 1966 1426 
3224 1414 1416 1415 
3225 529 531 530 
3226 1412 1413 1411 
3227 527 528 526 
3228 348 349 347 
3229 1322 1323 1321 
3230 502 637 500 
3231 1470 1966 1424 
3232 1132 1133 1056 
3233 974 975 973 
3234 346 348 347 
3235 1412 1414 1413 
3236 527 612 529 
3237 527 529 528 
3238 1366 1970 1337 
3239 889 956 953 
3240 555 1979 1861 
3241 553 1979 555 
3242 339 659 337 
3243 525 526 524 
3244 343 454 341 
3245 1339 1366 1337 
3246 523 658 525 
3247 619 1967 559 
3248 984 1077 985 
3249 346 347 345 
3250 908 1970 812 
3251 815 863 817 
3252 334 430 336 
3253 1410 1411 1409 
3254 2001 2009 1376 
3255 344 346 345 
3256 355 1982 353 
3257 1410 1412 1411 
3258 568 1984 566 
3259 525 527 526 
3260 213 1993 67 
3261 819 854 821 
3262 523 524 522 
3263 347 1963 657 
3264 474 475 465 
3265 671 703 702 
3266 452 1963 349 
3267 1319 1321 1318 
3268 344 345 343 
3269 342 344 343 
3270 1094 1131 948 
3271 982 984 983 
3272 1408 1409 1407 
3273 523 525 524 
3274 349 1963 347 
3275 1296 1298 1297 
3276 584 1986 582 
3277 342 343 341 
3278 1294 1983 872 
3279 1408 1410 1409 
3280 340 342 341 
3281 1405 1408 1407 
3282 1401 1975 1405 
3283 371 1985 369 
3284 521 522 520 
3285 972 973 970 
3286 542 2023 540 
3287 976 982 977 
3288 1317 1318 1316 
3289 657 1971 345 
3290 1452 1976 1454 
3291 1450 1988 1485 
3292 1486 1988 1448 
3293 638 1975 1401 
3294 519 614 521 
3295 549 1987 1557 
3296 521 523 522 
3297 1418 1978 1420 
3298 335 451 333 
3299 291 293 292 
3300 547 1987 549 
3301 342 1968 419 
3302 482 483 475 
3303 1582 2010 1467 
3304 687 1968 340 
3305 340 341 339 
3306 519 520 518 
3307 338 340 339 
3308 974 976 975 
3309 1944 1998 688 
3310 618 1979 553 
3311 1312 1316 1311 
3312 1398 2001 1391 
3313 984 1188 1077 
3314 1469 1978 1418 
3315 1288 2092 1075 
3316 343 1971 454 
3317 688 1992 1924 
3318 1470 2025 2024 
3319 1377 2008 359 
3320 564 1991 562 
3321 345 1971 343 
3322 1405 1975 1408 
3323 519 521 520 
3324 338 339 337 
3325 336 338 337 
3326 1297 1983 1294 
3327 1308 1311 1307 
3328 338 1974 687 
3329 872 1983 822 
3330 293 295 294 
3331 340 1968 342 
3332 527 1972 612 
3333 658 1972 525 
3334 976 1102 982 
3335 517 518 516 
3336 1464 1994 1479 
3337 1298 1346 1297 
3338 1381 2009 870 
3339 969 970 968 
3340 1296 1297 1294 
3341 339 1973 659 
3342 430 1974 336 
3343 328 418 330 
3344 525 1972 527 
3345 648 663 494 
3346 336 337 335 
3347 454 1973 341 
3348 450 1982 355 
3349 523 1977 658 
3350 566 1984 681 
3351 517 519 518 
3352 334 336 335 
3353 1446 1995 1486 
3354 825 864 827 
3355 536 2016 534 
3356 2014 2017 642 
3357 659 1980 337 
3358 515 516 514 
3359 646 2006 1944 
3360 341 1973 339 
3361 1306 1307 1304 
3362 543 1996 1533 
3363 322 683 324 
3364 336 1974 338 
3365 972 974 973 
3366 334 335 333 
3367 541 1996 543 
3368 1466 1999 1442 
3369 515 517 516 
3370 2011 2013 1469 
3371 332 334 333 
3372 521 1977 523 
3373 369 1985 446 
3374 582 1986 682 
3375 614 1977 521 
3376 325 660 323 
3377 513 514 512 
3378 558 2003 556 
3379 688 1998 1992 
3380 833 857 835 
3381 617 1987 547 
3382 329 455 327 
3383 335 1980 451 
3384 513 609 515 
3385 332 333 331 
3386 704 2033 904 
3387 1448 1988 1450 
3388 330 332 331 
3389 967 968 966 
3390 646 2011 2006 
3391 312 434 314 
3392 1944 2006 1998 
3393 299 301 300 
3394 513 515 514 
3395 829 865 831 
3396 971 986 901 
3397 337 1980 335 
3398 1311 1331 1307 
3399 1440 2007 1466 
3400 1924 1992 1975 
3401 511 512 510 
3402 330 331 329 
3403 969 972 970 
3404 1280 1283 1282 
3405 965 966 964 
3406 328 330 329 
3407 1467 2010 1436 
3408 511 513 512 
3409 359 2008 357 
3410 562 1991 639 
3411 312 1981 434 
3412 552 2014 550 
3413 1376 2009 1374 
3414 1374 2009 1373 
3415 1975 1992 1408 
3416 509 510 508 
3417 489 2071 1241 
3418 301 303 302 
3419 537 2012 1382 
3420 1227 1255 254 
3421 1434 2017 1467 
3422 1478 1994 1464 
3423 328 329 327 
3424 1416 2011 1469 
3425 963 964 962 
3426 1280 1282 1278 
3427 507 661 509 
3428 534 2013 532 
3429 1544 2021 1468 
3430 2035 2037 1358 
3431 535 2012 537 
3432 509 511 510 
3433 954 955 890 
3434 1378 2035 1371 
3435 326 328 327 
3436 1408 1992 1410 
3437 318 416 320 
3438 1468 2021 1430 
3439 546 2022 544 
3440 967 969 968 
3441 124 2031 1804 
3442 1444 1995 1446 
3443 959 960 958 
3444 961 962 960 
3445 540 2024 538 
3446 2022 2026 644 
3447 1428 2026 1468 
3448 957 958 955 
3449 1422 2025 1470 
3450 1966 2026 1426 
3451 616 1996 541 
3452 321 453 319 
3453 326 327 325 
3454 969 1181 972 
3455 1983 1997 820 
3456 507 508 506 
3457 1978 2025 1420 
3458 1444 1999 1995 
3459 324 326 325 
3460 310 1981 312 
3461 507 509 508 
3462 303 305 304 
3463 644 2026 1966 
3464 219 2031 125 
3465 1992 1998 1410 
3466 1442 1999 1444 
3467 839 866 841 
3468 505 506 504 
3469 870 2001 1398 
3470 1386 2037 871 
3471 1410 1998 1412 
3472 645 2025 1978 
3473 324 325 323 
3474 965 967 966 
3475 503 607 505 
3476 325 1990 660 
3477 556 2003 641 
3478 646 2013 2011 
3479 499 662 501 
3480 1346 1997 1297 
3481 322 324 323 
3482 1331 1993 1307 
3483 1307 1993 1304 
3484 664 665 663 
3485 505 507 506 
3486 965 1093 967 
3487 1200 1204 986 
3488 2024 2025 645 
3489 1297 1997 1983 
3490 963 965 964 
3491 534 2016 2013 
3492 455 1990 327 
3493 531 2034 1365 
3494 1373 2009 1381 
3495 503 504 502 
3496 1998 2006 1412 
3497 1438 2007 1440 
3498 1222 2049 610 
3499 322 323 321 
3500 322 2000 683 
3501 1304 1993 213 
3502 529 2034 531 
3503 357 2008 450 
3504 1412 2006 1414 
3505 1438 2010 2007 
3506 320 322 321 
3507 503 505 504 
3508 289 291 290 
3509 495 496 491 
3510 961 963 962 
3511 666 708 665 
3512 1094 1184 1131 
3513 311 1075 309 
3514 327 1990 325 
3515 1436 2010 1438 
3516 660 2002 323 
3517 1358 2037 1356 
3518 2006 2011 1414 
3519 2023 2024 540 
3520 1231 1234 1233 
3521 959 961 960 
3522 1356 2037 1354 
3523 1414 2011 1416 
3524 550 2014 642 
3525 297 298 296 
3526 532 2013 646 
3527 320 321 319 
3528 615 2012 535 
3529 501 502 500 
3530 957 959 958 
3531 1285 2090 1206 
3532 318 320 319 
3533 959 1174 961 
3534 488 675 486 
3535 2042 2055 227 
3536 1432 2017 1434 
3537 315 456 313 
3538 416 2000 320 
3539 1234 1236 1235 
3540 1432 2021 2017 
3541 495 608 497 
3542 954 957 955 
3543 501 503 502 
3544 1430 2021 1432 
3545 307 415 308 
3546 544 2022 644 
3547 305 307 306 
3548 499 500 498 
3549 1469 2016 1978 
3550 321 2002 453 
3551 318 319 317 
3552 538 2024 645 
3553 316 318 317 
3554 1470 2023 1966 
3555 1426 2026 1428 
3556 1420 2025 1422 
3557 295 296 294 
3558 494 495 491 
3559 320 2000 322 
3560 956 1167 953 
3561 507 2005 661 
3562 1262 2048 895 
3563 490 491 488 
3564 586 2033 626 
3565 499 501 500 
3566 2013 2016 1469 
3567 323 2002 321 
3568 490 494 491 
3569 2051 2071 489 
3570 497 498 496 
3571 316 317 315 
3572 487 490 488 
3573 1300 2053 331 
3574 299 300 298 
3575 314 316 315 
3576 607 2005 505 
3577 483 485 484 
3578 505 2005 507 
3579 954 1170 957 
3580 953 954 890 
3581 888 2058 689 
3582 485 487 486 
3583 487 488 486 
3584 497 499 498 
3585 495 497 496 
3586 319 2041 317 
3587 125 2031 124 
3588 293 294 292 
3589 1470 2024 2023 
3590 662 2015 501 
3591 704 904 727 
3592 503 2015 607 
3593 287 289 288 
3594 893 1094 948 
3595 93 203 92 
3596 314 315 313 
3597 301 302 300 
3598 305 306 304 
3599 303 304 302 
3600 307 308 306 
3601 612 2034 529 
3602 94 2018 93 
3603 889 953 890 
3604 95 277 94 
3605 312 314 313 
3606 96 2019 95 
3607 663 2004 494 
3608 1237 1245 1235 
3609 871 2035 1378 
3610 495 2004 608 
3611 465 883 415 
3612 97 228 96 
3613 889 890 709 
3614 485 486 484 
3615 92 2028 91 
3616 1332 2036 709 
3617 2055 2063 227 
3618 1354 2037 1386 
3619 1234 1235 1233 
3620 308 309 306 
3621 703 893 886 
3622 291 292 290 
3623 499 2030 662 
3624 91 278 90 
3625 708 889 709 
3626 494 2004 495 
3627 501 2015 503 
3628 312 313 311 
3629 1231 1233 1229 
3630 1236 1237 1235 
3631 1075 2040 309 
3632 310 312 311 
3633 90 2027 89 
3634 483 484 475 
3635 310 2032 1981 
3636 708 709 665 
3637 1250 1269 1232 
3638 899 900 888 
3639 311 2029 1075 
3640 496 2020 491 
3641 89 230 88 
3642 1471 2134 2088 
3643 491 2020 488 
3644 287 288 286 
3645 308 310 309 
3646 488 2020 675 
3647 1795 2142 1133 
3648 310 311 309 
3649 415 2032 308 
3650 1521 2045 484 
3651 608 2030 497 
3652 456 2029 313 
3653 483 2051 485 
3654 1213 1225 235 
3655 497 2030 499 
3656 2118 2272 283 
3657 883 2032 415 
3658 482 2049 483 
3659 1094 1186 1184 
3660 846 2047 793 
3661 304 674 302 
3662 313 2029 311 
3663 308 2032 310 
3664 300 462 298 
3665 1472 2140 2094 
3666 1049 2050 1047 
3667 665 2036 663 
3668 663 2036 2004 
3669 296 673 294 
3670 423 2133 2132 
3671 453 2041 319 
3672 1097 1199 1098 
3673 670 2058 690 
3674 1473 2147 2099 
3675 93 2018 203 
3676 277 2018 94 
3677 1328 2052 1332 
3678 709 2036 665 
3679 203 2028 92 
3680 95 2019 277 
3681 228 2019 96 
3682 668 1287 666 
3683 899 1273 900 
3684 1223 2049 1222 
3685 942 2301 2287 
3686 91 2028 278 
3687 1333 2069 1082 
3688 422 2139 2138 
3689 1104 1273 899 
3690 331 2053 329 
3691 278 2027 90 
3692 515 2054 517 
3693 298 2039 296 
3694 1082 2059 1328 
3695 465 2045 883 
3696 89 2027 230 
3697 895 2048 938 
3698 484 2045 475 
3699 289 290 288 
3700 306 2040 304 
3701 984 2057 1188 
3702 309 2040 306 
3703 1102 2057 982 
3704 1097 1219 1199 
3705 509 2056 511 
3706 1227 2042 1255 
3707 433 2143 2141 
3708 1081 1144 1079 
3709 1229 2042 1227 
3710 292 728 290 
3711 475 2045 465 
3712 1100 1183 1129 
3713 703 902 893 
3714 304 2040 674 
3715 1233 2042 1229 
3716 720 2062 722 
3717 1161 2062 944 
3718 421 2149 2148 
3719 893 2043 1094 
3720 689 2058 670 
3721 1614 2064 1618 
3722 1865 2064 1612 
3723 793 2047 795 
3724 462 2039 298 
3725 71 2063 70 
3726 296 2039 673 
3727 1169 1220 1099 
3728 1098 2038 1100 
3729 432 2153 2152 
3730 797 2065 848 
3731 1328 2059 2052 
3732 722 2066 692 
3733 1333 2075 2069 
3734 294 2044 292 
3735 2108 2155 326 
3736 938 2048 1097 
3737 2109 2165 332 
3738 1094 2043 1186 
3739 1245 2055 1235 
3740 2107 2166 346 
3741 2106 2162 352 
3742 420 2158 2156 
3743 2105 2157 358 
3744 610 2049 482 
3745 1334 2077 1084 
3746 2104 2151 364 
3747 1047 2050 1070 
3748 485 2051 489 
3749 288 2089 1212 
3750 1076 2067 1871 
3751 1084 2075 1333 
3752 1097 2048 1219 
3753 431 2161 2160 
3754 1876 2068 1207 
3755 1199 2038 1098 
3756 2036 2052 2004 
3757 1593 2070 1107 
3758 673 2044 294 
3759 1332 2052 2036 
3760 1330 2083 1085 
3761 471 2072 605 
3762 731 2072 460 
3763 126 2073 219 
3764 271 2073 127 
3765 1208 2074 1109 
3766 329 2053 455 
3767 902 2043 893 
3768 1072 2097 1345 
3769 1334 2079 2077 
3770 690 1287 668 
3771 1085 2079 1334 
3772 2154 2159 418 
3773 609 2054 515 
3774 1074 2086 1330 
3775 292 2044 728 
3776 1742 2076 1741 
3777 1771 2076 1772 
3778 952 1218 1217 
3779 1840 2258 1190 
3780 1233 2055 2042 
3781 2004 2052 608 
3782 106 2118 105 
3783 2100 2102 614 
3784 661 2056 509 
3785 1078 2058 888 
3786 982 2057 984 
3787 2047 2065 795 
3788 1330 2086 2083 
3789 1235 2055 1233 
3790 286 1209 252 
3791 1502 2137 2131 
3792 2052 2059 608 
3793 669 2046 671 
3794 2091 2093 609 
3795 1284 2090 1285 
3796 1082 2069 2059 
3797 1100 2038 1183 
3798 703 2046 902 
3799 1618 2060 1616 
3800 1084 2077 2075 
3801 944 2062 720 
3802 671 2046 703 
3803 2084 2113 1981 
3804 227 2063 71 
3805 1085 2083 2079 
3806 2056 2091 511 
3807 608 2059 2030 
3808 1612 2064 1614 
3809 848 2081 799 
3810 1043 2082 1041 
3811 900 1079 1078 
3812 795 2065 797 
3813 692 2066 1076 
3814 2054 2100 517 
3815 1969 2095 867 
3816 1523 2167 2163 
3817 84 250 83 
3818 1871 2067 711 
3819 102 251 101 
3820 1146 2087 1147 
3821 1150 2087 1176 
3822 384 2088 386 
3823 2067 2068 711 
3824 867 2090 1275 
3825 1079 1080 1078 
3826 1345 2093 1343 
3827 711 2068 1876 
3828 86 2061 85 
3829 2183 2189 1070 
3830 1511 2098 1506 
3831 2050 2183 1070 
3832 605 2070 1593 
3833 374 2094 376 
3834 513 2091 609 
3835 803 2096 858 
3836 1128 2200 1179 
3837 368 2099 370 
3838 460 2072 471 
3839 2030 2069 662 
3840 1344 2091 2056 
3841 2059 2069 2030 
3842 2069 2075 662 
3843 127 2073 126 
3844 519 2100 614 
3845 362 2104 364 
3846 1109 2074 1130 
3847 1189 2264 283 
3848 3 245 86 
3849 1350 2100 2054 
3850 356 2105 358 
3851 1808 2192 1181 
3852 866 2226 1310 
3853 900 1078 888 
3854 350 2106 352 
3855 1206 2095 1204 
3856 2032 2084 1981 
3857 2115 2116 1130 
3858 1772 2076 1742 
3859 2048 2078 1219 
3860 290 2089 288 
3861 344 2107 346 
3862 1766 2110 1763 
3863 1204 2095 986 
3864 1764 2110 1770 
3865 649 2117 2116 
3866 2098 2113 1508 
3867 330 2109 332 
3868 930 2114 1865 
3869 324 2108 326 
3870 1827 2115 731 
3871 1262 2078 2048 
3872 662 2075 2015 
3873 649 2116 1845 
3874 674 2101 302 
3875 2066 2114 1076 
3876 300 2101 462 
3877 1261 2078 1262 
3878 2164 2169 1411 
3879 1054 2171 1662 
3880 419 2169 2164 
3881 1037 2122 1035 
3882 680 2123 2121 
3883 1862 2117 649 
3884 1713 2236 843 
3885 99 236 4 
3886 1862 2119 2117 
3887 858 2125 805 
3888 807 2125 861 
3889 1075 2092 2040 
3890 425 2119 1862 
3891 1502 2131 1504 
3892 104 283 103 
3893 198 2129 246 
3894 269 2129 199 
3895 1345 2097 2093 
3896 425 2120 2119 
3897 1510 2113 2084 
3898 1457 2133 1455 
3899 1873 2120 425 
3900 318 2127 416 
3901 1188 2195 1077 
3902 2015 2077 607 
3903 2075 2077 2015 
3904 1104 2219 1274 
3905 1514 2080 1521 
3906 1471 2135 1453 
3907 1127 2217 1203 
3908 1498 2150 2146 
3909 2077 2079 607 
3910 680 2121 1873 
3911 1801 2244 1800 
3912 2146 2150 683 
3913 1662 2176 1054 
3914 2103 2127 316 
3915 1447 2139 1445 
3916 1192 2200 1129 
3917 1873 2121 2120 
3918 1794 2142 1795 
3919 1662 2142 238 
3920 1472 2141 1443 
3921 1765 2145 1766 
3922 1652 2145 1651 
3923 1474 2151 2104 
3924 1441 2143 1439 
3925 1512 2150 1496 
3926 1473 2148 1437 
3927 1475 2157 2105 
3928 1435 2149 1433 
3929 1132 2181 1133 
3930 1476 2162 2106 
3931 607 2079 2005 
3932 1474 2152 1431 
3933 366 2151 421 
3934 1512 2155 2108 
3935 1429 2153 1427 
3936 1492 2154 1494 
3937 799 2081 801 
3938 1477 2166 2107 
3939 1344 2093 2091 
3940 1881 2124 2123 
3941 434 2103 314 
3942 1865 2114 2066 
3943 1513 2159 1490 
3944 1475 2156 1425 
3945 360 2157 432 
3946 1041 2082 1083 
3947 1513 2165 2109 
3948 1423 2158 1421 
3949 1350 2102 2100 
3950 1881 2123 680 
3951 1197 2190 1196 
3952 2080 2084 883 
3953 328 2155 418 
3954 1037 2208 2122 
3955 1476 2160 1419 
3956 1523 2163 1489 
3957 2058 2085 690 
3958 354 2162 420 
3959 2074 2115 1130 
3960 1417 2161 1415 
3961 434 2113 2098 
3962 1521 2080 2045 
3963 1477 2164 1413 
3964 348 2166 431 
3965 314 2103 316 
3966 2045 2080 883 
3967 334 2165 430 
3968 424 2124 1881 
3969 1053 2171 1054 
3970 1133 2171 1056 
3971 861 2172 809 
3972 424 2126 2124 
3973 2005 2083 661 
3974 811 2172 862 
3975 2079 2083 2005 
3976 731 2115 2074 
3977 1888 2126 424 
3978 1080 2085 1078 
3979 2083 2086 661 
3980 1888 2128 2126 
3981 614 2102 1329 
3982 883 2084 2032 
3983 684 2128 1888 
3984 1078 2085 2058 
3985 1043 2196 2082 
3986 684 2130 2128 
3987 1329 2111 1134 
3988 2111 2112 1134 
3989 1907 2130 684 
3990 1134 2112 1132 
3991 2081 2096 801 
3992 1907 2132 2130 
3993 1031 2173 1029 
3994 423 2132 1907 
3995 1147 2087 1150 
3996 679 2088 384 
3997 386 2134 388 
3998 1641 2174 1638 
3999 1049 2178 2050 
4000 1639 2174 1652 
4001 1660 2176 1659 
4002 1661 2176 1662 
4003 246 2175 197 
4004 1176 2175 1163 
4005 1275 2090 1284 
4006 2102 2111 1329 
4007 1508 2113 1510 
4008 2211 2310 844 
4009 511 2091 513 
4010 679 2136 2135 
4011 1934 2136 679 
4012 1934 2138 2136 
4013 986 2095 1969 
4014 1343 2093 1344 
4015 422 2138 1934 
4016 433 2094 374 
4017 1511 2127 2103 
4018 1314 2216 1310 
4019 801 2096 803 
4020 376 2140 378 
4021 245 2061 86 
4022 728 2089 290 
4023 271 2195 2073 
4024 1506 2098 1508 
4025 862 2177 813 
4026 815 2177 863 
4027 421 2099 368 
4028 661 2086 2056 
4029 1326 2193 1327 
4030 1054 2178 1051 
4031 370 2147 372 
4032 1511 2103 2098 
4033 2040 2092 674 
4034 2050 2178 1660 
4035 517 2100 519 
4036 2131 2137 416 
4037 4 2235 98 
4038 1349 2102 1350 
4039 421 2151 2149 
4040 302 2101 300 
4041 432 2104 362 
4042 228 2266 2019 
4043 1656 2180 1658 
4044 1634 2179 1632 
4045 8 2179 7 
4046 178 2180 177 
4047 1141 2317 2262 
4048 1646 2182 1643 
4049 1640 2182 1641 
4050 1194 2144 2061 
4051 432 2157 2153 
4052 420 2105 356 
4053 2199 2203 1083 
4054 209 2183 1660 
4055 1349 2111 2102 
4056 1152 2279 1815 
4057 256 2194 1271 
4058 1025 2184 1023 
4059 431 2106 350 
4060 420 2162 2158 
4061 609 2097 2054 
4062 185 2185 184 
4063 1500 2137 1502 
4064 1498 2146 1500 
4065 2127 2131 416 
4066 419 2107 344 
4067 431 2166 2161 
4068 80 2268 280 
4069 683 2108 324 
4070 2088 2135 1471 
4071 12 2188 11 
4072 1763 2110 1764 
4073 863 2187 817 
4074 418 2109 330 
4075 819 2187 854 
4076 98 2191 97 
4077 985 2111 1349 
4078 985 2112 2111 
4079 1077 2112 985 
4080 2093 2097 609 
4081 1774 2189 1773 
4082 430 2165 2163 
4083 1411 2169 1409 
4084 2168 2170 1407 
4085 1407 2170 1406 
4086 1106 2114 930 
4087 1409 2168 1407 
4088 996 2115 1827 
4089 1981 2113 434 
4090 2116 2117 1130 
4091 418 2155 2154 
4092 1406 2167 1523 
4093 1660 2183 2050 
4094 1409 2169 2168 
4095 996 2116 2115 
4096 1500 2146 2137 
4097 279 2118 106 
4098 1406 2170 2167 
4099 1845 2116 996 
4100 2094 2141 1472 
4101 270 2192 1808 
4102 1131 2266 1218 
4103 2073 2195 1188 
4104 1645 2193 1646 
4105 1130 2117 1110 
4106 388 2134 423 
4107 2117 2119 1110 
4108 2121 2123 1482 
4109 2099 2148 1473 
4110 1110 2119 1844 
4111 2082 2196 1774 
4112 2098 2103 434 
4113 2163 2167 430 
4114 2119 2120 1844 
4115 1087 2121 1482 
4116 1070 2196 1045 
4117 378 2140 422 
4118 1844 2120 1087 
4119 1198 2190 1197 
4120 372 2147 433 
4121 2104 2152 1474 
4122 1019 2197 1017 
4123 1482 2123 1480 
4124 84 2144 250 
4125 2120 2121 1087 
4126 2123 2124 1480 
4127 1035 2122 1086 
4128 2105 2156 1475 
4129 2108 2150 1512 
4130 240 2199 1774 
4131 854 2198 821 
4132 2061 2144 85 
4133 1480 2124 1465 
4134 805 2125 807 
4135 2124 2126 1465 
4136 2106 2160 1476 
4137 1216 2219 1103 
4138 1465 2126 1463 
4139 2126 2128 1463 
4140 2109 2159 1513 
4141 1463 2128 1461 
4142 2082 2199 1083 
4143 2107 2164 1477 
4144 199 2129 198 
4145 2128 2130 1461 
4146 223 2201 1670 
4147 679 2135 2088 
4148 232 2260 1932 
4149 1461 2130 1459 
4150 316 2127 318 
4151 2130 2132 1459 
4152 1504 2131 1511 
4153 1459 2132 1457 
4154 85 2144 84 
4155 825 2202 864 
4156 1455 2133 1471 
4157 2061 2293 1194 
4158 1778 2203 1777 
4159 1453 2135 1451 
4160 1320 2204 1319 
4161 1322 2204 1325 
4162 1720 2238 845 
4163 221 2205 1789 
4164 2135 2136 1451 
4165 1451 2136 1449 
4166 2122 2208 1778 
4167 1816 2274 1190 
4168 2136 2138 1449 
4169 1449 2138 1447 
4170 191 2205 221 
4171 263 2205 192 
4172 1445 2139 1472 
4173 433 2141 2094 
4174 1236 2216 1237 
4175 1013 2206 1011 
4176 1792 2207 1791 
4177 416 2137 2000 
4178 1755 2207 1753 
4179 1443 2141 1441 
4180 238 2142 1794 
4181 1083 2208 1039 
4182 1651 2145 1765 
4183 1439 2143 1473 
4184 864 2209 827 
4185 829 2209 865 
4186 1437 2148 1435 
4187 2000 2146 683 
4188 2137 2146 2000 
4189 1789 2270 1788 
4190 1313 2212 1312 
4191 1496 2150 1498 
4192 421 2148 2099 
4193 1317 2212 1320 
4194 1433 2149 1474 
4195 208 2210 1778 
4196 1064 2211 1062 
4197 1858 2211 844 
4198 949 2213 950 
4199 1121 2213 1164 
4200 364 2151 366 
4201 1431 2152 1429 
4202 1427 2153 1475 
4203 1494 2154 1512 
4204 432 2152 2104 
4205 185 2275 2185 
4206 1425 2156 1423 
4207 358 2157 360 
4208 326 2155 328 
4209 1421 2158 1476 
4210 1490 2159 1492 
4211 1419 2160 1417 
4212 1415 2161 1477 
4213 1489 2163 1513 
4214 352 2162 354 
4215 865 2214 831 
4216 833 2214 857 
4217 1308 2218 1313 
4218 1665 2215 1664 
4219 1309 2218 1306 
4220 1413 2164 1411 
4221 420 2156 2105 
4222 332 2165 334 
4223 346 2166 348 
4224 687 2170 2168 
4225 430 2167 1974 
4226 2210 2215 1086 
4227 687 2168 1968 
4228 1968 2169 419 
4229 1974 2170 687 
4230 2168 2169 1968 
4231 2167 2170 1974 
4232 1677 2220 1756 
4233 1786 2282 1178 
4234 1274 2319 100 
4235 431 2160 2106 
4236 1056 2171 1053 
4237 809 2172 811 
4238 2188 2300 11 
4239 1033 2222 1031 
4240 1774 2199 2082 
4241 866 2221 841 
4242 683 2150 2108 
4243 419 2164 2107 
4244 857 2223 835 
4245 1003 2224 1001 
4246 239 2225 1665 
4247 418 2159 2109 
4248 1095 2241 1175 
4249 1234 2227 1236 
4250 1247 2252 1221 
4251 1194 2293 1192 
4252 1511 2131 2127 
4253 839 2226 866 
4254 1029 2173 1088 
4255 1665 2222 2215 
4256 2149 2151 1474 
4257 1666 2228 1668 
4258 1638 2174 1639 
4259 197 2175 196 
4260 1659 2176 1661 
4261 2153 2157 1475 
4262 423 2134 2133 
4263 2158 2162 1476 
4264 207 2233 1667 
4265 1755 2310 2211 
4266 462 2217 1251 
4267 2161 2166 1477 
4268 2154 2155 1512 
4269 422 2140 2139 
4270 2027 2241 230 
4271 2163 2165 1513 
4272 1779 2234 1781 
4273 433 2147 2143 
4274 813 2177 815 
4275 1051 2178 1049 
4276 1715 2236 1713 
4277 2133 2134 1471 
4278 1722 2238 1720 
4279 241 2239 1780 
4280 1632 2179 8 
4281 177 2180 1656 
4282 1783 2240 1782 
4283 1778 2210 2122 
4284 1164 2312 2185 
4285 2122 2210 1086 
4286 1643 2182 1640 
4287 2139 2140 1472 
4288 100 2261 1274 
4289 1243 2186 248 
4290 1027 2231 1025 
4291 1775 2183 209 
4292 1815 2279 269 
4293 1023 2184 1089 
4294 2143 2147 1473 
4295 206 2243 1784 
4296 940 2244 949 
4297 184 2185 242 
4298 1775 2189 2183 
4299 1327 2193 1645 
4300 1135 2262 1185 
4301 2018 2252 203 
4302 1821 2248 1137 
4303 817 2187 819 
4304 234 2188 12 
4305 230 2247 88 
4306 1797 2249 1796 
4307 1773 2189 1775 
4308 2112 2181 1132 
4309 1069 2251 951 
4310 2060 2245 1616 
4311 220 2254 1798 
4312 1290 2194 256 
4313 1805 2192 270 
4314 97 2191 228 
4315 1870 2255 1140 
4316 1795 2195 271 
4317 2185 2275 1165 
4318 1045 2196 1043 
4319 1166 2300 2188 
4320 1665 2225 2173 
4321 1175 2232 1246 
4322 1129 2200 1128 
4323 1237 2216 1314 
4324 1017 2197 1090 
4325 1210 2290 279 
4326 821 2198 823 
4327 163 2265 162 
4328 1021 2237 1019 
4329 1077 2181 2112 
4330 1776 2199 240 
4331 166 2269 165 
4332 2198 2202 823 
4333 989 2270 980 
4334 161 2271 205 
4335 1776 2203 2199 
4336 1817 2273 211 
4337 1791 2201 223 
4338 1190 2274 1146 
4339 823 2202 825 
4340 232 2275 186 
4341 164 2277 237 
4342 173 2278 172 
4343 1777 2203 1776 
4344 1806 2302 234 
4345 258 2280 1807 
4346 990 2282 989 
4347 1178 2282 993 
4348 2173 2225 1088 
4349 1319 2204 1322 
4350 272 2284 1818 
4351 1806 2303 2302 
4352 7 2285 1 
4353 6 2286 178 
4354 179 2286 6 
4355 1 2285 202 
4356 171 2289 229 
4357 1667 2233 2184 
4358 192 2205 191 
4359 1815 2292 978 
4360 234 2302 2297 
4361 1799 2314 282 
4362 281 2315 1814 
4363 1177 2295 1139 
4364 1166 2297 1155 
4365 10 2300 249 
4366 745 2311 747 
4367 842 2309 743 
4368 1142 2301 939 
4369 1011 2206 1101 
4370 1753 2207 1792 
4371 1156 2304 1063 
4372 195 2306 231 
4373 1916 2305 1182 
4374 275 2303 1806 
4375 83 2267 82 
4376 2101 2217 462 
4377 1039 2208 1037 
4378 275 2307 2303 
4379 827 2209 829 
4380 1179 2247 1169 
4381 1670 2307 275 
4382 1015 2242 1013 
4383 1246 2232 1247 
4384 1663 2210 208 
4385 1062 2211 1858 
4386 1312 2212 1317 
4387 950 2213 1121 
4388 102 2264 251 
4389 105 2294 5 
4390 1663 2215 2210 
4391 1103 2219 1104 
4392 100 2319 99 
4393 831 2214 833 
4394 1780 2239 2197 
4395 1176 2306 2175 
4396 1664 2215 1663 
4397 923 2296 1154 
4398 2219 2319 1274 
4399 1306 2218 1308 
4400 283 2264 103 
4401 2296 2299 1154 
4402 1236 2227 2221 
4403 279 2272 2118 
4404 1154 2299 1166 
4405 1751 2220 1677 
4406 841 2221 860 
4407 1658 2287 1657 
4408 1144 2308 1079 
4409 1086 2222 1033 
4410 1203 2217 2101 
4411 2215 2222 1086 
4412 835 2223 837 
4413 279 2290 2272 
4414 2243 2246 1101 
4415 2223 2226 837 
4416 1001 2224 1092 
4417 1101 2246 1905 
4418 1668 2225 239 
4419 837 2226 839 
4420 1250 2230 2229 
4421 2184 2233 1089 
4422 1784 2243 2206 
4423 2246 2250 1905 
4424 1269 2227 1234 
4425 1088 2231 1027 
4426 1932 2260 1143 
4427 2227 2229 860 
4428 1269 2229 2227 
4429 1251 2230 1250 
4430 1905 2250 1091 
4431 2229 2230 1264 
4432 860 2229 1264 
4433 1264 2230 1127 
4434 1667 2228 1666 
4435 234 2297 2188 
4436 1250 2229 1269 
4437 1005 2253 1003 
4438 1089 2237 1021 
4439 5 2294 104 
4440 1243 2308 2186 
4441 2188 2297 1166 
4442 1178 2260 1785 
4443 1754 2310 1755 
4444 2028 2232 278 
4445 1781 2233 207 
4446 1754 2313 2310 
4447 1090 2242 1015 
4448 1202 2261 251 
4449 2190 2267 250 
4450 1756 2313 1754 
4451 2201 2304 1156 
4452 1798 2254 2224 
4453 2175 2306 196 
4454 246 2305 2175 
4455 101 2261 100 
4456 1780 2234 1779 
4457 2186 2308 1144 
4458 2254 2256 1092 
4459 1092 2256 1879 
4460 2197 2239 1090 
4461 1617 2276 1615 
4462 2220 2309 842 
4463 1091 2253 1005 
4464 2118 2294 105 
4465 2256 2257 1879 
4466 1727 2236 1715 
4467 236 2235 4 
4468 1220 2241 1095 
4469 1168 2281 1136 
4470 2185 2312 242 
4471 1879 2257 1160 
4472 1732 2238 1722 
4473 1782 2239 241 
4474 2257 2259 1160 
4475 1683 2318 1682 
4476 1160 2259 1161 
4477 1784 2240 1783 
4478 1682 2316 1750 
4479 283 2294 2118 
4480 1683 2320 2318 
4481 2259 2263 1161 
4482 1162 2283 1943 
4483 1685 2320 1683 
4484 1682 2318 2316 
4485 1791 2304 2201 
4486 1815 2315 2292 
4487 1669 2243 206 
4488 942 2244 940 
4489 1616 2245 1617 
4490 1669 2246 2243 
4491 205 2271 2245 
4492 2206 2243 1101 
4493 251 2261 101 
4494 2175 2305 1163 
4495 259 2246 1669 
4496 2280 2301 1142 
4497 88 2247 87 
4498 1137 2248 1168 
4499 237 2277 2248 
4500 2278 2295 1177 
4501 259 2250 2246 
4502 1798 2249 1797 
4503 1143 2260 1178 
4504 1796 2250 259 
4505 1818 2284 2251 
4506 229 2289 2255 
4507 951 2251 1138 
4508 1221 2252 1141 
4509 280 2268 1198 
4510 263 2258 2205 
4511 1759 2254 220 
4512 1161 2263 2060 
4513 1274 2261 1202 
4514 2221 2227 860 
4515 1140 2255 1177 
4516 1195 2291 1194 
4517 1759 2256 2254 
4518 1758 2256 1759 
4519 2228 2231 1088 
4520 2213 2312 1164 
4521 1758 2257 2256 
4522 236 2319 2219 
4523 1615 2276 1821 
4524 260 2257 1758 
4525 260 2259 2257 
4526 1655 2259 260 
4527 1785 2260 232 
4528 1667 2231 2228 
4529 1655 2263 2259 
4530 1192 2293 2200 
4531 205 2263 1655 
4532 103 2264 102 
4533 2224 2254 1092 
4534 1136 2281 1162 
4535 2234 2237 1089 
4536 237 2265 163 
4537 1943 2283 1069 
4538 1751 2309 2220 
4539 1185 2266 1131 
4540 211 2269 166 
4541 1146 2274 2087 
4542 1189 2272 1145 
4543 2284 2288 1138 
4544 1138 2288 1870 
4545 980 2270 979 
4546 162 2271 161 
4547 1818 2273 1817 
4548 250 2267 83 
4549 2240 2242 1090 
4550 231 2274 1816 
4551 1182 2279 1152 
4552 2179 2285 7 
4553 178 2286 2180 
4554 1198 2267 2190 
4555 186 2275 185 
4556 1780 2237 2234 
4557 1831 2298 1142 
4558 165 2277 164 
4559 247 2278 173 
4560 2272 2290 1145 
4561 1194 2291 2144 
4562 269 2279 2129 
4563 2087 2274 231 
4564 1657 2280 258 
4565 993 2282 990 
4566 1813 2284 272 
4567 282 2286 179 
4568 202 2285 281 
4569 2249 2253 1091 
4570 1813 2288 2284 
4571 229 2288 1813 
4572 172 2289 171 
4573 978 2296 923 
4574 2205 2258 1789 
4575 1145 2290 1144 
4576 1633 2292 1634 
4577 1784 2242 2240 
4578 1139 2295 1831 
4579 1155 2297 1909 
4580 1807 2298 247 
4581 2129 2279 1182 
4582 249 2299 1633 
4583 1633 2299 2296 
4584 11 2300 10 
4585 2297 2302 1909 
4586 2265 2276 1617 
4587 939 2301 942 
4588 1750 2316 1751 
4589 1909 2302 1159 
4590 1803 2312 2213 
4591 2302 2303 1159 
4592 1159 2303 1157 
4593 1063 2304 1064 
4594 2303 2307 1157 
4595 1163 2305 1916 
4596 196 2306 195 
4597 1157 2307 1156 
4598 2269 2281 1168 
4599 743 2309 745 
4600 844 2310 1856 
4601 747 2311 847 
4602 2310 2313 1856 
4603 242 2312 1803 
4604 1856 2313 842 
4605 1814 2315 1815 
4606 1800 2314 1799 
4607 847 2318 1869 
4608 2318 2320 1869 
4609 1869 2320 849 
4610 2144 2291 250 
4611 1079 2308 1080 
4612 277 2317 2018 
4613 281 2285 2179 
4614 2180 2286 282 
4615 2273 2283 1162 
4616 2316 2318 847 
4617 104 2294 283 
4618 245 2293 2061 
4619 2200 2293 245 
4620 1798 2253 2249 
4621 99 2319 236 
4622 2245 2271 1617 
4623 2248 2277 1168 
4624 2295 2298 1831 
4625 247 2298 2295 
4626 2292 2315 1634 
4627 2251 2284 1138 
4628 2255 2289 1177 
4629 237 2276 2265 
4630 211 2281 2269 
4631 247 2295 2278 
4632 1818 2283 2273 
4633 1657 2301 2280 
4634 2262 2317 277 
4635 2292 2296 978 
4636 1633 2296 2292 
4637 2287 2314 1800 
4638 1658 2314 2287 
4639 1751 2316 2311 
4640 2311 2316 847 
$EndElements
