-7.627075748638011e12 
-7.744255243734941e12 
1.4549046689489075e14 
-2.684668157946208e13 
-1.9115941678677383e13 
-7.316750218394561e13 
-2.9527513301239047e13 
-6.011783000941612e14 
6.437822013147053e13 
-1.0695467676091192e14 
-3.532508212550916e13 
-6.524400947709391e13 
-3.0777092702352746e13 
-4.12730717839522e13 
-1.1612620060869364e16 
3.043428776738212e15 
-8.410253461871066e14 
-1.300960923771238e15 
1.1622181806318812e16 
-3.871191941992546e15 
-1.16127156332871e15 
1.168931591361229e15 
-3.5943445214170106e14 
-2.6171003957524938e14 
-1.169806283338073e15 
3.3400544105410275e14 
-7.792935576167675e14 
3.3398070453312725e14 
-4.6757267152468544e14 
-2.337863200212576e15 
-6.466791735189455e14 
3.5325689672462725e18 
6.808984216832517e16 
-3.7579818034865495e18 
1.7774689645395261e18 
2.3565359307686707e18 
-1.1775974800767158e18 
1.41303652573815e18 
7.065142403908442e17 
3.532569190717047e18 
-1.9211699964527955e15 
1.9760114752977015e15 
-7.706607396685564e15 
3.843436278263891e15 
1.7077553869113465e15 
2.1956291175206358e15 
3.842341089181037e15 
1.5369360410132502e16 
-3.2849699420291815e15 
-2.209200024934701e15 
-1.9494155726833285e15 
3.047172706385896e15 
-6.889755368505751e15 
-6.870825943189035e14 
138.82926367609167 
19300.17319908107 
127.21194783629326 
119.58297292583401 
115.38581268408814 
112.82084181012422 
106.2130167903079 
98.86956745083171 
94.39251425390547 
90.23463415054778 
87.8504619830355 
87.58114251590607 
87.4111216472418 
87.29523812256485 
87.17601468563754 
87.04694747186133 
86.90484104080289 
86.74774051395474 
86.57334822112969 
86.37857450682739 
86.15945190941832 
85.91596405548373 
85.75928004505178 
88.38063856726262 
88.38056907251672 
88.3798746483227 
88.37712624844335 
88.34581318570517 
88.04537075344375 
86.44993347459813 
85.48690510759522 
85.26439053051135 
84.97925599019143 
85.52542875081366 
85.45645011019911 
85.11573795300953 
84.79177190367494 
84.65011780292828 
84.6919504997195 
84.44143541966191 
84.22437391713282 
84.04191744316974 
84.56388289688113 
83.74308842785041 
83.62853922834545 
83.44605894268358 
83.2721132859167 
83.30890707297304 
83.15490039248778 
83.09374084866003 
83.00496395034884 
82.95070974933854 
96.0978419958477 
87.62486225467566 
84.10454740102128 
83.17589965557144 
82.6857684757035 
82.2552936576365 
82.04050069990672 
81.93872211828474 
81.9035563579054 
81.86803588653085 
81.83372220151031 
81.79998244357353 
81.765070864054 
81.72444580777845 
81.67627960930884 
81.62586913367616 
81.56953724675579 
81.5030929701378 
81.42662426209216 
81.33772122597955 
81.24127577653434 
81.13311394133228 
81.01803242265828 
81.13572516480977 
81.13572444792345 
81.13571727936183 
81.13564562370802 
81.13550411101903 
81.1335422144343 
81.11604455593493 
81.01700612689777 
80.98521417555207 
80.86304837397773 
80.8468548335187 
80.84678936389602 
80.79770108236279 
80.7672867334414 
80.74370952345572 
80.79864940780917 
80.72498305870171 
80.71385202481261 
80.69718412778438 
80.6817639824892 
80.72876683259531 
80.66395567983594 
80.65821304875199 
80.64640495009391 
80.63179675307418 
80.6469664155243 
80.64300461975103 
126.82316078480454 
98.54900688094872 
86.00312198507939 
81.2628683963266 
79.92155462982367 
78.50463789596434 
77.43350154364333 
77.22293242602554 
77.11762791383472 
77.06438346279188 
77.00713282812308 
76.9572553730653 
76.90556496016981 
76.84840024827292 
76.79008020523682 
76.73227393664143 
76.67055918505278 
76.61357698518053 
76.6134203929424 
76.91885658867562 
76.91885661951841 
76.91885688209095 
76.91885867046054 
76.91475690404428 
76.88134044225606 
76.70500959155329 
76.57142875911137 
76.55801877930034 
76.54615620317577 
76.53643004543545 
76.54375659163674 
76.53132335186996 
76.5140481207268 
76.50760700640313 
76.4968714209914 
76.4815466196288 
76.47183264342085 
76.62837322268767 
76.5768612606997 
76.46724945626539 
76.44688515308648 
76.44495508521797 
76.4391793803137 
76.43109023719185 
76.4667474945254 
76.45871774321935 
76.43336744610748 
76.42497668893645 
76.42134817440723 
76.42265433676425 
169.25264940885347 
96.68384083662116 
74.87439429367441 
69.21346730463824 
68.22687841109371 
67.77809168684067 
67.45367087051626 
67.32690774206509 
67.18994467066281 
67.064843505702 
66.96047576128225 
66.89182101662783 
66.90235472969854 
66.90216210190674 
66.9002369040488 
66.88398374401949 
66.82896717775019 
66.75645799465546 
66.72494334178447 
66.68850520545291 
66.65409589990331 
66.66215693352707 
66.66197209321498 
66.6602325267273 
66.64884308478037 
66.629015954397 
66.59129526492208 
66.57195273414212 
66.54720492183753 
66.56206348461784 
66.55901111913329 
66.5441847648694 
66.55001122001312 
66.51157489098212 
66.51159701288377 
66.51181752037444 
66.5121205749636 
66.51237859630518 
66.49611794174706 
66.48485524607192 
66.5527466665334 
66.48316374017185 
66.47551207392726 
66.47566303915681 
66.46777258923257 
66.4620718641253 
66.57212989166096 
66.44935055343528 
66.44900424040951 
66.44238430178224 
128.00239866389782 
67.88749540889859 
51.69556052112853 
50.73057414402608 
50.52835836344413 
50.39428520570911 
50.3443189244838 
50.43156757290323 
50.3957797051383 
50.2908758814759 
50.25145809266763 
50.22017793133821 
50.18192454829928 
50.156150157161235 
50.29744394957743 
50.24081087209564 
50.12306186699632 
50.098012079093735 
50.071133663331864 
50.05141874776673 
50.17760698381804 
50.02151538057673 
50.006340537514504 
49.990098439822674 
49.98592700681731 
50.27603260343905 
49.96749677003052 
49.95548731774825 
49.95555453673954 
49.95579562184167 
49.95597483886853 
49.94048335399711 
49.91522706571264 
50.11036639675148 
50.08471616349043 
49.98027252319433 
49.903405996678806 
49.90203211663285 
49.89948046450789 
49.92346236257494 
49.889755740698966 
49.88999659683969 
49.88265970242011 
49.8683018895165 
50.220019342141484 
50.15870342755264 
49.943789673317895 
49.85925903046416 
49.85928476070778 
49.85051802101504 
67.20468454359347 
68.55385115150662 
67.30852649922467 
57.52775426962811 
34.67575391155945 
32.70029213690828 
32.529041033676606 
32.38497697580986 
32.28817131788719 
32.19730208231515 
32.439379775785525 
32.21032463309318 
32.13116259877095 
32.07374275414786 
32.141501969180204 
32.0394925452077 
32.01773717571137 
31.981805113916096 
31.94384050636168 
32.0401654324508 
32.038685560466746 
32.025491216625554 
31.963877252776975 
31.919641071684808 
31.908920873354596 
31.89971564705815 
31.879520299407744 
31.875792731968325 
32.44953895125135 
31.863729989249627 
31.831609078670382 
31.83147796776117 
31.831482712028233 
31.82687993974489 
31.815073217485498 
32.05036176843325 
31.896384386729803 
31.804632130616675 
31.79975766468583 
31.779768262948714 
31.740454124916383 
32.58725557003082 
32.48994291999807 
32.075872183570446 
31.734434271786988 
31.720866307263396 
31.720967121421985 
31.70440795993112 
32.235509192458686 
31.863791253826474 
29.232803147580285 
108.76096508354394 
99.42958902356708 
53.29824487484785 
22.04632736787162 
21.331047339953365 
21.640166086812293 
21.09609462870783 
21.031620560522512 
21.001511342841 
20.963927478868648 
20.946889956165727 
20.926245277821295 
21.033716275484625 
20.942288731144657 
20.90665173257338 
20.893715405336952 
20.875112241354756 
20.974796388450905 
20.842742582738012 
20.811067658953913 
20.783252350077316 
21.16362415521929 
20.761035439420493 
20.74286448337081 
20.723957348187184 
20.863055221574598 
20.759606489932917 
20.71165957396053 
20.717568124595832 
20.701310452290375 
20.775356708865097 
20.68711147354416 
20.674434092380835 
20.661661008434837 
20.650006395627763 
20.76537005305393 
20.620823280996703 
20.612437153391188 
20.58440160126347 
20.614714255069345 
20.56977376801649 
20.679545046881167 
20.53422599544355 
20.52641552415462 
20.4921490525112 
20.504123323064206 
20.46978179512032 
20.72565534629436 
20.43330275609506 
16.654329851040604 
26.47381694114286 
502.9727705755003 
364.71009518268994 
20.145715169664584 
16.66871129376381 
16.65286945835595 
16.576131048969984 
16.480995370782026 
16.404055738493362 
17.47386882419788 
16.363617086531036 
16.307874511596445 
16.230978283768792 
16.85395393260704 
16.397808276916884 
16.207859318950774 
16.186099012854655 
16.1722504782306 
16.191648057534135 
16.145096326355382 
16.14509303788084 
16.145145267880256 
16.14556060291683 
16.737446837425445 
16.170221769022454 
16.13007029135585 
16.120389633169665 
16.08232881614059 
16.108204744467592 
16.046602067573865 
16.046612556303145 
16.04671704393216 
16.04773156683069 
16.04785434085357 
16.815855970301026 
16.156317713308077 
16.034171843155345 
16.04072967271601 
16.0229327261599 
16.02362703746583 
16.013371215461316 
15.996589943493316 
17.165363306440252 
16.250476742578158 
15.989151887915973 
15.988578414485016 
15.972912232345816 
16.110880689777197 
15.988382713223698 
13.979104789493325 
72.00572230538573 
29.573191541395204 
14.127445535708212 
13.863150719962173 
13.869171454815927 
13.838657564096158 
13.834651790846237 
14.030904518458467 
13.833763693840321 
13.828341125724473 
13.862480746494779 
13.823903427218998 
13.824281397381245 
13.83077178786371 
13.821287527424776 
13.90614833821414 
13.82085939018992 
13.819251566576089 
13.820330682654706 
13.817523656508596 
13.89012902419627 
13.817642365827979 
13.816241415702585 
13.815072907791873 
13.851277150541723 
13.811541093357208 
13.81209087087694 
13.814299190203762 
13.81146728678995 
13.813773813183488 
13.810936732668214 
13.810612723348987 
13.81045916807089 
13.809542476102028 
13.812657798952728 
13.808584856578051 
13.807705759109908 
13.829617576191486 
13.80928682265096 
13.807234604237372 
13.807244023977177 
13.80721481584908 
13.80683588085681 
13.806856524456567 
13.814436509472182 
13.806165217102329 
13.806208542768111 
13.80716910490184 
13.805004870671638 
13.367461969333206 
363.04017498215694 
15.594184800745342 
13.211641894267991 
13.234211722191018 
13.245039279962533 
13.24807517487381 
13.692548687559082 
13.220443006064638 
13.229529639657168 
13.23128501568912 
13.23561628636498 
13.224439441192583 
13.139592178620559 
13.234004999896367 
13.220843779386293 
13.21913319754566 
13.217812493517053 
13.219063593624554 
13.21613042526809 
13.214362972104155 
13.21456705070894 
13.27379226320478 
13.214049309827168 
13.21385382907295 
13.21389203305279 
13.216091279658741 
13.213127915845837 
13.223889878796681 
13.21202331959141 
13.21055860691537 
13.21091157306886 
13.211840477012336 
13.209651496564852 
13.208122731646107 
13.208008902680326 
13.20986444638865 
13.206331624132883 
13.205065250792291 
13.204447146544274 
13.204577531706754 
13.210989465318766 
13.203032726843471 
13.201296774398042 
13.201309178009401 
13.201406758524042 
13.210971829983746 
13.199886277656898 
13.232106936339001 
13.19776218212284 
1508.017983071554 
1508.017983071554 
158.94286013807815 
24022.663137694297 
158.3389816474492 
152.26826887738446 
148.1619601248076 
145.55030495797445 
140.9009288490316 
135.3592333626084 
130.6040990651582 
119.83021455544419 
111.41156055131788 
109.45896682437007 
108.77150474602615 
108.331141135042 
108.06807159217021 
107.74653553939312 
107.36414996234899 
106.90978876063201 
106.36938259057511 
105.7259596938494 
104.95975499936068 
104.04999957653308 
103.00792774147402 
102.44090006315452 
107.39770079959169 
107.39727933156674 
107.39502470539352 
107.37092417817688 
107.14110047975237 
105.44022293892547 
101.54194988479426 
100.73334856043985 
99.91196935460455 
98.9102569020778 
98.30136239227329 
99.24888426509136 
98.66836803410824 
97.93305020658431 
97.77662735033607 
97.49362833992689 
97.24591538723514 
97.49378526976544 
96.95138234398735 
96.84845448660398 
96.66929172719921 
96.4166272985421 
96.176883659234 
96.15732669338092 
96.45710559064403 
95.90599278114702 
95.8429881374875 
95.75618867400871 
107.54649350918586 
101.80527741348081 
97.92414755696231 
95.52963949951533 
93.85920897248052 
93.6311148162332 
93.43015660347376 
93.28269112824657 
93.21241277248372 
93.16360781771988 
93.12269627014277 
93.0818446468071 
93.03893115371557 
92.99353541894801 
92.94586945343386 
92.895094456778 
92.84076286771176 
92.78676582960614 
92.73475680017417 
92.67562588219275 
92.60875524162458 
92.53765165703653 
92.4733131896295 
92.45141456066796 
92.57184385641811 
92.57181564252068 
92.5715338942033 
92.57128333615238 
92.56641199156002 
92.52824310681518 
92.3953367017692 
92.32166422166812 
92.27794768793751 
92.22849812331037 
92.1911272857554 
92.18853527660715 
92.23232160378718 
92.1348717940515 
92.11944207875788 
92.10567721245957 
92.09175174415164 
92.08296675818475 
92.08059012288714 
92.07344654558062 
92.06082824345066 
92.05823647245992 
92.05493385383127 
92.05098550122317 
92.04692390672247 
92.04280572373318 
136.41510432386633 
117.27150164830563 
104.69883466430306 
96.60753230587781 
88.37366545619176 
86.17516757990344 
85.29509261225863 
84.9205386632083 
84.85443499846107 
84.79471361867434 
84.73796726498307 
84.68401774934051 
84.63150968360763 
84.58163793100194 
84.52977308681562 
84.47409310420936 
84.4162064396624 
84.36351678939867 
84.3255358545533 
84.29748824024081 
84.27635496572378 
84.28848145308714 
84.28847006728583 
84.288356284014 
84.28839377587806 
84.28757257611939 
84.2809658142244 
84.26027830154112 
84.24929770575508 
84.23878071771344 
84.2262363810865 
84.22642745963307 
84.22599236293175 
84.30892699306776 
84.21313947297708 
84.19983013119102 
84.1931844267007 
84.18744912256957 
84.1961059290403 
84.1813257453199 
84.17977980509542 
84.17577774111246 
84.17031246657831 
84.18072120350624 
84.17913980781339 
84.17183524962684 
84.16586517260382 
84.16387400120638 
84.15942015462024 
84.15753065980462 
168.9871576328125 
119.00359563605504 
94.06965696988394 
81.54639028421244 
75.86576617455013 
72.65251700831003 
71.37099746594691 
71.20154186297597 
71.09003772587616 
71.0265963837642 
70.95126477094985 
70.88218184472075 
70.82126096385102 
70.76866290665166 
70.71974566670795 
70.69406291599603 
70.69615718411876 
70.69573761426483 
70.69525506818746 
70.68806634061932 
70.65190634769885 
70.6078085731642 
70.58800586384089 
70.56364165356916 
70.54100356445859 
70.55334371276149 
70.54131286790619 
70.51523324735442 
70.50281308010923 
70.4879230393892 
70.47090895402573 
70.45574474336316 
70.47373330397741 
70.46349127434968 
70.44341905161875 
70.434644386402 
70.43022626076524 
70.42121651113803 
70.40822721243036 
70.40964375305862 
70.40927491016276 
70.4066546757924 
70.41549698426266 
70.39195215761984 
70.39196183521764 
70.39205812577183 
70.3923168754107 
70.39275653726415 
70.38557388912349 
70.37390148149453 
141.2545577566707 
88.27773934754372 
71.75131632234775 
67.48816232211678 
66.8503691068018 
66.36162928892948 
65.92211956877404 
65.46839147166887 
64.87490129448139 
64.21511344235208 
63.652559741419026 
65.88274567076364 
65.81145041386989 
65.20878019319548 
63.38407061185746 
62.75878652446558 
62.73101542096602 
62.73194052898751 
62.26302623363308 
61.97886276676784 
66.97429269985966 
61.26859228143675 
61.22894926722167 
61.24175030053709 
60.8006836485887 
61.05491800548929 
60.705055154217504 
61.3787224188349 
60.02694282918465 
60.0333661759997 
60.057373783631476 
59.736878131540465 
59.557129945050335 
65.73436929704741 
59.23835989494704 
59.202439423778245 
59.208492399483646 
59.04246477397146 
58.82954556830392 
61.65800313488073 
61.22517765601489 
59.666078721492546 
58.730009507911205 
58.72313211600225 
58.662803217603326 
59.21425183213484 
58.569970187498555 
58.57061208745405 
58.48676850961198 
58.626630780503206 
91.2365112945308 
60.45804818690137 
54.56959729149244 
53.32399059195107 
51.30529173367935 
49.57865315091988 
48.333891962412146 
47.712205765809315 
61.553980449465854 
53.04424875290928 
46.95123316399351 
46.784887516725846 
46.41391135158255 
46.392671338799786 
54.05219718228324 
45.81049950513429 
45.68101339930982 
45.48812858718475 
45.66342317341727 
45.494613075839716 
45.36476742066258 
45.28514329992953 
45.217369222544114 
45.3392478606675 
45.1454430877223 
45.209273181124686 
45.05587304794484 
45.14059786238619 
44.945955192352564 
44.83867861527946 
44.861332541212164 
44.682557522166306 
44.574386574628235 
44.56183141297397 
47.04099486907612 
44.49573277189967 
44.308056262180116 
44.28210684596617 
44.20754924832657 
44.07460617738881 
44.759064146900855 
44.62860557524027 
44.21719311606197 
44.00026800077234 
43.96594144394011 
43.90158097771322 
44.10981253079057 
43.83187634697107 
43.80578532840712 
43.71903343649379 
37.36811144571894 
36.48593940296791 
34.586090059901366 
34.113672931993946 
34.05774678063676 
33.96487367752454 
33.855253279445044 
34.494753019842875 
33.77668591911019 
33.73669265491775 
33.675493005426006 
33.83234674790758 
33.71963393719775 
33.634749490196526 
33.67411134198434 
33.60249597250901 
33.63626868396901 
33.566020650606255 
33.53394082934925 
33.502138033685696 
33.506574294268106 
33.46881180300214 
33.54192370940066 
33.444409804036866 
33.4117288589936 
33.37881316703916 
33.3362025645059 
33.90633321380593 
33.59974869466803 
33.306696982959906 
33.28361046380685 
33.23163626269684 
33.15533136792027 
33.15386924498473 
70.45352002882645 
39.85302317848699 
33.135974389367604 
33.05210890978543 
33.0435838298106 
33.02400423028633 
32.99749266745279 
37.62250724951495 
33.158349344920566 
32.96391059532771 
32.96374543296376 
33.07222533353914 
32.94018784892252 
32.92035872294804 
33.3274396606073 
32.94466091028971 
26.292110580021884 
27.32339891538021 
27.2970325626016 
27.257129992811148 
27.24200797589087 
27.218008767321543 
27.173242151900002 
27.348890502278337 
27.32114429786776 
27.199791044541556 
27.14523778982415 
27.15026962842994 
27.12627143249548 
27.51010698483565 
27.126882554762865 
27.1065867443739 
27.061756433713626 
27.365049083114226 
27.160385171532276 
27.03298988446397 
27.036361797713926 
27.00455259481813 
27.214867393805378 
26.993050016240844 
26.95434536710126 
26.916546259319908 
26.84920448005596 
26.735762624277065 
26.79800324903922 
26.77459675097576 
26.6978475945942 
27.036141321537862 
26.591086955927857 
26.57619344649329 
26.52781992342068 
26.613172702878316 
26.493417649054336 
26.749797575313625 
26.450726206538253 
26.42357407680016 
26.397075303227773 
26.342729969428646 
26.332738543200463 
26.318751075165643 
26.31253146944443 
26.2769446520717 
27.02141399996958 
26.370701157599818 
26.265288464304355 
26.25656159810906 
22.876245900071183 
24.027043162682787 
25.239754845362874 
24.063957324508756 
23.179904277422274 
23.02719570391517 
22.99051131303034 
23.190186399656042 
22.946570362785888 
23.117534800614308 
22.904350164189594 
22.88501581639251 
22.94096298544987 
22.781152160799763 
22.760420641508375 
22.716328712761133 
22.94580367194846 
22.723993004082317 
22.681267067834177 
22.65447605580296 
23.350894157797335 
22.575064512359894 
22.559915195954773 
22.52293462047888 
22.484645083856318 
22.676542140834652 
22.428584528581894 
22.408990139863693 
22.403213225291964 
22.60475933366502 
22.363494485269165 
22.339491530917158 
22.48411457988773 
22.32053300608868 
22.311721182465153 
22.27939960004861 
22.243753938056585 
23.14778909310397 
22.296301671831422 
22.2136446525595 
22.192818754591265 
22.43472405575261 
22.241888747581925 
22.17641043216703 
22.172003748854493 
22.16456060840267 
22.146000090480523 
22.20768473793754 
22.15945220550951 
22.136627682945132 
20.59152111521798 
20.737631304292044 
20.791647834678805 
20.684126797030792 
20.662587110224734 
20.65823570081456 
20.648812184274718 
21.0170278307841 
20.663879398799025 
20.644764749410328 
20.648577297703994 
20.639387674283853 
20.9140531150564 
20.638361783855075 
20.629330673624303 
20.62362792681995 
20.608110235884816 
20.58366087951437 
20.814406160000466 
20.694650122353707 
20.56804218505407 
20.65487373931642 
20.552502350120413 
20.571784046175203 
20.547732253296104 
20.68155566721962 
20.543635072485813 
20.539898023133254 
20.535427927457228 
20.53444356479166 
20.618843417097935 
20.52310856464855 
20.531219577433625 
20.52037179261228 
20.54384772473736 
20.517930844524564 
20.5236215839101 
20.513856471351147 
20.646962819355693 
20.52291729122437 
20.511903141338124 
20.51025455319032 
20.507533782024193 
20.57352695845405 
20.503533477535985 
20.50784343864987 
20.502422101695473 
20.501752660239696 
20.49989055519916 
20.499891811116733 
1877.0094775444313 
1877.0094775444313 
171.24114101520172 
25633.884377028473 
168.9589170302696 
165.6856550866687 
162.92696696827244 
157.62669509289583 
154.4088799727426 
148.6481210627702 
142.09041659164038 
136.92062537131537 
126.70345976557977 
118.90621094460455 
116.72837314040802 
115.58103882581861 
114.73224715126992 
114.06986482529494 
113.35497059921839 
112.53752053900305 
111.58280821364049 
110.45758913868676 
109.13236720531651 
107.65137405633507 
106.09958785564515 
104.75892763308914 
103.96484276835963 
105.20064368884351 
105.20082749542607 
105.19603007606995 
105.15477386538524 
104.79828126548028 
103.46533649917086 
102.82084290471423 
102.39361846651602 
101.9132727931631 
101.42339088078381 
101.04137525350234 
101.4501377118421 
101.4121797308371 
101.14209232922198 
100.67790441877918 
100.51121537598465 
100.23099768452352 
99.87914590392174 
99.5795273739547 
99.67171427094647 
99.66987205673215 
99.65273299047588 
99.5471773874842 
99.47343986320878 
99.1957579043881 
99.08214005314414 
98.98022211185697 
110.60561038666822 
107.80732228590166 
105.4004616326599 
100.53921487763543 
97.89196422215655 
96.47951989110742 
96.20050708873589 
96.0313001157879 
95.94852369024287 
95.90102213400165 
95.85862874943015 
95.8215904850241 
95.78790691196477 
95.75717124059756 
95.72918466642327 
95.70280788221676 
95.67704055555971 
95.65040395503445 
95.62305064611527 
95.59631937589322 
95.56838786633786 
95.53873437358851 
95.50828551423555 
95.47683933020485 
95.44532081192385 
95.41529312551677 
95.38957926690776 
95.37685718417005 
95.3978981987959 
95.3978974544683 
95.39789004312341 
95.39781594923214 
95.39465858623629 
95.37612272573318 
95.34823397376313 
95.34053633512647 
95.33149782500028 
95.32011723901006 
95.3092347670611 
95.30358237624364 
95.31169556512066 
95.29898650879991 
95.28406665641216 
95.27948428310594 
95.27385782572719 
95.26720202239738 
95.26069864127392 
95.2547842928893 
95.24963647261855 
95.24537130985183 
138.96680233006603 
129.48091375643673 
121.56883636962998 
105.57638837979223 
96.4140426024534 
89.01292214958727 
87.25031723304855 
86.96673979295372 
86.84224356304065 
86.79009052507581 
86.74531699932598 
86.70532744114206 
86.66831147949584 
86.63252347860595 
86.59867516228576 
86.56463190280388 
86.5296780034727 
86.49406270759722 
86.45995342416316 
86.42777526323097 
86.39715956501757 
86.37056855410054 
86.36045269653997 
86.4214388967822 
86.42142877864262 
86.42132790385412 
86.42034795680814 
86.41258108417875 
86.36888985500292 
86.33303491764195 
86.31849977620124 
86.30366206624038 
86.30376409701219 
86.30304198526957 
86.32918798140123 
86.28003333832547 
86.27482160706357 
86.26829832303235 
86.26058667968435 
86.25363627694543 
86.24749679376441 
86.24440457996306 
86.25423236539842 
86.25410808939762 
86.25294733169773 
86.24563431303183 
86.23674445000108 
86.23479496539927 
86.231261771428 
86.22716563885862 
178.9545010248508 
150.28658410798562 
129.37175973310212 
114.05759339439106 
90.29592480441684 
80.61443064626978 
76.06132802173565 
74.6696724326508 
74.52322008923107 
74.3780430501232 
74.2411411044918 
74.10857802702952 
73.99062541541697 
73.90286113147384 
73.87411900242242 
74.00243722461781 
74.00133145382763 
73.99066579889217 
73.91096430710687 
73.73125864440115 
73.67984830706516 
73.62324919185863 
73.54858026478666 
73.4717493644191 
73.40220898730952 
73.39694090470414 
74.28119215739528 
74.27266667555449 
74.19746136259562 
73.94482073103748 
73.46337521713673 
73.29784067052393 
73.25785303084226 
73.21422179815578 
73.40821714138829 
73.38785663772583 
73.29650129696195 
73.18142773460293 
73.16113276448584 
73.13725018719188 
73.19020004456965 
73.10986001325614 
73.10978984353264 
73.09165590238374 
73.15800204491165 
73.06547790404485 
73.06553350086293 
73.04540050730672 
73.23154254659633 
73.1088004828878 
171.55864665172533 
128.51754799868985 
104.45119684358798 
91.16463596720229 
81.24740544875235 
78.97375471316815 
77.46238034577449 
75.9292205043528 
74.46221811218419 
74.64806927368373 
74.364414246352 
76.78798714848188 
71.80297324734346 
71.47709663877784 
70.48975658494174 
69.1361533562565 
67.82941058712703 
68.95068052608572 
68.9357194017791 
68.79980023238369 
68.00440851956435 
67.1056613989831 
67.50953131098238 
66.67512165758966 
66.34576694311602 
65.92723490075494 
64.9277641356442 
64.74300589998263 
64.34283207411622 
63.9014402661205 
64.23862434836347 
64.12770585665075 
63.757826711686135 
63.49268486611775 
63.26679948882457 
63.14239091009436 
63.01014349769374 
63.78339920139514 
63.678299514008636 
63.25064524462204 
62.93171996588173 
62.88835419064206 
62.86081222364791 
62.78598203404956 
62.91508183269086 
62.797537021950696 
62.73738685528981 
62.71014652788703 
62.667999325306724 
62.6450228090082 
105.79870023797423 
75.31616698726566 
65.22666628725221 
62.68836784478498 
62.208805225605175 
61.00637082725031 
59.10915178879649 
57.83198094722588 
56.18546221206231 
55.96382159368089 
55.45602204795446 
55.669081069707204 
55.22326664484889 
55.3452346436471 
54.7413712408695 
54.35485503611187 
53.877927346143444 
54.17433580430732 
54.099015680208964 
53.77325360348711 
54.60050508820979 
53.349868636216755 
53.35395204086571 
53.35442185397578 
53.35649889637776 
53.180574749707326 
55.52404750548848 
53.66385209534134 
53.069202687214364 
53.035949586090034 
53.921536185688396 
52.722689377295566 
52.55592572459321 
54.73032424085477 
53.076060164527405 
52.45192954865938 
52.33713763211671 
52.99594846940947 
52.16949286285254 
52.051033501477924 
51.902437908542026 
54.299036028187395 
53.88822351714672 
52.57808486083125 
51.81037855719299 
51.774583647191996 
51.68734125764925 
51.679397519907695 
57.47537939321337 
51.53654559198682 
57.91671293477698 
51.36322651326627 
50.539125814602556 
50.26200469627328 
49.27607269249965 
48.01805266941501 
47.292537932176415 
47.040149082325954 
48.2563144420607 
46.37471967378312 
46.260955935900476 
46.05388272864146 
45.96090148253242 
45.90280589399096 
45.859597583040006 
45.763623497068096 
47.53389097255976 
46.44207094920063 
45.69740438690411 
45.65325401548127 
45.543682462471715 
50.554179506921656 
47.10314568516996 
45.46721627220889 
45.41062572190381 
45.306384424946586 
46.50854456973974 
45.18924953657506 
45.15371216376801 
44.98628547384962 
44.68006223226648 
45.23839746373092 
45.07433655151932 
44.60109718049661 
48.28356026504494 
44.337121853826005 
44.67073671735102 
44.288117807877015 
44.32958683626798 
44.21946879891952 
48.7206095567563 
44.30394854166008 
44.151347521723025 
44.064736421345586 
46.120597065673635 
43.895788156383645 
43.84507265086566 
44.77174206800552 
43.721051457063524 
43.592657998648136 
43.85789220700285 
46.2134026078176 
45.61307610057369 
45.13601163391756 
43.62753268699745 
42.745653014043754 
42.096679178825426 
41.27645300952176 
41.964608748496445 
41.10651657962673 
41.04650916379629 
44.42494179681155 
40.6732557838353 
41.20896547658127 
40.58972757269274 
40.40332605704293 
64.14824526856127 
43.60242119610021 
40.23117918173361 
40.15972106401985 
39.916397957667 
41.82844532317461 
40.216504004554494 
39.78392758222324 
40.22944338558144 
39.66829946549596 
40.03970010500805 
39.53748884847346 
40.00716080307318 
39.40358117511063 
39.30134307274727 
39.19454835707405 
39.12652740960343 
38.933542876016105 
38.808411341698836 
49.135124654084876 
38.86561422067501 
38.51747663041214 
38.47480614829211 
38.351371504564895 
38.7908004459064 
38.37023851955197 
38.28208552175097 
38.24496353992143 
38.175295109980155 
38.137181422986245 
37.96085211993035 
38.10090367915374 
37.82572982739447 
42.67779450992697 
33.19856751562368 
36.428282639539916 
35.148806101786995 
34.50439332303557 
34.265921107974314 
34.173250563540805 
34.370178711348146 
33.989171345581155 
33.95949853986834 
33.83345323571557 
34.969063015902044 
33.8355266987118 
33.78557641445808 
36.019701475286126 
33.82237345585621 
33.75586554383744 
33.72992377481985 
34.68247827400122 
33.609812127066675 
33.5913051284709 
33.5086234449519 
33.33727745603295 
226.68976757089922 
96.26661550539968 
35.692158582523774 
33.250661656178536 
33.23125244107417 
33.14326342199335 
38.303841211290674 
33.71112681382385 
33.10687368413882 
33.08247801885287 
33.02087172025115 
38.723466008196205 
32.91356471672415 
32.80564495347515 
69.03833195785094 
35.5454542326952 
32.76215849465244 
32.72370633257519 
32.60254860883563 
62.76701740045405 
33.25559660039777 
32.55291887264464 
32.514104674065635 
37.36065441906486 
32.33271266625246 
32.711573543683556 
32.282755391020345 
32.26319024260232 
28.114865829903827 
29.4390745037227 
31.837079277914327 
30.213807619932954 
28.991647794306846 
28.926968446990802 
28.88934212785819 
30.20498975560027 
28.90864938559951 
28.864353828517572 
28.85149173317963 
28.815645285078023 
31.686738570009172 
28.78123109521856 
28.84149110677887 
28.767156657950633 
29.26804590798525 
28.7600889436886 
28.74694327312494 
28.735653771855468 
28.707527094704627 
29.64899484464427 
28.674838978068635 
28.66637083121253 
28.62505968322576 
40.83345539050856 
29.192826357531967 
28.60936747152173 
28.600097718997624 
28.54084107063054 
505.7021722297957 
36.06281691153696 
28.528585943444178 
28.507915855450534 
28.501452086719794 
28.4481847815238 
33.0168788781958 
28.563075404183625 
28.434140728208547 
29.844815473426465 
28.42226174364984 
28.409018395104 
28.395819678039103 
28.357838830458007 
32.55135061639513 
28.32176859835443 
28.312813208497545 
28.261063989505395 
28.213916065399502 
1049.71225281346 
2002.9021614378503 
2002.9021614378503 
171.8336523821501 
25983.547752157938 
171.26362997642565 
169.81740359294986 
166.06319313133446 
163.0673299318309 
157.34314804782315 
153.50515177669672 
144.67224931908606 
135.0229024023987 
128.95058589893785 
121.99882252767794 
117.5475752336518 
116.51949201879142 
115.70457643600044 
114.9200401836007 
114.02632860534894 
112.9823733107655 
111.75193024485895 
110.30949700518164 
108.69375920765876 
107.01902532895856 
105.48673691967292 
104.36501581522701 
103.99389683007871 
106.88915932364692 
106.88545638881571 
106.84872658868744 
106.5104808103468 
104.6376661357194 
103.18052905479875 
102.9834853212206 
102.6206526787979 
102.15614522830714 
101.68631708101077 
101.30366797382499 
101.26648612249559 
102.27720758013155 
101.46003346646236 
100.77589028604754 
100.65306968941869 
100.48906943122884 
100.30131882130036 
100.14413702655625 
100.02186584048265 
99.93197272914497 
99.86344233840326 
99.8085896454278 
99.76364952104463 
99.72445793227702 
99.68893786156828 
99.65515048992518 
111.25883183608195 
110.06033469841131 
106.84985874004671 
104.20844289196833 
99.19188417482958 
97.44179615375555 
97.12762523073258 
96.88063546540985 
96.66356806386995 
96.59193597184083 
96.54036923474806 
96.4987285801532 
96.46213741083542 
96.42995771816567 
96.40100952085128 
96.37476367182504 
96.35142483042596 
96.33082845596161 
96.31192055984432 
96.29340544502764 
96.2749039647147 
96.25585607397343 
96.23633602296898 
96.21682985692507 
96.19755667256534 
96.17869769913281 
96.16110635782064 
96.14559416664889 
96.13424049578592 
96.1376298655035 
96.13761881065837 
96.13750844447009 
96.13642530460348 
96.13170337921798 
96.1146516788819 
96.10699482408728 
96.09945025239767 
96.09021010414085 
96.08156325175763 
96.07436767479865 
96.06881744142933 
96.06527846094713 
96.0652980493581 
96.06483863142822 
96.06465135098816 
96.05275445381642 
96.05044660529856 
96.04786174517491 
96.04468455347485 
96.0414356055808 
140.13895464565405 
135.89459704910928 
131.9636976138276 
121.67808915438738 
113.53182220839636 
97.78824123355861 
91.31612783577721 
88.48110602802032 
87.63442275430474 
87.55103230091854 
87.48518252032059 
87.43329069012393 
87.38770274416657 
87.34436350882783 
87.30192339313766 
87.2627019162627 
87.22713117901614 
87.1936111654133 
87.16099607546235 
87.13013203769958 
87.10121366384234 
87.07522737768798 
87.05239459626104 
87.03745941267732 
87.07910073958578 
87.07911246600912 
87.07877789102943 
87.07606759973945 
87.05672406790246 
87.0212635510079 
87.01368178766555 
87.00251687797547 
86.99204986004732 
86.99778690062159 
86.98000436735302 
86.9718808314122 
86.97092879158338 
87.01522232066695 
86.95641455777441 
86.95069092903697 
86.9442400468351 
86.93632648645692 
86.92938307116512 
86.9257334457991 
86.93429965224685 
86.93285569398164 
86.92495390997294 
86.91545083254918 
86.91312463883331 
86.91008458396105 
181.42427909918524 
167.85232466406953 
156.0126172865656 
128.5956001671852 
110.29384852709276 
85.2058314803836 
78.07485099458142 
76.5581819905417 
75.97178027388708 
75.75417263135542 
75.5524604571205 
75.37520798635234 
75.25033146012782 
75.13886617683903 
74.99622916827435 
74.93639775472819 
74.85600665756712 
74.75096630028742 
74.63961395725602 
74.53254106993394 
74.46584622282703 
74.79056163306785 
74.78974495600768 
74.7817667661954 
74.71424935633289 
74.4569431019698 
74.31837860371698 
74.29117455660048 
74.23938080199825 
74.17112833637182 
74.12661692207648 
74.56555903858111 
74.35170071105051 
74.07975262442383 
74.05266898106606 
74.0207113369142 
74.03524070968017 
74.00957143619189 
74.02159449736389 
73.9581098139762 
73.9586007100565 
73.95953123654641 
73.92876963347598 
73.89393492427826 
74.16384981825637 
73.94359286637648 
73.86438549452102 
73.86477348026288 
73.83941722527184 
73.90254146827591 
175.55660398437914 
153.04680376200355 
135.56625589396134 
121.93589881674356 
98.27483891527083 
87.64917315350235 
81.98534320936461 
80.12893564753938 
78.12939511746036 
75.63905099176509 
73.36908746752931 
72.0099518702941 
84.74097408294477 
82.76793929645612 
75.92278853952473 
70.65916618426567 
70.27239550168014 
69.46635390140958 
69.50757017070899 
69.10600977858601 
69.11979669910903 
68.05514820656828 
67.457946590995 
66.70245501878145 
68.20145998884739 
68.006600435286 
67.0279848842819 
66.23195045409955 
66.31619107136194 
65.93651573826202 
65.98448848180458 
65.56281846674113 
65.33451930434249 
65.1056778899374 
64.54370451983814 
64.45128011201982 
64.29140642721366 
64.11573998384594 
64.53920630772507 
64.47729921897766 
64.2186994992226 
64.02019549962525 
63.96801702255354 
63.93043336543516 
63.85208770341147 
64.3621157863717 
64.04147922252369 
63.79006514539961 
63.745899848444814 
63.68191531700385 
109.27236472342237 
90.33674044575577 
78.66838501003907 
71.7028584581293 
65.91915265859794 
64.83513692544179 
63.5365128692513 
61.14727418610105 
58.94457651698644 
58.20756814843526 
63.04031737071641 
58.47964701974379 
57.70791515114196 
57.37275253961609 
61.262681729016144 
58.83818612336831 
57.158611619923335 
57.03476694875765 
56.888778142257614 
58.19792761019148 
56.490081676817454 
56.49427244606896 
56.496201483931436 
56.17446916305599 
55.68243137440343 
56.161100245194646 
56.04343527240259 
55.57025561810357 
58.066609283802826 
55.108405089476555 
55.11450564455322 
55.12655918635891 
54.97303612300003 
65.53089171515269 
56.446856730996586 
54.85136021818133 
54.67332483341486 
68.82456714379958 
56.886798145160824 
54.495742031652014 
54.30958547281316 
59.03069133032045 
55.33564383702438 
54.175047923176386 
54.19279234924305 
54.10009259484884 
55.03212108513174 
54.06250328732636 
53.96316660956134 
53.91326425204528 
72.46951566776318 
63.871546804295576 
60.74559045974771 
60.080340468008 
59.66887717964619 
57.5558678667334 
55.23227259300455 
54.300856660940624 
53.792929700410255 
53.356783497765 
53.09855215353032 
53.466753830507756 
52.480193443092105 
53.70159276812737 
52.34074128473959 
52.216259612962155 
52.114890957564455 
51.91790284328407 
54.963880339651894 
51.6619384473309 
51.60068121058987 
51.29224470419342 
50.756975729044996 
67.38222402656713 
63.836052916750084 
53.710124949911005 
50.476746413981395 
50.375630197404774 
50.30127254139202 
49.96662664210678 
75.37164205277047 
53.40170087594866 
49.79088920107378 
49.686528963861434 
49.80187375498867 
49.503807067217465 
66.05296472614648 
50.3153780100985 
49.358595762768715 
48.959975749382636 
67.47646565303333 
51.44689544557829 
48.700646380844994 
48.325862524241344 
62.704306056076874 
51.37356750921531 
48.043175069852296 
47.92947363346144 
47.53939123577227 
47.34496835383653 
50.580361373387596 
52.1111932750905 
51.69187620362514 
51.41993287743709 
50.86835181275509 
49.767184401840154 
48.182952262701605 
51.16708245757787 
46.89495504937629 
46.67777777677209 
46.04678471905062 
117.14775595538521 
51.89963279021826 
45.69450330051091 
45.28349886792229 
111.01282661653343 
49.69989327957066 
44.88710201029461 
44.36913810612223 
50.631786612515135 
45.301310234112535 
44.07361088775169 
44.48268343783859 
43.83378931282479 
44.13789300644754 
43.57853540576932 
45.320867654091444 
43.40340062157927 
43.18282314019547 
43.05004540421443 
42.814141729353494 
43.444441692109216 
42.89774320878611 
42.67329833265165 
42.603024648772234 
42.491998483554354 
42.43594646846822 
42.21923105868371 
42.24441229001098 
42.080863742566244 
43.64804133052257 
41.87978175715513 
41.826905251125 
41.624128117811665 
41.98050756742392 
41.52102710440306 
43.12874674924209 
41.310848206972395 
41.262737161214986 
41.075766647287296 
35.843609628833 
39.012290375513025 
38.43758109968832 
38.28170676653508 
38.088443536525766 
37.69063654148106 
37.52706916929374 
37.16283891335085 
37.92740299825921 
36.97942975892029 
36.9321832384311 
40.998851684579705 
36.757146355795115 
37.60134097624083 
36.706056040201496 
36.61554331875857 
37.54843153756999 
36.53567084276346 
36.51017208568597 
36.403198776673655 
45.23901628095304 
37.3145265561277 
36.34821300783557 
36.319558183821485 
36.17223235905355 
64.79600100723157 
37.906816384623426 
36.11310629008748 
36.07701471706646 
36.01763315144605 
40.075562766067044 
35.85365581554161 
35.82609116120837 
35.6973206538966 
35.85552436436135 
35.56019662343252 
2923.634281372814 
48.75707870039116 
35.53401754741991 
35.42405265717548 
35.395521233747615 
35.26056819481863 
48.44725513638953 
35.62384627933202 
35.22170032352232 
36.12551656885434 
35.181040166253595 
35.165625044103194 
35.10291869717268 
35.07594665359064 
30.11994106749772 
32.03134863504719 
31.776301838397156 
31.735878214450544 
31.691831209858037 
31.653440966647583 
31.613425474937443 
31.592968631148885 
31.53025679921616 
31.40613348811872 
53.408409417060184 
43.584216206518754 
32.79780314663978 
31.33856386392854 
31.318069723597965 
31.281155434878436 
39.47284085689695 
31.792230091999482 
31.251206410736152 
31.235750215003467 
31.14071521565289 
30.992731076443185 
803.9563001934637 
32.916766238438285 
30.811203551401004 
32.08029653806643 
30.774180564617453 
30.798631359816305 
30.738677283620106 
31.407478039846975 
30.7035118518545 
30.683792193228626 
30.64121360072464 
30.617248680522124 
30.50905603352026 
47.23130324370806 
31.188794689986963 
30.470193121156775 
30.44018241211049 
30.406922999475153 
40.127146315053736 
30.243302414751206 
31.522529439447247 
30.196863985919542 
30.043103045483004 
55.36047132784426 
30.891136333484965 
29.99692388703795 
29.962024890556467 
29.93409191249281 
2030.2230902368935 
2030.2230902368935 
170.38167319432202 
25633.884377028473 
168.9589170302696 
165.6856550866687 
162.92696696827244 
157.62669509289583 
154.4088799727426 
148.6481210627702 
142.09041659164038 
136.92062537131537 
126.70345976557977 
118.90621094460455 
116.72837314040802 
115.58103882581861 
114.73224715126992 
114.06986482529494 
113.35497059921839 
112.53752053900305 
111.58280821364049 
110.45758913868676 
109.13236720531651 
107.65137405633507 
106.09958785564515 
104.75892763308914 
103.96484276835963 
105.20064368884351 
105.20082749542607 
105.19603007606995 
105.15477386538524 
104.79828126548028 
103.46533649917086 
102.82084290471423 
102.39361846651602 
101.9132727931631 
101.42339088078381 
101.04137525350234 
101.4501377118421 
101.4121797308371 
101.14209232922198 
100.67790441877918 
100.51121537598465 
100.23099768452352 
99.87914590392174 
99.5795273739547 
99.67171427094647 
99.66987205673215 
99.65273299047588 
99.5471773874842 
99.47343986320878 
99.1957579043881 
99.08214005314414 
98.98022211185697 
110.60561038666822 
107.80732228590166 
105.4004616326599 
100.53921487763543 
97.89196422215655 
96.47951989110742 
96.20050708873589 
96.0313001157879 
95.94852369024287 
95.90102213400165 
95.85862874943015 
95.8215904850241 
95.78790691196477 
95.75717124059756 
95.72918466642327 
95.70280788221676 
95.67704055555971 
95.65040395503445 
95.62305064611527 
95.59631937589322 
95.56838786633786 
95.53873437358851 
95.50828551423555 
95.47683933020485 
95.44532081192385 
95.41529312551677 
95.38957926690776 
95.37685718417005 
95.3978981987959 
95.3978974544683 
95.39789004312341 
95.39781594923214 
95.39465858623629 
95.37612272573318 
95.34823397376313 
95.34053633512647 
95.33149782500028 
95.32011723901006 
95.3092347670611 
95.30358237624364 
95.31169556512066 
95.29898650879991 
95.28406665641216 
95.27948428310594 
95.27385782572719 
95.26720202239738 
95.26069864127392 
95.2547842928893 
95.24963647261855 
95.24537130985183 
138.96680233006603 
129.48091375643673 
121.56883636962998 
105.57638837979223 
96.4140426024534 
89.01292214958727 
87.25031723304855 
86.96673979295372 
86.84224356304065 
86.79009052507581 
86.74531699932598 
86.70532744114206 
86.66831147949584 
86.63252347860595 
86.59867516228576 
86.56463190280388 
86.5296780034727 
86.49406270759722 
86.45995342416316 
86.42777526323097 
86.39715956501757 
86.37056855410054 
86.36045269653997 
86.4214388967822 
86.42142877864262 
86.42132790385412 
86.42034795680814 
86.41258108417875 
86.36888985500292 
86.33303491764195 
86.31849977620124 
86.30366206624038 
86.30376409701219 
86.30304198526957 
86.32918798140123 
86.28003333832547 
86.27482160706357 
86.26829832303235 
86.26058667968435 
86.25363627694543 
86.24749679376441 
86.24440457996306 
86.25423236539842 
86.25410808939762 
86.25294733169773 
86.24563431303183 
86.23674445000108 
86.23479496539927 
86.231261771428 
86.22716563885862 
178.9545010248508 
150.28658410798562 
129.37175973310212 
114.05759339439106 
90.29592480441684 
80.61443064626978 
76.06132802173565 
74.6696724326508 
74.52322008923107 
74.3780430501232 
74.2411411044918 
74.10857802702952 
73.99062541541697 
73.90286113147384 
73.87411900242242 
74.00243722461781 
74.00133145382763 
73.99066579889217 
73.91096430710687 
73.73125864440115 
73.67984830706516 
73.62324919185863 
73.54858026478666 
73.4717493644191 
73.40220898730952 
73.39694090470414 
74.28119215739528 
74.27266667555449 
74.19746136259562 
73.94482073103748 
73.46337521713673 
73.29784067052393 
73.25785303084226 
73.21422179815578 
73.40821714138829 
73.38785663772583 
73.29650129696195 
73.18142773460293 
73.16113276448584 
73.13725018719188 
73.19020004456965 
73.10986001325614 
73.10978984353264 
73.09165590238374 
73.15800204491165 
73.06547790404485 
73.06553350086293 
73.04540050730672 
73.23154254659633 
73.1088004828878 
171.55864665172533 
128.51754799868985 
104.45119684358798 
91.16463596720229 
81.24740544875235 
78.97375471316815 
77.46238034577449 
75.9292205043528 
74.46221811218419 
74.64806927368373 
74.364414246352 
76.78798714848188 
71.80297324734346 
71.47709663877784 
70.48975658494174 
69.1361533562565 
67.82941058712703 
68.95068052608572 
68.9357194017791 
68.79980023238369 
68.00440851956435 
67.1056613989831 
67.50953131098238 
66.67512165758966 
66.34576694311602 
65.92723490075494 
64.9277641356442 
64.74300589998263 
64.34283207411622 
63.9014402661205 
64.23862434836347 
64.12770585665075 
63.757826711686135 
63.49268486611775 
63.26679948882457 
63.14239091009436 
63.01014349769374 
63.78339920139514 
63.678299514008636 
63.25064524462204 
62.93171996588173 
62.88835419064206 
62.86081222364791 
62.78598203404956 
62.91508183269086 
62.797537021950696 
62.73738685528981 
62.71014652788703 
62.667999325306724 
62.6450228090082 
105.79870023797423 
75.31616698726566 
65.22666628725221 
62.68836784478498 
62.208805225605175 
61.00637082725031 
59.10915178879649 
57.83198094722588 
56.18546221206231 
55.96382159368089 
55.45602204795446 
55.669081069707204 
55.22326664484889 
55.3452346436471 
54.7413712408695 
54.35485503611187 
53.877927346143444 
54.17433580430732 
54.099015680208964 
53.77325360348711 
54.60050508820979 
53.349868636216755 
53.35395204086571 
53.35442185397578 
53.35649889637776 
53.180574749707326 
55.52404750548848 
53.66385209534134 
53.069202687214364 
53.035949586090034 
53.921536185688396 
52.722689377295566 
52.55592572459321 
54.73032424085477 
53.076060164527405 
52.45192954865938 
52.33713763211671 
52.99594846940947 
52.16949286285254 
52.051033501477924 
51.902437908542026 
54.299036028187395 
53.88822351714672 
52.57808486083125 
51.81037855719299 
51.774583647191996 
51.68734125764925 
51.679397519907695 
57.47537939321337 
51.53654559198682 
57.91671293477698 
51.36322651326627 
50.539125814602556 
50.26200469627328 
49.27607269249965 
48.01805266941501 
47.292537932176415 
47.040149082325954 
48.2563144420607 
46.37471967378312 
46.260955935900476 
46.05388272864146 
45.96090148253242 
45.90280589399096 
45.859597583040006 
45.763623497068096 
47.53389097255976 
46.44207094920063 
45.69740438690411 
45.65325401548127 
45.543682462471715 
50.554179506921656 
47.10314568516996 
45.46721627220889 
45.41062572190381 
45.306384424946586 
46.50854456973974 
45.18924953657506 
45.15371216376801 
44.98628547384962 
44.68006223226648 
45.23839746373092 
45.07433655151932 
44.60109718049661 
48.28356026504494 
44.337121853826005 
44.67073671735102 
44.288117807877015 
44.32958683626798 
44.21946879891952 
48.7206095567563 
44.30394854166008 
44.151347521723025 
44.064736421345586 
46.120597065673635 
43.895788156383645 
43.84507265086566 
44.77174206800552 
43.721051457063524 
43.592657998648136 
43.85789220700285 
46.2134026078176 
45.61307610057369 
45.13601163391756 
43.62753268699745 
42.745653014043754 
42.096679178825426 
41.27645300952176 
41.964608748496445 
41.10651657962673 
41.04650916379629 
44.42494179681155 
40.6732557838353 
41.20896547658127 
40.58972757269274 
40.40332605704293 
64.14824526856127 
43.60242119610021 
40.23117918173361 
40.15972106401985 
39.916397957667 
41.82844532317461 
40.216504004554494 
39.78392758222324 
40.22944338558144 
39.66829946549596 
40.03970010500805 
39.53748884847346 
40.00716080307318 
39.40358117511063 
39.30134307274727 
39.19454835707405 
39.12652740960343 
38.933542876016105 
38.808411341698836 
49.135124654084876 
38.86561422067501 
38.51747663041214 
38.47480614829211 
38.351371504564895 
38.7908004459064 
38.37023851955197 
38.28208552175097 
38.24496353992143 
38.175295109980155 
38.137181422986245 
37.96085211993035 
38.10090367915374 
37.82572982739447 
42.67779450992697 
33.19856751562368 
36.428282639539916 
35.148806101786995 
34.50439332303557 
34.265921107974314 
34.173250563540805 
34.370178711348146 
33.989171345581155 
33.95949853986834 
33.83345323571557 
34.969063015902044 
33.8355266987118 
33.78557641445808 
36.019701475286126 
33.82237345585621 
33.75586554383744 
33.72992377481985 
34.68247827400122 
33.609812127066675 
33.5913051284709 
33.5086234449519 
33.33727745603295 
226.68976757089922 
96.26661550539968 
35.692158582523774 
33.250661656178536 
33.23125244107417 
33.14326342199335 
38.303841211290674 
33.71112681382385 
33.10687368413882 
33.08247801885287 
33.02087172025115 
38.723466008196205 
32.91356471672415 
32.80564495347515 
69.03833195785094 
35.5454542326952 
32.76215849465244 
32.72370633257519 
32.60254860883563 
62.76701740045405 
33.25559660039777 
32.55291887264464 
32.514104674065635 
37.36065441906486 
32.33271266625246 
32.711573543683556 
32.282755391020345 
32.26319024260232 
28.114865829903827 
29.4390745037227 
31.837079277914327 
30.213807619932954 
28.991647794306846 
28.926968446990802 
28.88934212785819 
30.20498975560027 
28.90864938559951 
28.864353828517572 
28.85149173317963 
28.815645285078023 
31.686738570009172 
28.78123109521856 
28.84149110677887 
28.767156657950633 
29.26804590798525 
28.7600889436886 
28.74694327312494 
28.735653771855468 
28.707527094704627 
29.64899484464427 
28.674838978068635 
28.66637083121253 
28.62505968322576 
40.83345539050856 
29.192826357531967 
28.60936747152173 
28.600097718997624 
28.54084107063054 
505.7021722297957 
36.06281691153696 
28.528585943444178 
28.507915855450534 
28.501452086719794 
28.4481847815238 
33.0168788781958 
28.563075404183625 
28.434140728208547 
29.844815473426465 
28.42226174364984 
28.409018395104 
28.395819678039103 
28.357838830458007 
32.55135061639513 
28.32176859835443 
28.312813208497545 
28.261063989505395 
28.213916065399502 
1049.71225281346 
2002.9021614378503 
2002.9021614378503 
170.8166405088875 
25983.547752157938 
171.26362997642565 
169.81740359294986 
166.06319313133446 
163.0673299318309 
157.34314804782315 
153.50515177669672 
144.67224931908606 
135.0229024023987 
128.95058589893785 
121.99882252767794 
117.5475752336518 
116.51949201879142 
115.70457643600044 
114.9200401836007 
114.02632860534894 
112.9823733107655 
111.75193024485895 
110.30949700518164 
108.69375920765876 
107.01902532895856 
105.48673691967292 
104.36501581522701 
103.99389683007871 
106.88915932364692 
106.88545638881571 
106.84872658868744 
106.5104808103468 
104.6376661357194 
103.18052905479875 
102.9834853212206 
102.6206526787979 
102.15614522830714 
101.68631708101077 
101.30366797382499 
101.26648612249559 
102.27720758013155 
101.46003346646236 
100.77589028604754 
100.65306968941869 
100.48906943122884 
100.30131882130036 
100.14413702655625 
100.02186584048265 
99.93197272914497 
99.86344233840326 
99.8085896454278 
99.76364952104463 
99.72445793227702 
99.68893786156828 
99.65515048992518 
111.25883183608195 
110.06033469841131 
106.84985874004671 
104.20844289196833 
99.19188417482958 
97.44179615375555 
97.12762523073258 
96.88063546540985 
96.66356806386995 
96.59193597184083 
96.54036923474806 
96.4987285801532 
96.46213741083542 
96.42995771816567 
96.40100952085128 
96.37476367182504 
96.35142483042596 
96.33082845596161 
96.31192055984432 
96.29340544502764 
96.2749039647147 
96.25585607397343 
96.23633602296898 
96.21682985692507 
96.19755667256534 
96.17869769913281 
96.16110635782064 
96.14559416664889 
96.13424049578592 
96.1376298655035 
96.13761881065837 
96.13750844447009 
96.13642530460348 
96.13170337921798 
96.1146516788819 
96.10699482408728 
96.09945025239767 
96.09021010414085 
96.08156325175763 
96.07436767479865 
96.06881744142933 
96.06527846094713 
96.0652980493581 
96.06483863142822 
96.06465135098816 
96.05275445381642 
96.05044660529856 
96.04786174517491 
96.04468455347485 
96.0414356055808 
140.13895464565405 
135.89459704910928 
131.9636976138276 
121.67808915438738 
113.53182220839636 
97.78824123355861 
91.31612783577721 
88.48110602802032 
87.63442275430474 
87.55103230091854 
87.48518252032059 
87.43329069012393 
87.38770274416657 
87.34436350882783 
87.30192339313766 
87.2627019162627 
87.22713117901614 
87.1936111654133 
87.16099607546235 
87.13013203769958 
87.10121366384234 
87.07522737768798 
87.05239459626104 
87.03745941267732 
87.07910073958578 
87.07911246600912 
87.07877789102943 
87.07606759973945 
87.05672406790246 
87.0212635510079 
87.01368178766555 
87.00251687797547 
86.99204986004732 
86.99778690062159 
86.98000436735302 
86.9718808314122 
86.97092879158338 
87.01522232066695 
86.95641455777441 
86.95069092903697 
86.9442400468351 
86.93632648645692 
86.92938307116512 
86.9257334457991 
86.93429965224685 
86.93285569398164 
86.92495390997294 
86.91545083254918 
86.91312463883331 
86.91008458396105 
181.42427909918524 
167.85232466406953 
156.0126172865656 
128.5956001671852 
110.29384852709276 
85.2058314803836 
78.07485099458142 
76.5581819905417 
75.97178027388708 
75.75417263135542 
75.5524604571205 
75.37520798635234 
75.25033146012782 
75.13886617683903 
74.99622916827435 
74.93639775472819 
74.85600665756712 
74.75096630028742 
74.63961395725602 
74.53254106993394 
74.46584622282703 
74.79056163306785 
74.78974495600768 
74.7817667661954 
74.71424935633289 
74.4569431019698 
74.31837860371698 
74.29117455660048 
74.23938080199825 
74.17112833637182 
74.12661692207648 
74.56555903858111 
74.35170071105051 
74.07975262442383 
74.05266898106606 
74.0207113369142 
74.03524070968017 
74.00957143619189 
74.02159449736389 
73.9581098139762 
73.9586007100565 
73.95953123654641 
73.92876963347598 
73.89393492427826 
74.16384981825637 
73.94359286637648 
73.86438549452102 
73.86477348026288 
73.83941722527184 
73.90254146827591 
175.55660398437914 
153.04680376200355 
135.56625589396134 
121.93589881674356 
98.27483891527083 
87.64917315350235 
81.98534320936461 
80.12893564753938 
78.12939511746036 
75.63905099176509 
73.36908746752931 
72.0099518702941 
84.74097408294477 
82.76793929645612 
75.92278853952473 
70.65916618426567 
70.27239550168014 
69.46635390140958 
69.50757017070899 
69.10600977858601 
69.11979669910903 
68.05514820656828 
67.457946590995 
66.70245501878145 
68.20145998884739 
68.006600435286 
67.0279848842819 
66.23195045409955 
66.31619107136194 
65.93651573826202 
65.98448848180458 
65.56281846674113 
65.33451930434249 
65.1056778899374 
64.54370451983814 
64.45128011201982 
64.29140642721366 
64.11573998384594 
64.53920630772507 
64.47729921897766 
64.2186994992226 
64.02019549962525 
63.96801702255354 
63.93043336543516 
63.85208770341147 
64.3621157863717 
64.04147922252369 
63.79006514539961 
63.745899848444814 
63.68191531700385 
109.27236472342237 
90.33674044575577 
78.66838501003907 
71.7028584581293 
65.91915265859794 
64.83513692544179 
63.5365128692513 
61.14727418610105 
58.94457651698644 
58.20756814843526 
63.04031737071641 
58.47964701974379 
57.70791515114196 
57.37275253961609 
61.262681729016144 
58.83818612336831 
57.158611619923335 
57.03476694875765 
56.888778142257614 
58.19792761019148 
56.490081676817454 
56.49427244606896 
56.496201483931436 
56.17446916305599 
55.68243137440343 
56.161100245194646 
56.04343527240259 
55.57025561810357 
58.066609283802826 
55.108405089476555 
55.11450564455322 
55.12655918635891 
54.97303612300003 
65.53089171515269 
56.446856730996586 
54.85136021818133 
54.67332483341486 
68.82456714379958 
56.886798145160824 
54.495742031652014 
54.30958547281316 
59.03069133032045 
55.33564383702438 
54.175047923176386 
54.19279234924305 
54.10009259484884 
55.03212108513174 
54.06250328732636 
53.96316660956134 
53.91326425204528 
72.46951566776318 
63.871546804295576 
60.74559045974771 
60.080340468008 
59.66887717964619 
57.5558678667334 
55.23227259300455 
54.300856660940624 
53.792929700410255 
53.356783497765 
53.09855215353032 
53.466753830507756 
52.480193443092105 
53.70159276812737 
52.34074128473959 
52.216259612962155 
52.114890957564455 
51.91790284328407 
54.963880339651894 
51.6619384473309 
51.60068121058987 
51.29224470419342 
50.756975729044996 
67.38222402656713 
63.836052916750084 
53.710124949911005 
50.476746413981395 
50.375630197404774 
50.30127254139202 
49.96662664210678 
75.37164205277047 
53.40170087594866 
49.79088920107378 
49.686528963861434 
49.80187375498867 
49.503807067217465 
66.05296472614648 
50.3153780100985 
49.358595762768715 
48.959975749382636 
67.47646565303333 
51.44689544557829 
48.700646380844994 
48.325862524241344 
62.704306056076874 
51.37356750921531 
48.043175069852296 
47.92947363346144 
47.53939123577227 
47.34496835383653 
50.580361373387596 
52.1111932750905 
51.69187620362514 
51.41993287743709 
50.86835181275509 
49.767184401840154 
48.182952262701605 
51.16708245757787 
46.89495504937629 
46.67777777677209 
46.04678471905062 
117.14775595538521 
51.89963279021826 
45.69450330051091 
45.28349886792229 
111.01282661653343 
49.69989327957066 
44.88710201029461 
44.36913810612223 
50.631786612515135 
45.301310234112535 
44.07361088775169 
44.48268343783859 
43.83378931282479 
44.13789300644754 
43.57853540576932 
45.320867654091444 
43.40340062157927 
43.18282314019547 
43.05004540421443 
42.814141729353494 
43.444441692109216 
42.89774320878611 
42.67329833265165 
42.603024648772234 
42.491998483554354 
42.43594646846822 
42.21923105868371 
42.24441229001098 
42.080863742566244 
43.64804133052257 
41.87978175715513 
41.826905251125 
41.624128117811665 
41.98050756742392 
41.52102710440306 
43.12874674924209 
41.310848206972395 
41.262737161214986 
41.075766647287296 
35.843609628833 
39.012290375513025 
38.43758109968832 
38.28170676653508 
38.088443536525766 
37.69063654148106 
37.52706916929374 
37.16283891335085 
37.92740299825921 
36.97942975892029 
36.9321832384311 
40.998851684579705 
36.757146355795115 
37.60134097624083 
36.706056040201496 
36.61554331875857 
37.54843153756999 
36.53567084276346 
36.51017208568597 
36.403198776673655 
45.23901628095304 
37.3145265561277 
36.34821300783557 
36.319558183821485 
36.17223235905355 
64.79600100723157 
37.906816384623426 
36.11310629008748 
36.07701471706646 
36.01763315144605 
40.075562766067044 
35.85365581554161 
35.82609116120837 
35.6973206538966 
35.85552436436135 
35.56019662343252 
2923.634281372814 
48.75707870039116 
35.53401754741991 
35.42405265717548 
35.395521233747615 
35.26056819481863 
48.44725513638953 
35.62384627933202 
35.22170032352232 
36.12551656885434 
35.181040166253595 
35.165625044103194 
35.10291869717268 
35.07594665359064 
30.11994106749772 
32.03134863504719 
31.776301838397156 
31.735878214450544 
31.691831209858037 
31.653440966647583 
31.613425474937443 
31.592968631148885 
31.53025679921616 
31.40613348811872 
53.408409417060184 
43.584216206518754 
32.79780314663978 
31.33856386392854 
31.318069723597965 
31.281155434878436 
39.47284085689695 
31.792230091999482 
31.251206410736152 
31.235750215003467 
31.14071521565289 
30.992731076443185 
803.9563001934637 
32.916766238438285 
30.811203551401004 
32.08029653806643 
30.774180564617453 
30.798631359816305 
30.738677283620106 
31.407478039846975 
30.7035118518545 
30.683792193228626 
30.64121360072464 
30.617248680522124 
30.50905603352026 
47.23130324370806 
31.188794689986963 
30.470193121156775 
30.44018241211049 
30.406922999475153 
40.127146315053736 
30.243302414751206 
31.522529439447247 
30.196863985919542 
30.043103045483004 
55.36047132784426 
30.891136333484965 
29.99692388703795 
29.962024890556467 
29.93409191249281 
2030.2230902368935 
2030.2230902368935 
169.33596698443802 
25983.547752157938 
171.26362997642565 
169.81740359294986 
166.06319313133446 
163.0673299318309 
157.34314804782315 
153.50515177669672 
144.67224931908606 
135.0229024023987 
128.95058589893785 
121.99882252767794 
117.5475752336518 
116.51949201879142 
115.70457643600044 
114.9200401836007 
114.02632860534894 
112.9823733107655 
111.75193024485895 
110.30949700518164 
108.69375920765876 
107.01902532895856 
105.48673691967292 
104.36501581522701 
103.99389683007871 
106.88915932364692 
106.88545638881571 
106.84872658868744 
106.5104808103468 
104.6376661357194 
103.18052905479875 
102.9834853212206 
102.6206526787979 
102.15614522830714 
101.68631708101077 
101.30366797382499 
101.26648612249559 
102.27720758013155 
101.46003346646236 
100.77589028604754 
100.65306968941869 
100.48906943122884 
100.30131882130036 
100.14413702655625 
100.02186584048265 
99.93197272914497 
99.86344233840326 
99.8085896454278 
99.76364952104463 
99.72445793227702 
99.68893786156828 
99.65515048992518 
111.25883183608195 
110.06033469841131 
106.84985874004671 
104.20844289196833 
99.19188417482958 
97.44179615375555 
97.12762523073258 
96.88063546540985 
96.66356806386995 
96.59193597184083 
96.54036923474806 
96.4987285801532 
96.46213741083542 
96.42995771816567 
96.40100952085128 
96.37476367182504 
96.35142483042596 
96.33082845596161 
96.31192055984432 
96.29340544502764 
96.2749039647147 
96.25585607397343 
96.23633602296898 
96.21682985692507 
96.19755667256534 
96.17869769913281 
96.16110635782064 
96.14559416664889 
96.13424049578592 
96.1376298655035 
96.13761881065837 
96.13750844447009 
96.13642530460348 
96.13170337921798 
96.1146516788819 
96.10699482408728 
96.09945025239767 
96.09021010414085 
96.08156325175763 
96.07436767479865 
96.06881744142933 
96.06527846094713 
96.0652980493581 
96.06483863142822 
96.06465135098816 
96.05275445381642 
96.05044660529856 
96.04786174517491 
96.04468455347485 
96.0414356055808 
140.13895464565405 
135.89459704910928 
131.9636976138276 
121.67808915438738 
113.53182220839636 
97.78824123355861 
91.31612783577721 
88.48110602802032 
87.63442275430474 
87.55103230091854 
87.48518252032059 
87.43329069012393 
87.38770274416657 
87.34436350882783 
87.30192339313766 
87.2627019162627 
87.22713117901614 
87.1936111654133 
87.16099607546235 
87.13013203769958 
87.10121366384234 
87.07522737768798 
87.05239459626104 
87.03745941267732 
87.07910073958578 
87.07911246600912 
87.07877789102943 
87.07606759973945 
87.05672406790246 
87.0212635510079 
87.01368178766555 
87.00251687797547 
86.99204986004732 
86.99778690062159 
86.98000436735302 
86.9718808314122 
86.97092879158338 
87.01522232066695 
86.95641455777441 
86.95069092903697 
86.9442400468351 
86.93632648645692 
86.92938307116512 
86.9257334457991 
86.93429965224685 
86.93285569398164 
86.92495390997294 
86.91545083254918 
86.91312463883331 
86.91008458396105 
181.42427909918524 
167.85232466406953 
156.0126172865656 
128.5956001671852 
110.29384852709276 
85.2058314803836 
78.07485099458142 
76.5581819905417 
75.97178027388708 
75.75417263135542 
75.5524604571205 
75.37520798635234 
75.25033146012782 
75.13886617683903 
74.99622916827435 
74.93639775472819 
74.85600665756712 
74.75096630028742 
74.63961395725602 
74.53254106993394 
74.46584622282703 
74.79056163306785 
74.78974495600768 
74.7817667661954 
74.71424935633289 
74.4569431019698 
74.31837860371698 
74.29117455660048 
74.23938080199825 
74.17112833637182 
74.12661692207648 
74.56555903858111 
74.35170071105051 
74.07975262442383 
74.05266898106606 
74.0207113369142 
74.03524070968017 
74.00957143619189 
74.02159449736389 
73.9581098139762 
73.9586007100565 
73.95953123654641 
73.92876963347598 
73.89393492427826 
74.16384981825637 
73.94359286637648 
73.86438549452102 
73.86477348026288 
73.83941722527184 
73.90254146827591 
175.55660398437914 
153.04680376200355 
135.56625589396134 
121.93589881674356 
98.27483891527083 
87.64917315350235 
81.98534320936461 
80.12893564753938 
78.12939511746036 
75.63905099176509 
73.36908746752931 
72.0099518702941 
84.74097408294477 
82.76793929645612 
75.92278853952473 
70.65916618426567 
70.27239550168014 
69.46635390140958 
69.50757017070899 
69.10600977858601 
69.11979669910903 
68.05514820656828 
67.457946590995 
66.70245501878145 
68.20145998884739 
68.006600435286 
67.0279848842819 
66.23195045409955 
66.31619107136194 
65.93651573826202 
65.98448848180458 
65.56281846674113 
65.33451930434249 
65.1056778899374 
64.54370451983814 
64.45128011201982 
64.29140642721366 
64.11573998384594 
64.53920630772507 
64.47729921897766 
64.2186994992226 
64.02019549962525 
63.96801702255354 
63.93043336543516 
63.85208770341147 
64.3621157863717 
64.04147922252369 
63.79006514539961 
63.745899848444814 
63.68191531700385 
109.27236472342237 
90.33674044575577 
78.66838501003907 
71.7028584581293 
65.91915265859794 
64.83513692544179 
63.5365128692513 
61.14727418610105 
58.94457651698644 
58.20756814843526 
63.04031737071641 
58.47964701974379 
57.70791515114196 
57.37275253961609 
61.262681729016144 
58.83818612336831 
57.158611619923335 
57.03476694875765 
56.888778142257614 
58.19792761019148 
56.490081676817454 
56.49427244606896 
56.496201483931436 
56.17446916305599 
55.68243137440343 
56.161100245194646 
56.04343527240259 
55.57025561810357 
58.066609283802826 
55.108405089476555 
55.11450564455322 
55.12655918635891 
54.97303612300003 
65.53089171515269 
56.446856730996586 
54.85136021818133 
54.67332483341486 
68.82456714379958 
56.886798145160824 
54.495742031652014 
54.30958547281316 
59.03069133032045 
55.33564383702438 
54.175047923176386 
54.19279234924305 
54.10009259484884 
55.03212108513174 
54.06250328732636 
53.96316660956134 
53.91326425204528 
72.46951566776318 
63.871546804295576 
60.74559045974771 
60.080340468008 
59.66887717964619 
57.5558678667334 
55.23227259300455 
54.300856660940624 
53.792929700410255 
53.356783497765 
53.09855215353032 
53.466753830507756 
52.480193443092105 
53.70159276812737 
52.34074128473959 
52.216259612962155 
52.114890957564455 
51.91790284328407 
54.963880339651894 
51.6619384473309 
51.60068121058987 
51.29224470419342 
50.756975729044996 
67.38222402656713 
63.836052916750084 
53.710124949911005 
50.476746413981395 
50.375630197404774 
50.30127254139202 
49.96662664210678 
75.37164205277047 
53.40170087594866 
49.79088920107378 
49.686528963861434 
49.80187375498867 
49.503807067217465 
66.05296472614648 
50.3153780100985 
49.358595762768715 
48.959975749382636 
67.47646565303333 
51.44689544557829 
48.700646380844994 
48.325862524241344 
62.704306056076874 
51.37356750921531 
48.043175069852296 
47.92947363346144 
47.53939123577227 
47.34496835383653 
50.580361373387596 
52.1111932750905 
51.69187620362514 
51.41993287743709 
50.86835181275509 
49.767184401840154 
48.182952262701605 
51.16708245757787 
46.89495504937629 
46.67777777677209 
46.04678471905062 
117.14775595538521 
51.89963279021826 
45.69450330051091 
45.28349886792229 
111.01282661653343 
49.69989327957066 
44.88710201029461 
44.36913810612223 
50.631786612515135 
45.301310234112535 
44.07361088775169 
44.48268343783859 
43.83378931282479 
44.13789300644754 
43.57853540576932 
45.320867654091444 
43.40340062157927 
43.18282314019547 
43.05004540421443 
42.814141729353494 
43.444441692109216 
42.89774320878611 
42.67329833265165 
42.603024648772234 
42.491998483554354 
42.43594646846822 
42.21923105868371 
42.24441229001098 
42.080863742566244 
43.64804133052257 
41.87978175715513 
41.826905251125 
41.624128117811665 
41.98050756742392 
41.52102710440306 
43.12874674924209 
41.310848206972395 
41.262737161214986 
41.075766647287296 
35.843609628833 
39.012290375513025 
38.43758109968832 
38.28170676653508 
38.088443536525766 
37.69063654148106 
37.52706916929374 
37.16283891335085 
37.92740299825921 
36.97942975892029 
36.9321832384311 
40.998851684579705 
36.757146355795115 
37.60134097624083 
36.706056040201496 
36.61554331875857 
37.54843153756999 
36.53567084276346 
36.51017208568597 
36.403198776673655 
45.23901628095304 
37.3145265561277 
36.34821300783557 
36.319558183821485 
36.17223235905355 
64.79600100723157 
37.906816384623426 
36.11310629008748 
36.07701471706646 
36.01763315144605 
40.075562766067044 
35.85365581554161 
35.82609116120837 
35.6973206538966 
35.85552436436135 
35.56019662343252 
2923.634281372814 
48.75707870039116 
35.53401754741991 
35.42405265717548 
35.395521233747615 
35.26056819481863 
48.44725513638953 
35.62384627933202 
35.22170032352232 
36.12551656885434 
35.181040166253595 
35.165625044103194 
35.10291869717268 
35.07594665359064 
30.11994106749772 
32.03134863504719 
31.776301838397156 
31.735878214450544 
31.691831209858037 
31.653440966647583 
31.613425474937443 
31.592968631148885 
31.53025679921616 
31.40613348811872 
53.408409417060184 
43.584216206518754 
32.79780314663978 
31.33856386392854 
31.318069723597965 
31.281155434878436 
39.47284085689695 
31.792230091999482 
31.251206410736152 
31.235750215003467 
31.14071521565289 
30.992731076443185 
803.9563001934637 
32.916766238438285 
30.811203551401004 
32.08029653806643 
30.774180564617453 
30.798631359816305 
30.738677283620106 
31.407478039846975 
30.7035118518545 
30.683792193228626 
30.64121360072464 
30.617248680522124 
30.50905603352026 
47.23130324370806 
31.188794689986963 
30.470193121156775 
30.44018241211049 
30.406922999475153 
40.127146315053736 
30.243302414751206 
31.522529439447247 
30.196863985919542 
30.043103045483004 
55.36047132784426 
30.891136333484965 
29.99692388703795 
29.962024890556467 
29.93409191249281 
169.7568096724546 
168.40563916628872 
164.92689486591573 
162.1776250599005 
157.05687003148998 
153.56858129027307 
144.92761555444082 
135.24937045520372 
129.11501710267686 
122.07917642326964 
117.57410076705823 
116.53803824881857 
115.72160671511561 
114.9386995235665 
114.04771327496621 
113.00717010512174 
111.78091060299067 
110.35238413758739 
108.75184145843053 
107.09608613203129 
105.59416327159519 
104.68260450136445 
105.00910888002795 
105.00723347530251 
104.98877874628104 
104.82613730138823 
104.12574049316463 
103.46802051242688 
103.24536203639768 
102.87229521350883 
102.40816681322426 
101.95248526243944 
101.60225255839607 
101.73069515534377 
101.70748238111406 
101.548539093366 
101.06976957666437 
100.8965733260049 
100.70983521539124 
100.48371613667385 
100.26704043560586 
100.09398858523747 
99.98562611958315 
100.00113120991708 
100.00034321370404 
99.99297468943517 
99.94600983348242 
99.83121072160563 
99.79736374300438 
99.75719646369538 
111.31827057237317 
110.10078783072711 
106.84913660943198 
104.18368961111798 
99.17710918438718 
97.46935590835716 
97.17648514267304 
96.94463265878552 
96.74119939861001 
96.67122140411465 
96.61756833912509 
96.57338067248837 
96.53487564415113 
96.50114739733249 
96.47129459576735 
96.44495178086119 
96.42048477420816 
96.39816162875518 
96.37668255655481 
96.35498641094935 
96.33212279693481 
96.30828036619397 
96.28319503752876 
96.25761225198875 
96.23210667497523 
96.20778277212406 
96.18781549352802 
96.18322148732423 
96.24814302328156 
96.24739456754861 
96.24386002549502 
96.21474945127726 
96.15643680318664 
96.14625253220723 
96.13543292555087 
96.12225228403838 
96.10949648924057 
96.09844613551059 
96.08966857592182 
96.0843397528526 
96.08580937236914 
96.08582132402398 
96.08593993353459 
96.08501809833714 
96.08035422168074 
96.07089638416758 
96.06761212724294 
96.06353738606688 
96.05869043776065 
96.0540152289439 
140.31290949423587 
136.0466413080265 
132.0960765847244 
121.76168448781357 
113.58553678704625 
97.81201392485325 
91.33825813977634 
88.49452938876935 
87.64092691530617 
87.55624866748957 
87.489254525846 
87.43684385350056 
87.3908079714007 
87.34708795750801 
87.30429097654228 
87.26443270391968 
87.22836507284171 
87.19459815986818 
87.16144389704529 
87.13009262824467 
87.1011936097432 
87.07569098987841 
87.05643238794426 
87.06839090563079 
87.06817156459526 
87.0682222031617 
87.06674502596124 
87.05642506107779 
87.03212338651971 
87.02134446564148 
87.01105551824178 
86.99843614988293 
86.99525295247687 
87.06650708611986 
87.02737181783871 
86.97664469123663 
86.97244270707162 
86.96476425373476 
86.95495208957792 
86.94577368115358 
86.94165268017724 
86.96311426844318 
86.96092202968765 
86.94744545091956 
86.93288957208365 
86.92774762768406 
86.9224226108789 
86.91826522329042 
86.91728154310844 
86.91819909891979 
178.56854661918112 
165.28867576542322 
153.71133935998523 
126.96347947404432 
109.10482923862493 
84.72710221524108 
77.89630713912072 
76.48270241032179 
75.9230621347402 
75.70470624540994 
75.50388397302976 
75.32870251999006 
75.2058609455765 
75.09589699460778 
74.95961503293492 
74.90095723967016 
74.82206028047658 
74.71986363740626 
74.61174101763969 
74.50744147652867 
74.43969881078434 
74.72798881882818 
74.72690277084163 
74.72041263623822 
74.66195713907248 
74.43146847286724 
74.29809417738437 
74.27143597837383 
74.22075686585632 
74.15452830131169 
74.10865298223429 
74.47820950395311 
74.29778570744125 
74.06493439402577 
74.03955784204187 
74.0085393603612 
74.03443508616868 
74.00412075257276 
74.00371366284749 
73.94605022111645 
73.94660288641971 
73.94781941638482 
73.9175675950967 
73.87535535862037 
73.89769083260302 
73.8915057855194 
73.86313328573343 
73.89451811058743 
73.8189684407212 
73.81887539241406 
170.08980255571234 
148.79677100253554 
132.22124017922795 
119.28110137819918 
96.872000826413 
86.92659346627087 
81.99032882363127 
80.3859631072898 
78.29283451970622 
75.76634764309472 
74.12234212276202 
78.72771661994865 
75.64442824457015 
72.34373908292042 
71.81702962631392 
70.71378806871473 
69.42525062261166 
69.52350990558173 
69.45523507631597 
69.02633676090538 
68.9247873077882 
67.78496744765566 
67.17247129370821 
66.36206207612804 
65.61596086287202 
69.09883990913804 
69.0653215910614 
68.7625315900615 
67.098853890789 
65.25776960265799 
65.03221517865897 
65.03188945939067 
65.03403938995184 
65.03491233349857 
64.83526085414016 
65.80677023878103 
64.53818253568585 
64.54090510157751 
64.32648273209861 
68.30323916672656 
65.48054394568794 
64.1873828467231 
64.18424272470008 
64.06017612904849 
64.63963240610082 
63.90451199883674 
63.90503043466677 
63.777441525153286 
63.78493389058978 
63.69681853625116 
115.17827109678748 
94.61659167367601 
81.84784289300654 
74.08068536098355 
67.23668641635284 
65.77334278563092 
64.23389165089468 
62.46987109063376 
61.074475932284585 
61.79224875768675 
59.045743100909014 
58.35062013851268 
57.89869076920597 
63.58099536500794 
57.288453351280005 
57.17328474629372 
56.85247620846924 
57.07503610550418 
56.728801332065494 
57.37069506653823 
56.319027509605206 
56.04077436089514 
55.92475408368806 
68.5795598911638 
55.527996697888256 
55.4395160146334 
55.441483428670026 
55.23696035901153 
55.90872641830076 
55.345203048665596 
55.13292342082431 
55.09296232739072 
55.06061517713246 
55.06116466752467 
55.061928410751 
55.11504925602108 
54.9858690796853 
55.07594015289681 
54.906547488376724 
54.90796092348962 
54.81934413710021 
58.40352050706981 
54.624102217287714 
54.627253073348996 
54.5335344555194 
56.75784289733906 
54.407229196511025 
54.40970321505754 
54.23938939303217 
53.840162469012455 
69.80247395255442 
61.7573031828465 
58.8433734367017 
58.235981120138106 
57.8701927290396 
55.934889721922204 
53.79036117262064 
52.83024918341841 
52.38721427472165 
52.651450715327215 
51.97633901997375 
52.30388045201578 
51.86015457663517 
51.77083808419595 
51.66417429622051 
51.59577245377446 
51.32374455769518 
52.977200937557534 
51.66995097018685 
51.176841001469285 
51.88606261511461 
51.0492621910875 
51.89396920681088 
50.86193393110861 
50.83897055678033 
51.28017317031373 
50.14704085814071 
49.744795786065204 
53.49220748270456 
50.749520960672825 
49.44806718558945 
49.121385502011705 
50.67511568848437 
48.72790516619853 
48.326291966809784 
47.76876929836947 
49.09728472473854 
48.540459608339006 
47.63981064880912 
48.810292195934466 
47.110031882778955 
46.91796770881227 
47.797376490322314 
46.73831251797293 
46.67397774765971 
46.43554524912788 
47.44259769338264 
46.640105492234426 
46.31158027089788 
47.658260336684634 
46.90094638216458 
48.90772680890441 
48.64183293888708 
48.52924456323958 
48.098028352266944 
47.42322578046067 
46.02567007648324 
44.50650422264465 
44.62063887101585 
44.20764470025763 
44.13708433216614 
43.806629102733055 
43.308465441193505 
56.77039173779802 
53.92092619581176 
45.67161269585071 
43.06251951887867 
42.98098188315832 
42.798339702298165 
49.149312893911215 
42.58559991977556 
42.30946962639081 
53.46889487128912 
43.64315482479152 
42.20819844352814 
42.66010482392063 
42.105215470798385 
45.61466281876193 
42.00328436983744 
41.867044827786 
41.761554561835055 
41.47114725026688 
163.95734361269473 
50.29541166350356 
41.30804346638455 
41.1788466808168 
40.91504440382703 
94.12919699673671 
47.150453787124725 
40.77388107819813 
40.67366603870657 
40.40873531128721 
71.50040469311818 
42.745350966449145 
40.283510895632475 
40.13613138701766 
44.722165591155814 
39.870783506150985 
39.95215730692196 
39.77222562681191 
34.5654011310297 
37.63784024373945 
36.975405745863114 
36.781547239819105 
36.589770206920434 
36.153505010485006 
35.99669243512372 
35.6676101635009 
36.20768020757858 
35.51287542490374 
35.409958227594686 
39.74058150591712 
35.32051074172534 
35.29842972718443 
35.19830203363199 
35.58149901245501 
35.185256037288696 
36.610361099574604 
35.07529329786883 
35.52993460222798 
35.04733272468647 
34.94158922702464 
36.20314423741809 
34.94430316342383 
34.88649345819172 
38.51031879298685 
34.95692911624134 
34.851437172954924 
34.744159955969124 
60.61945934663657 
36.43349302172437 
34.64616523147701 
34.610457561366374 
34.42986955811014 
34.971891129604586 
34.35743194533254 
35.92454016063242 
34.177810442040894 
34.1282238280796 
33.97489232019622 
72.88126444667746 
34.44216832474849 
33.897385353749286 
34.4936054023607 
33.82854844987761 
35.12353181398412 
33.76054900124521 
33.70210455337754 
33.61289136370056 
33.6095856431849 
29.11026829994605 
30.667469870868167 
30.41935365375091 
30.321944736745994 
30.185792034683576 
30.025681885414166 
29.98658739084218 
29.96779636753601 
29.897201680023095 
50.16926452080635 
31.0405714722338 
29.867512197750795 
29.854021867162444 
29.88027192394322 
29.833400243814598 
31.75252446631059 
29.885643862587848 
29.817638226256197 
29.80638217846578 
29.727658937799344 
30.8700211644931 
29.71779369994203 
31.74368796056246 
29.62677626388225 
29.606887658675376 
29.553833016314055 
33.66760930235562 
29.78566204906371 
29.537087387079893 
29.521904378056604 
29.602624198518818 
29.496908618023987 
29.66303029447676 
29.47445952116631 
29.41592692835674 
2258.2052394177535 
34.16281700431264 
29.40172265181001 
29.36496660245011 
29.313174636230826 
497.0514840625346 
30.54797081557389 
29.27514462220761 
29.257346404181437 
29.13120137860192 
29.668320603466128 
29.042158092388057 
102.8340817487571 
28.932337961421773 
28.89409639723627 
173.43459052235679 
171.84121842295082 
167.66034106443448 
164.28215899261227 
157.60560845086837 
153.22084021076088 
144.13142409333017 
134.57498077327406 
128.6188721361953 
121.79870910086987 
117.43054500194964 
116.41483483047685 
115.60442380923901 
114.81977426068441 
113.92370461444521 
112.87565261459198 
111.6422040048339 
110.20633964283836 
108.60329231547732 
106.94571680049705 
105.45031257446547 
104.38426901362979 
104.10482334731981 
107.49992170591658 
107.49534656539788 
107.4499241273389 
107.0346517832208 
104.8086150823038 
103.15875189700225 
102.9364011590235 
102.56079107226245 
102.09128008788565 
101.63320079581422 
101.25187218082544 
101.05327598271533 
101.10683103490656 
100.8677257613402 
100.56318414485017 
100.463996165976 
100.3471304972071 
100.20568513495596 
100.0771957156006 
99.97801550668694 
99.899588048816 
99.83171655460788 
99.7728219682175 
99.72189932395732 
99.67672030277305 
99.63599684582574 
99.59934518298195 
111.3122604233564 
110.10955804619468 
106.8896888250517 
104.24170636831597 
99.20469143946201 
97.43420985186913 
97.10733894567352 
96.83623850634396 
96.60175861341139 
96.5272084326117 
96.47561574403133 
96.43557330483543 
96.40099127791208 
96.37114469529581 
96.34463168753445 
96.3209451992924 
96.29972993644678 
96.28080659130126 
96.26353819042777 
96.24721438124712 
96.23148262015445 
96.21576176498024 
96.19965231193903 
96.18347641219034 
96.16740238240999 
96.15184032937358 
96.13768757614486 
96.12516380675244 
96.11462364681812 
96.1080680925358 
96.11313841855846 
96.11312580848694 
96.11300002611745 
96.11177409103851 
96.10715841599405 
96.09160046048302 
96.08629727599684 
96.0810356430952 
96.07467383710326 
96.06846780596541 
96.06276552395494 
96.05749742812742 
96.0528280967157 
96.04886223930434 
96.0453776078578 
96.04219440822808 
96.03920124623309 
96.03636444256006 
96.03353474144805 
96.03076401195236 
139.94699926579995 
135.73609515960075 
131.83375003159588 
121.6172886634049 
113.52079025911499 
97.82540731543274 
91.34259165972466 
88.48158111664291 
87.6274856445525 
87.54413120929334 
87.47922594331746 
87.42855087584223 
87.38385698038968 
87.34121277873352 
87.29964648186619 
87.26071962327342 
87.22523072369813 
87.19188929893383 
87.1590400833025 
87.12813960774766 
87.09941113712512 
87.07419815332915 
87.05583307052603 
87.07036204220961 
87.07013150673382 
87.07017916518967 
87.06857221225263 
87.05727146000284 
87.03973223153335 
87.03290438826498 
87.0203448830214 
87.00659578242937 
87.01232842374043 
87.00113762764607 
86.98669334943816 
86.98102148007631 
86.97256349654675 
86.96172773769406 
86.95334874847238 
86.96761256719238 
86.95773382567364 
86.94456219446965 
86.93882361122114 
86.94073479426773 
86.93724842444578 
86.92824237225147 
86.92362126053638 
86.91897005831606 
86.91328691315742 
86.90806696878684 
182.22207193427187 
168.58847348634518 
156.6880766332231 
129.12104473545946 
110.70414737576188 
85.38360168208368 
78.15593285343544 
76.59556283698439 
75.99727919554672 
75.7756901477479 
75.56941748538684 
75.3875760996423 
75.25617159200482 
75.14113111008237 
75.00447330712598 
74.9427045797298 
74.86141587234829 
74.75600133861076 
74.64482391096826 
74.53909780603227 
74.48055246458989 
74.87056632079045 
74.86947660927387 
74.86081396764615 
74.78553657264364 
74.48918506432234 
74.37253218514726 
74.30857026854952 
74.26808944694235 
74.53263144425243 
74.2016311516478 
74.1877845277233 
74.1412225421098 
74.11094989628363 
74.38490644066582 
74.05922106574096 
74.05314374797231 
74.053055373496 
74.02070565135256 
74.0198397154106 
74.75055741941674 
73.97637169013267 
73.95376607891404 
73.9563545508935 
73.92981435383113 
73.90647904141625 
74.1787928500772 
73.87577979699186 
73.871997788794 
73.84634719665918 
174.65270225750723 
152.29638181448138 
134.97904338188724 
121.47409842069266 
98.02353799274007 
87.48911052927409 
81.87208220431471 
80.00994087690304 
78.04531038867408 
75.57429890976456 
73.32986264646301 
72.41187520311865 
100.92054526890898 
96.5423923465029 
80.354758237988 
70.65248937721042 
70.22397329382414 
69.40462988915843 
69.03338136690842 
78.56548785597782 
67.94251700162914 
67.84824198410013 
67.29057620594328 
66.88752162795282 
71.70557454320871 
66.27948588289775 
66.19157155761721 
66.19318156709616 
65.7860657356078 
65.35308199193705 
69.9034203699026 
65.31514389540084 
64.97133780527554 
64.97142404661435 
64.7545932650126 
70.01258520622119 
66.35550166748843 
64.58002052410095 
64.57503512572106 
64.40706733027235 
65.02178637811002 
64.24995717609579 
64.11821398277179 
65.54218458003996 
64.42141326629921 
64.01691090014972 
63.98318354135853 
64.23438425307333 
63.82502312144088 
63.7343127325766 
111.64298087744336 
92.09022908311958 
79.9636521587538 
72.63105007683718 
66.36055275954462 
65.1189271568741 
63.72942031484973 
61.223288688867974 
58.91359585056022 
58.06634474227194 
57.33735551355012 
57.367129279534005 
57.35727372644234 
57.27530192887624 
65.63519763918113 
56.626901822235055 
56.55644441967819 
56.562399792994995 
56.56431755791146 
56.27811793347844 
55.87481661759277 
55.72683959692294 
109.51837417358158 
68.26938362336847 
55.35806332356525 
55.28130388089108 
55.07706881309054 
54.78569215694836 
63.43042603659662 
61.341125138582 
56.37338487379646 
54.608186667955536 
54.53943557912878 
54.49634959801256 
54.32502542309034 
61.47663010151135 
55.97511016662969 
54.234088032367275 
54.23092464959151 
54.15080249168574 
56.151607382631056 
53.98394298925913 
53.984883171503085 
53.894935172310724 
55.09092975418236 
53.81266683745577 
53.81340487227371 
53.68822726070697 
58.06639999031505 
54.5023223876233 
69.32490789635098 
61.3067915271967 
58.3715720720269 
57.731529034491864 
57.32530562605 
55.7153238634895 
53.8946103101532 
52.81527374325306 
52.492957754667174 
52.132219210597654 
51.80549063642168 
52.57333330017679 
51.82447331322264 
51.638199133573636 
52.07351475292384 
51.50996226858805 
52.065933020086796 
51.33633489547165 
51.21234649520654 
51.62363588226823 
50.704309670922854 
50.32043845287809 
50.389725707805994 
50.111089393166 
50.41327055117419 
49.68761718167974 
49.30894597344748 
48.84509389188213 
61.94590208133677 
58.76691367629192 
51.646118062217894 
48.53475945140147 
48.35280834316404 
48.239065273533036 
47.88703590332232 
47.781156511658764 
74.31534298686836 
47.61587195917681 
47.07756450893446 
47.030607580088216 
47.96897506135758 
46.75451055561427 
46.52824490506396 
46.2408885342392 
57.668331526011755 
46.899256608222316 
45.95669991717527 
46.263100892881354 
45.8877988350107 
48.05145068318223 
46.7989617726962 
47.84857091014595 
47.70333172898067 
47.60743475839723 
47.21586249697634 
46.5911683991461 
45.657760135887656 
44.140569239746085 
44.02186473589761 
43.779534661174736 
43.63187108232273 
43.36076336535402 
45.46681800379505 
43.4685948492645 
43.20189615890148 
45.14305090782376 
43.05728588310461 
42.930952645634974 
42.79295151940059 
42.95461711431792 
42.63544920580236 
48.80745096261022 
42.62704004805521 
42.39548308408651 
42.23262632514323 
41.98723428343794 
56.54621731968886 
44.221230349035565 
41.82635731643052 
41.753645287745016 
41.4460133730196 
57.178275446236896 
43.50442787454235 
41.30562707163764 
41.220765256273054 
41.788851030452854 
41.1234817549866 
44.48002269174076 
41.06770359593008 
40.958433153375076 
40.82264022793662 
40.48590512614213 
41.84074166144921 
40.41109269252789 
47.48700708863478 
40.03055328289925 
40.703774664435294 
39.93565811811099 
40.57937842745608 
39.833622151041695 
34.64830930599639 
37.672489659423846 
37.22553060936849 
37.14092629060679 
36.897958679182715 
36.60995684995688 
36.44307686389092 
36.33086544912469 
36.539689201101154 
36.190159038551286 
36.34351145758351 
36.097829537910314 
35.888823911940754 
38.740782207871234 
36.01329872890696 
35.813843302100665 
38.378915423948705 
35.82895129168635 
35.77254009260796 
35.782515189107706 
35.689949369493675 
39.21502776839682 
35.73720204787216 
35.61955910452209 
35.60307262174551 
37.24984129684292 
35.309426771936884 
35.266810482460286 
35.121440500821095 
36.88623848016062 
35.086561978995654 
36.00190977023853 
34.90633865399235 
34.87434220163808 
34.72770639903409 
34.94998025686212 
34.61466009312711 
35.70308838425744 
34.49244787754416 
34.380189143239015 
35.747156164360746 
34.23930583852528 
34.145267859280885 
39.48327978881501 
33.98069100491712 
33.9447770864072 
33.83400830042058 
760.664438979049 
34.201534425802116 
33.736650614755334 
28.962863571678596 
30.5897221213083 
30.392248842743708 
30.371792706046474 
30.325432142942336 
30.333311793815692 
30.23775093252369 
33.8299749568144 
30.674404416636577 
30.202654819526376 
30.18886391587758 
30.11375661064965 
29.95518711245192 
35.00755281250669 
32.16605062617786 
30.00719663281687 
29.856975051390535 
31.92654171160819 
29.895644625611503 
29.839120791784623 
29.82661469928619 
29.743336740102816 
41.56933052671009 
30.185009740449733 
29.71860418830017 
29.74762500336852 
29.67943213995436 
100.8770108255777 
30.014323651252038 
29.643746125541696 
29.5648021784213 
103.01609916955681 
31.116546764386346 
29.513348873731708 
29.489297024374487 
29.372489302760126 
29.901278786214295 
29.261394121601594 
759.6554239099645 
30.124055594196427 
29.184072697865734 
29.138686222145715 
28.959541816983915 
284.3392285843036 
40.26417572829935 
28.89223314099397 
28.834017398312334 
28.80490476762391 
28.647312971846006 
29.398432831601607 
172.8058238789592 
171.26414961763038 
167.23366573848966 
163.9906262160178 
157.6428574677134 
153.41989102865176 
144.3816673897274 
134.78511301265183 
128.7997117847683 
121.96314542704621 
117.58444775801591 
116.5667870856312 
115.75403756074758 
114.96780682094044 
114.07093745977986 
113.02280420010673 
111.7880128652707 
110.34865963998796 
108.73773829079755 
107.07141482710995 
105.56576128099802 
104.586322254738 
104.70764298440548 
104.70618900953207 
104.69195619150996 
104.5659890809016 
105.17431651296033 
103.42496926580846 
103.17633537069119 
102.82569193879065 
102.42302915599714 
102.19063981415651 
102.43152599183055 
101.99044911112486 
101.52462744096691 
101.33266510930044 
101.11417094697902 
100.84114342033155 
100.56675804093041 
100.3308696871037 
100.13730099933392 
99.9953805166511 
99.92089593226649 
99.9398081230788 
99.9396611136044 
99.93824024970488 
99.92562998196965 
99.86437458268497 
99.77301506564996 
99.73807735765924 
111.29113365749541 
110.07696282008766 
106.83199603071861 
104.17089222655002 
99.17138852884207 
97.4653996318303 
97.17247868270675 
96.94036804726491 
96.73721052146358 
96.66722119327041 
96.61346146558552 
96.56916314027069 
96.53068849401258 
96.49733165859001 
96.46814897459768 
96.44210308161139 
96.41854553156196 
96.39662986007914 
96.37534573564905 
96.35353299476199 
96.33034937478573 
96.30559564751292 
96.2793381657603 
96.25297758671545 
96.22695274421696 
96.20243079008671 
96.18211709942076 
96.17149049766175 
96.2023862955443 
96.20236795871162 
96.20218456437365 
96.20035478425442 
96.18321271558739 
96.15114787659024 
96.14280406888169 
96.13228250826099 
96.12013142259258 
96.10904442343544 
96.1012424915884 
96.09893877523086 
96.10848188981666 
96.09789109337913 
96.07913863717954 
96.07474808314655 
96.07036152572172 
96.06503220501061 
96.05987072149821 
96.05530815361581 
96.05121057435795 
96.0475613835783 
140.0798194401483 
135.8396994367716 
131.91293224213658 
121.64163768819199 
113.51252081588115 
97.7901355137096 
91.32351518476185 
88.48797885356684 
87.6400993633418 
87.55598692876057 
87.48933843050072 
87.43671241643675 
87.3903941109858 
87.34647201982382 
87.30384259831536 
87.26453206096545 
87.22884707507089 
87.1954293898689 
87.16268113779063 
87.13154858458603 
87.10268554892306 
87.0766552883668 
87.05313278139735 
87.03248080461714 
87.02193962203076 
87.09557054517425 
87.09539955368183 
87.09518527487788 
87.09177144983006 
87.06543152574028 
87.00639397163235 
86.99623169949064 
86.98641150869196 
86.97467754296699 
86.9683503247229 
87.01182834914798 
86.98673961113495 
86.95587877797443 
86.95267832456804 
86.9463681607725 
86.93922074464678 
86.93498657185607 
86.94735579189235 
86.93751280395537 
86.92788900754266 
86.92345785630397 
86.91901453182189 
86.91601895952172 
86.91866606443355 
86.91464788609649 
178.47286297010544 
165.19969839675218 
153.63249055483863 
126.90404414941256 
109.06180376671638 
84.7282500134165 
77.9061779287573 
76.49067823204749 
75.93007118781212 
75.71240285259107 
75.51147874589975 
75.33626163141366 
75.21321254824599 
75.10289056034092 
74.9655141592894 
74.90642248022476 
74.82698613504718 
74.72382198197049 
74.61502400367466 
74.510654851896 
74.44873096009727 
74.8049780446849 
74.80378012175072 
74.79588910753817 
74.72569880206109 
74.4507364811945 
74.34583186710461 
74.28412038074202 
74.2586752277148 
74.66917805210022 
74.18913491510479 
74.16572506851213 
74.11789001664516 
74.06711301489163 
74.29819445415356 
74.26972271605982 
74.15220330598075 
74.03003784708639 
74.00890989348764 
73.98053102581949 
74.02930462100474 
73.9524187571875 
73.94138624621989 
73.91323103061251 
73.92627598369569 
73.90354641565321 
73.9408665196645 
73.86421098099564 
73.86426402849949 
73.8658667564823 
174.45111701905853 
152.18907375100892 
134.9192801415185 
121.45113971226512 
98.09977719781332 
87.65015164901854 
82.13661745454587 
80.30670566147798 
78.2746439065123 
75.74904244564613 
73.51742863191626 
73.21465442258379 
124.36348203921816 
116.44685539536067 
86.80267309182827 
70.81675120656439 
70.32129302068606 
69.48161379974155 
68.90716477421664 
74.44366235497299 
67.95858074190207 
67.68660993047489 
67.16757486224313 
67.11710090917626 
75.76408189890897 
66.14462979839828 
65.93641199837406 
65.5629356495171 
65.26683508139749 
68.15420352249458 
64.86549092889148 
64.84549857105229 
64.63042974501127 
65.56644882837169 
64.84728598651361 
64.48168449926337 
64.61952347524276 
64.37774602315044 
64.53486163487858 
64.25415762234988 
64.3726885520366 
64.14130802519387 
64.04310039735205 
63.96929656316135 
63.977792349538205 
63.89414989042369 
63.83459800833834 
63.76779358890966 
63.725028376073716 
63.63049587961932 
112.49886322485115 
92.49415376406215 
80.1310550563105 
72.65673804841192 
66.18722377168656 
64.87033888703482 
63.4687180865003 
60.95472441988352 
58.73377162628029 
60.68474455900625 
58.93477105466967 
58.339256059026596 
58.046466763595504 
58.85003280202122 
57.47885102194119 
57.06495548623707 
56.71418904326838 
59.05664268336842 
56.26228698601153 
56.14948745298106 
55.852145536078964 
55.53794766678405 
59.274593887473095 
55.663892395679206 
55.26605152076771 
55.07297755646509 
57.44846600160959 
55.82424199926905 
54.9330746410904 
54.855228281957416 
54.829920905959966 
55.8138025039464 
54.549730214249664 
54.39056413305869 
55.401633445567484 
54.58818743893667 
54.31150175908036 
55.16222620430243 
54.258078346233916 
54.199842086216336 
54.144773671924355 
54.08102744850758 
55.600388324643276 
53.92434886835038 
53.92438655994766 
53.924973421888865 
53.783357659216314 
55.035225146291054 
53.950374302478345 
53.71789800415388 
70.99399551094042 
62.30718068893698 
59.16056353589871 
58.50203285194604 
58.139514063477336 
56.219098786684285 
54.090607040818284 
53.21631169340817 
52.72892737880918 
52.62965371743968 
52.62212729122649 
51.915263488081564 
51.818855842597536 
51.60828727122754 
52.77910239018364 
51.75108843728108 
51.4734305263147 
52.08297642668187 
51.331421688455436 
51.34507347133523 
51.11305525310925 
52.40988844744709 
50.86576735949618 
50.616386020874174 
50.34893644561042 
49.92820856007977 
54.74130480053957 
51.361826051531494 
49.59928808053275 
49.39020252186421 
49.20836888748624 
48.887916327194404 
52.602759085811265 
48.51832432722344 
48.40288017215385 
48.04605866912193 
51.34790344358307 
49.07390878513017 
47.85016884417483 
47.72744819914199 
48.371706699982326 
47.60522751093141 
50.43715544280493 
47.50273143835755 
47.382275693527454 
47.24215508808123 
46.9158710190093 
73.22787553450081 
50.86226323988538 
46.77945159980094 
51.416858368135756 
52.30736824331604 
52.1586377514146 
52.042780174286136 
51.533824131655514 
50.67805289053481 
49.37126330497712 
53.00590510304279 
47.15242257726989 
46.99322345724492 
46.447768576771665 
48.29134642119424 
46.284202941321354 
48.25912470387877 
45.73962673057757 
45.65967943759937 
45.28253385161505 
48.37173320969433 
45.36849088415533 
45.07351541338355 
57.62999653335736 
45.07031131576289 
44.83476272116379 
44.64971450930449 
44.41058924320522 
48.058465875402675 
44.168069774775475 
44.108422042981616 
43.757063383059446 
46.99367856196878 
43.91258065173314 
43.60726083421648 
99.65539010006242 
44.26350283560182 
43.50721580444076 
43.13036391523684 
42.31414553069307 
49.36551504002941 
45.89790866206476 
42.20141635537104 
43.407392610871774 
41.65026623611166 
41.591880490396164 
41.35998123937401 
45.85947796730315 
41.61472184212048 
41.201973134214356 
41.09062044598826 
45.1476704207643 
41.019735869215815 
36.70851958574309 
39.577627037618164 
39.16873057199567 
39.0465233338415 
38.73123958096521 
38.346568063693915 
38.099817213593575 
37.96924509132266 
37.60911874787874 
38.54218236519587 
37.38755969418674 
37.330757682442574 
37.077974669810665 
37.11814714718008 
36.87905838199035 
40.22727635545927 
36.74995906415671 
36.71010709237612 
36.515003207185245 
38.58141649012268 
36.57311345355184 
36.410211107380576 
56.37933859992819 
36.561867665565146 
36.349154407303274 
36.14060172135702 
143.87456422200358 
39.37629694877798 
36.019022058994075 
35.83793520324761 
103.84497797338602 
40.36310294946649 
35.71262979747766 
35.65069532936005 
35.430192086562116 
35.86676527800766 
35.263680304200165 
39.10372991667751 
35.10995820426421 
34.96244658801148 
35.88443662823783 
34.80840903641926 
34.62397527423979 
42.054463708948305 
34.49390132374018 
34.42617311906329 
34.23699136934074 
1225.398597197845 
35.23068202791801 
34.16498000485237 
29.38469069474529 
30.875325883532412 
30.723314280041098 
30.699233298624918 
30.64897043309485 
30.60059773011789 
30.572357131401752 
30.543506042215647 
30.48000567457862 
56.128732180975895 
31.836082627843638 
30.45165307264967 
30.436507578558953 
30.41443986592233 
31.756002584287568 
30.350691587856637 
30.3362607037527 
30.28667393696843 
33.548413005963965 
30.551693831822234 
30.270093916718615 
30.256293890726088 
30.212047786725613 
42.166685635611294 
30.147991610224732 
30.129914672267955 
30.04968441579291 
30.444829806671905 
30.012203142761635 
42.67097854656109 
29.93456513791497 
29.915844388750784 
31.86179709617061 
29.838279099430185 
29.819284216194426 
29.780965044576803 
30.446826694238776 
29.748885329355666 
29.735872407500516 
29.659291852920873 
40.96419553049441 
29.945888637875807 
29.630384907923442 
29.625641746918177 
29.599128369453545 
29.583312081641594 
29.51892423033793 
2192.8538883506308 
31.744451557788338 
29.49933490357609 
161.5777556377671 
161.00375020904278 
159.7604747243791 
158.93987486745817 
157.43584469580924 
155.56965119494717 
153.7591646786156 
145.9483608483015 
136.05607000996037 
129.73043861574578 
122.44067950540096 
117.8489684052382 
116.72094573808326 
115.88007009543067 
115.11147402732432 
114.25772172728685 
113.28241044202476 
112.17239135957779 
110.91888093277007 
109.53960272261428 
108.09834774395759 
106.67679089364276 
105.44853028732614 
104.67136686444636 
105.87837632645207 
105.87614515540193 
105.85397120414545 
105.65232830499657 
104.59579967472915 
103.51521254078276 
103.24412570402771 
102.86963710221328 
102.38470894550953 
101.88400331957308 
101.41820885782244 
101.0037862686609 
100.64533036141955 
100.3847917531798 
100.42561716699927 
100.42552055513096 
100.42543246194926 
100.4238322293167 
100.40880433025706 
100.3143574692086 
100.19423123109203 
100.01725403821104 
99.92479486441904 
99.82512528411607 
99.7415115593378 
99.68932536899828 
111.65017836521561 
110.4243929657039 
107.14778818870228 
104.45928337636875 
99.37427219231228 
97.59582423161541 
97.26073268471521 
96.94803455813285 
96.69115322709604 
96.61100814637507 
96.55438734431395 
96.51148393934551 
96.4742611415198 
96.44243385010691 
96.41427306539393 
96.38913465484825 
96.36617998369036 
96.34490068638097 
96.32485907039602 
96.30536987558918 
96.28619568456006 
96.26669894087392 
96.24719743917419 
96.2278194248413 
96.20907665447383 
96.19065941231767 
96.17302650989319 
96.15731271272242 
96.1453903862834 
96.14380834471059 
96.18401185690874 
96.1836396379893 
96.1814946750329 
96.16390149880465 
96.1260219498354 
96.11888786305992 
96.11226482797525 
96.10424089805794 
96.09605118651689 
96.08843925836565 
96.08182009038995 
96.07605015460486 
96.07100920918302 
96.06630270415317 
96.0619478143255 
96.05775033301524 
96.05366496131626 
96.04988979290576 
96.04655654361444 
96.04347497991583 
140.2667394407651 
136.05401991266666 
132.1478445665718 
121.9074466226067 
113.7813530603687 
97.99922011304976 
91.45541595148349 
88.5275053530018 
87.65190864024899 
87.5670281815121 
87.50047328695763 
87.44925006207502 
87.40419659630284 
87.3611475550029 
87.31876132140093 
87.2784604231456 
87.24168545436972 
87.20759709195124 
87.17418859300899 
87.14217414079553 
87.1122047896047 
87.08575796450859 
87.06625628775234 
87.08037892645426 
87.08015417782175 
87.08020192647153 
87.07859186082348 
87.06717311537909 
87.0493519638999 
87.04225175125424 
87.02943084279804 
87.01500211313842 
87.01662957429069 
87.0158618927691 
87.01049708178635 
86.99480732254523 
86.98504064581908 
86.97634795210763 
86.96591467658857 
86.96043770621583 
86.98529228090094 
86.96915877465094 
86.94970725653144 
86.94368574521144 
86.93814756699854 
86.93461015160332 
86.9282452490009 
86.92545373192317 
86.92196425468504 
86.9175197230047 
181.679022052232 
168.21750595786318 
156.4552957952014 
129.1584930848589 
110.85781214363064 
85.51210909914745 
78.19941009211891 
76.57976686914046 
75.9661563986609 
75.75518554492413 
75.5569505277012 
75.37993805424377 
75.250224767746 
75.13463656497686 
75.00657115526334 
74.9453908455087 
74.86579361827175 
74.76375802388979 
74.65634875090734 
74.55295664176884 
74.48511784910599 
74.74382900033561 
74.74303041550075 
74.73744750966411 
74.68736928627294 
74.47915926800019 
74.34149154565534 
74.3135929101556 
74.26241756479816 
74.19547536233947 
74.15195521660698 
74.54587753786996 
74.35652210839731 
74.10590538831136 
74.07928877544886 
74.04712108429209 
74.0499710060536 
74.03078514126639 
74.0521812607759 
73.98587112732147 
73.98630858167476 
73.98694802978684 
73.95764275957234 
73.94508767178824 
74.48665793585702 
73.90380763943185 
73.89380228434112 
73.89556112277731 
73.86843334544909 
73.82973309748456 
175.97742504166683 
153.3619398053729 
135.854008631485 
122.18902144181783 
98.37768841335625 
87.59441671729951 
81.73032200266496 
79.82948313921764 
77.88708009790591 
75.43816986147546 
73.17127790563364 
71.3242824078865 
70.56032142229645 
102.77153352087822 
100.63847083137274 
87.54019146869123 
79.51814814610711 
69.39678978741243 
68.84536298908077 
68.26885382199274 
69.46435803413675 
68.44812841416291 
67.76744601482824 
67.65298412526573 
67.66867219633095 
66.64970919299967 
66.49929340306247 
66.02687006617322 
65.479202132622 
68.53499916438165 
68.13948416424397 
66.38988880134359 
65.08657757474576 
64.93644755959642 
64.69931511712497 
65.3543279549979 
64.47953109405555 
64.48328738673916 
64.37850882521464 
65.35654937705223 
64.3299915388454 
64.20778962973742 
64.17257137011917 
64.17387453886036 
64.03467402018705 
64.17898673565679 
64.01566493648735 
64.1262038796302 
63.834614818716695 
63.83588529499667 
106.23525021067651 
88.34952398730402 
77.31088118951439 
70.69773503628943 
65.334440929522 
64.38950394859202 
63.19180877689841 
61.07906519839182 
59.3384729519665 
59.185118432791064 
58.45619747546165 
57.978966269722505 
57.81127236935813 
64.82709780349697 
57.30528668106939 
57.18688218309917 
57.1930154245441 
57.1941548792845 
56.9303776659938 
57.046524802894396 
56.78102294199285 
57.921178976765205 
56.47348076809894 
56.47871357289151 
56.48029881690097 
56.217185326958486 
55.84633507210609 
70.12752479816356 
68.07653836910791 
60.042363104595566 
55.640742760107116 
55.580238506991165 
55.58088308060805 
55.370012732485236 
55.07061697173121 
54.936996954140795 
59.937863426619245 
55.67233829413321 
54.623497917034676 
54.52907156136017 
54.527981660226686 
54.52827518377921 
54.52840682234742 
54.490384863925925 
55.127098471322356 
54.34799011887972 
54.35046422273274 
54.250776949683356 
56.95503513425931 
54.521403177988546 
69.99859923888259 
62.23964810428534 
59.50207164028406 
58.95840159174574 
58.61097042590143 
56.6683552956332 
54.51008897967826 
53.6198797614769 
53.1501940825779 
52.94890250498162 
52.63293686551819 
52.393284881417 
52.276743077107795 
52.06449311202026 
52.323682200557734 
51.99731552697989 
52.765056189413656 
51.69632637490079 
51.49453187580545 
57.931091851711116 
53.139124065554824 
51.321414509551964 
51.23784993282562 
50.889498202504164 
52.10670999888917 
50.88164457402627 
52.541748460295416 
50.26840990857904 
50.19216304118811 
49.83059399364861 
49.190419430723836 
72.31947302393209 
65.3777386563994 
52.02456614214094 
48.84904371773524 
48.737355114913726 
48.6426779696487 
48.398725838103985 
61.504038764584394 
48.065796930754885 
48.00032777287387 
47.64523420758188 
50.29228520654932 
47.87848183873169 
47.493885347200845 
67.92571925478956 
47.74495206629223 
47.39673996311285 
47.06752826496732 
68.5036367666939 
50.81234105239203 
52.62401892198269 
52.39071324103806 
52.272839455382304 
51.808201664902015 
51.03563363094021 
49.32702743051523 
47.4792787244549 
47.62370861956114 
47.11543579053583 
47.030048067248046 
46.62435597916169 
46.76605179725667 
46.2458658277811 
158.7449512013195 
56.37765815990356 
45.9744445856053 
45.84005664698921 
45.419552499285075 
63.413127216365424 
48.35133787092116 
45.158152185864495 
45.01810911687055 
44.550593349174434 
111.73966076279886 
51.358940923202965 
44.24305939149621 
44.08584131004574 
43.7688615947291 
49.1171710406323 
43.44257067343756 
43.37337786197847 
43.04117996820079 
42.457947545649084 
51.785056317488326 
48.44931596471406 
43.284423995060344 
42.17877663187577 
42.09369089685755 
42.08419317409076 
57.45515612722952 
41.65017179166144 
41.94405882906726 
41.545694655258586 
42.41697785314347 
41.4638070262621 
41.46933472855528 
41.39550862740384 
41.284966289568395 
51.00815152680251 
35.90221511527113 
38.93006656334116 
38.49747162909526 
38.41642494487516 
38.161310046466184 
37.845965557635715 
38.20479762943374 
37.5766272317433 
38.301644511696026 
37.36201733664779 
37.319756124297655 
37.132112464683885 
37.06629537862731 
145.72925297449927 
36.8636129202436 
36.70660780373308 
36.68382650243897 
36.596573007607205 
40.96180751326811 
36.955305162954005 
36.558263433017885 
36.56098009143608 
36.49919823581631 
39.315436508150384 
36.534377647202874 
36.44461104347285 
36.381281686757795 
37.93764681581367 
36.195584655652766 
36.029276683379685 
48.37534055449328 
36.97800445989884 
35.95517335330004 
35.738536465584666 
55.15926034841233 
36.95203868042995 
35.59977621914522 
35.43812094842858 
38.69914664755079 
35.23125157858823 
35.11495191915958 
36.473336820232944 
34.93478366162872 
34.88469992710999 
34.70615892781885 
35.340379437375276 
34.5484542122139 
36.547317145318324 
34.40728465243264 
34.248912290393555 
29.529044503607352 
31.092070733743167 
30.91358450198268 
30.87494039574155 
30.8108583468934 
30.74132736662982 
30.708843462738766 
30.685547801884873 
30.619691656492634 
129.58038298383633 
34.137219907901454 
30.592642610953412 
30.57118972940786 
30.56253646201878 
30.507098521327386 
30.751261776313097 
30.487191810729897 
31.589046495840925 
30.43897154018402 
30.76990681486302 
30.422863599488625 
30.37569953623172 
42.540587659906514 
31.210707777877698 
30.348061231582633 
30.334697185124174 
30.254866168938293 
30.599732238234925 
30.17327884993113 
52.943595217839615 
31.156940740316763 
30.124895251827766 
30.097634246733737 
29.935434985922804 
29.784424464038175 
2101.4028431680317 
30.917534002159044 
29.431493169476216 
29.36939844991204 
29.35662690741581 
29.321889178824545 
29.15070607767997 
29.088017480545517 
29.09554102382547 
29.0081406944487 
367.04969629261444 
29.61804802256529 
28.954153355871977 
28.814448086031103 
1310.7966779667547 
175.71890773326714 
174.03500756646756 
169.59525217954652 
165.98737118579797 
158.75334419984245 
154.07682606093186 
144.6389552930831 
134.82760661729435 
128.77528592041207 
121.77790022869797 
117.35700192556386 
116.2647347292926 
115.43692885574633 
114.66247557332477 
113.79236721430702 
112.79315387565852 
111.65319353464301 
110.3750658625509 
108.96465775819428 
107.52959820564894 
106.14714603463537 
105.0026134433316 
104.40771998772053 
106.28813798956767 
106.2850024972663 
106.25392418309312 
105.970032945702 
104.48683186343115 
103.54100803483544 
103.27448398325011 
102.8221435751993 
102.2988847423151 
101.85016392764743 
101.5619315039175 
101.71410476425466 
101.67944647192184 
101.47514927911615 
101.00707236390967 
100.8712075977931 
100.70065521297369 
100.49105663669228 
100.28744179444794 
100.12262671812036 
100.00266728651793 
99.91164988113266 
99.83912327841897 
99.78192131430379 
99.73641400588738 
99.69751216321892 
99.66374671176325 
111.28853461342464 
110.0877875223834 
106.87195177969045 
104.2273166888751 
99.20902699795155 
97.45943007233446 
97.14509607928245 
96.8945355471129 
96.6762789883121 
96.60542068176235 
96.55480374449988 
96.51453857725684 
96.47981460394892 
96.44943356951596 
96.42234839181933 
96.397908692565 
96.37561376192873 
96.35525107892337 
96.33668883019817 
96.31900399884756 
96.30101332725832 
96.28277070670296 
96.26415207938626 
96.24463826128718 
96.22501517004575 
96.20539885156593 
96.18639838107453 
96.16928657859324 
96.15555809570445 
96.14804028512205 
96.15928798413687 
96.15925220694629 
96.15889534002952 
96.15810457706124 
96.14991710049073 
96.1337642140085 
96.12784242382884 
96.12008995874135 
96.11098094739017 
96.1020347975256 
96.09389007197908 
96.08649387936119 
96.07995508789266 
96.07409639101444 
96.06872777531638 
96.06370298445728 
96.0591292881827 
96.05504444335781 
96.05146108972207 
96.04825030108893 
140.21044278260078 
135.97901395832008 
132.05945564481547 
121.79461718088936 
113.6556199602482 
97.8894960269977 
91.38184099089801 
88.50423844609838 
87.64806422952961 
87.5645115945706 
87.49858214560714 
87.4471202290231 
87.40175351478317 
87.3582957512159 
87.31565853902327 
87.27561995201376 
87.23915460220675 
87.20507143126821 
87.17173641592908 
87.14010011110675 
87.11048065862056 
87.08364677200751 
87.06002224758944 
87.0422113478104 
87.06309136307436 
87.06309932836974 
87.06318215066842 
87.06115508869827 
87.04861208735946 
87.0269819147171 
87.0198426857199 
87.00837265336065 
87.00007311186064 
87.02474650139183 
86.98529715016181 
86.979768167984 
86.9712052511385 
86.9614445915513 
86.96370789770083 
86.96292805414711 
86.95807623497818 
86.94797092954433 
86.94219076068558 
86.93651029414973 
86.92948046256339 
86.92279149060167 
86.91736671123081 
86.91341102415309 
86.91113240421303 
86.91192856768157 
183.22830356846234 
169.51612921464775 
157.59435471592104 
129.91745963962546 
111.38388115054076 
85.6867258539217 
78.23872984019535 
76.58680277463688 
75.96746715964791 
75.75762638033966 
75.55802450998691 
75.37812038356918 
75.24567274237788 
75.12786177951696 
75.00083228002404 
74.93815053068266 
74.85749167745863 
74.75433113042021 
74.64606174480122 
74.54311637472568 
74.48415046229485 
74.82709279859989 
74.82622821770155 
74.81912952694671 
74.75695637178069 
74.49673127412254 
74.37882258899631 
74.3160186333277 
74.27802239435604 
74.55457073042936 
74.21209967386636 
74.16992901487903 
74.1295097190898 
74.10100435367471 
74.32881367148316 
74.05513882299864 
74.0496671584124 
74.0495694256287 
74.01725806644303 
73.98762881049205 
74.20329716374546 
73.9567254459287 
73.9514634036435 
73.95197541389393 
73.92837058528359 
73.9595806664826 
73.92583848863384 
73.95473470396232 
73.88331409850635 
73.88408534864018 
180.18599147342508 
156.74668718196642 
138.58893337180072 
124.43657723453185 
99.83836485731014 
88.70292113528217 
82.4381818681232 
80.31704051288031 
78.33927849977171 
75.86730644139814 
73.67590490958952 
73.06062467218018 
85.87716235066952 
84.72064957421202 
77.88498525818282 
70.9621996787586 
70.61857038986793 
69.78130079993238 
68.79121734562221 
70.00851998891692 
69.78987799474959 
68.79384073962781 
68.11334824110588 
67.64528020819651 
67.62585635881551 
66.53170261562941 
66.31244778114942 
65.91348368000331 
65.45591930779362 
66.19091892008805 
66.00963649272835 
65.39887496497792 
64.98833679902162 
64.70701086756902 
64.52918973697085 
64.31743110261266 
64.20841663380735 
67.9969403210772 
65.55657079952059 
64.09469987836101 
64.01421217638763 
63.98936596403032 
63.905070459221825 
63.77491680029513 
64.84975941471504 
64.657299400753 
64.04142057552595 
63.70578831697315 
63.671285712052246 
63.66896345484526 
108.78737321229296 
90.1486657041234 
78.5944162480718 
71.64770571943845 
65.92522829999675 
64.90572317894754 
63.56991184416617 
61.243329529086445 
59.36916137187836 
59.08757479116157 
58.33720667314034 
57.8059947553405 
57.305704110677944 
63.77949347042136 
57.703556003496644 
56.91392742965205 
56.608532954906465 
58.4663002080036 
57.16353433665233 
56.42645568917576 
56.61701171253204 
56.26332874289324 
56.95527986698539 
56.04374196557545 
56.45851434519727 
55.78927937294061 
55.70649409457622 
55.786179804472575 
55.06189291451748 
54.765736229179055 
54.586181034435754 
56.120737274621135 
54.30702656117501 
54.21537447254671 
54.08784409102659 
53.92670027921331 
55.648646732307725 
55.31875845365855 
54.4267090816901 
53.83477252920148 
53.78204287857286 
53.753372585009785 
53.65349807045002 
53.70666092408488 
53.576254423238474 
54.52994643956926 
53.48946078524769 
53.470864409727604 
53.3802802721503 
53.19898236693109 
68.94319589570328 
60.96205964500568 
58.10331470930181 
57.51756665336478 
57.16548920238171 
55.33790381755025 
53.28468531435999 
52.58842785323551 
52.18153728349463 
52.03187376471574 
51.655741836622425 
51.912474938803896 
51.49353248572503 
53.08788940901807 
51.09011394600998 
51.02626310685634 
50.757440616430756 
50.341259626827004 
50.57712035812304 
50.42512006086918 
49.98661246109006 
51.0943895914351 
49.72798953374134 
49.64843146649452 
49.367076525192076 
50.50855955676597 
49.387342970683605 
49.169547024121044 
53.67634344187064 
49.22095499314374 
49.04740128671695 
48.76911059863542 
51.48905547480434 
48.487055685869734 
48.12532381456502 
48.511649253993696 
48.03377250199179 
48.87854141662313 
47.581332013577935 
47.33377456006019 
62.19662854528485 
50.625527122075795 
47.1479466620994 
47.05472282703036 
46.7520011844919 
48.086051096629795 
46.6120507958009 
50.86486240109649 
46.28877029408338 
46.05319614471778 
49.32335026545581 
50.03151395366714 
49.869840997718526 
49.73375764971725 
49.205250402960274 
48.42070836663854 
47.52829266393556 
51.55866796920116 
45.70103057191176 
45.48373497575982 
44.962057056300765 
46.25878255245448 
44.52653519499988 
46.911480908532155 
44.18510705186556 
43.78203040967603 
43.72321783674187 
50.59615620985721 
43.07803940651428 
42.83289987180088 
42.68906496592021 
43.96337215852329 
42.43024145327149 
42.26711678205621 
42.95326269368092 
42.161121528383475 
42.12163265629752 
41.969570798771336 
64.3056988341326 
44.31538904771567 
41.88984417821312 
41.84546609965173 
41.7740832242355 
45.36080665207805 
41.600142048703276 
41.576900247405284 
41.42525090199908 
41.424970646703116 
419.0522943393829 
41.578872789473095 
40.927104625028775 
41.54845914458077 
40.8360093683385 
41.34307407314575 
40.78843214959173 
45.32596115684349 
40.787492613731544 
40.7121752307452 
40.67863730749073 
40.52684101303149 
35.15722465479091 
37.787210013891084 
37.38213691970358 
37.24663220513981 
37.05823046556493 
36.735723896107324 
36.62865705158282 
36.32937403466563 
37.92578869193633 
36.6514895759741 
36.176471736505334 
36.15155145215306 
36.08183369217177 
36.056632474975444 
35.92302415273258 
38.102795643726886 
36.13701848905802 
35.8771767179077 
35.849038888988616 
35.81444767806665 
35.79172073226016 
35.65076605556993 
67.76676140994344 
37.345126311641025 
35.61371641078064 
35.588432054390324 
35.567499620969166 
35.490718605383385 
49.08415326453828 
35.40209156766555 
35.37718784047681 
35.26359005365924 
37.360943281392395 
35.354695755823755 
35.22579081105581 
35.34607769951932 
35.19685563235818 
35.06628024085063 
68.2272632150796 
35.67715609990637 
35.03856556515892 
35.932916062671 
35.0104997001639 
34.997273877598 
34.95492334673603 
34.935792837129654 
34.79426393738652 
51.787991954855926 
35.31066012484664 
34.759763322542256 
29.882733027757986 
31.605293401074682 
31.390030177737586 
31.35749837971412 
31.297763230456702 
31.22381293455323 
31.16630950685674 
33.500482352536615 
31.077851827928875 
31.0414422629814 
31.03549728751838 
31.209186518525634 
30.98534344999888 
30.9743448614546 
30.91791209724795 
30.750823524890805 
62.028482045323486 
40.95091662447575 
31.302209179791447 
30.658050061457736 
30.63679163690833 
30.913680115067702 
30.61651770743582 
30.604234229493315 
30.580695143110567 
30.566417080788703 
30.479914004983296 
30.383145206567306 
1032.1914545048267 
33.15019148566125 
30.137527636072853 
32.92040462985637 
30.077774714027328 
30.217707487711596 
30.0425416831545 
30.55586890880005 
30.019921453727434 
30.00921274939432 
29.984354048876515 
29.970425325402523 
29.897782094285528 
57.21851696090907 
30.67109580407238 
29.8761815884489 
29.859579019916783 
29.7578807924467 
1110.9965305228666 
45.6277115837206 
29.728975882158068 
29.693087812713554 
172.72017096697968 
171.2689665480682 
167.50526511069543 
164.50386545054033 
158.7756375678068 
154.92641023437687 
145.78963189068085 
135.77550439228716 
129.5642738224491 
122.46742271371468 
117.98034315798486 
116.86754097234805 
116.01795720168066 
115.2283347539715 
114.3460757526041 
113.33665838296486 
112.18336401680068 
110.87824951410602 
109.44458604090896 
107.9464216301569 
106.47823217836391 
105.22305798268586 
104.36621347563302 
105.07861810775691 
105.07704538679722 
105.06141308241547 
104.91821792549919 
104.15794174223755 
103.28976819211442 
103.02831133376725 
102.67625657626621 
102.22545310866467 
101.77973019914553 
101.44993154421815 
101.61139527241137 
101.58565570712304 
101.41441116846767 
101.02130795047631 
100.85916253007854 
100.68542788367795 
100.47249752276868 
100.29106100625894 
100.28746670969728 
100.56598580956533 
100.05405062071875 
99.9950466160731 
99.9224503997207 
99.83897954737239 
99.7697539815072 
99.72510174580508 
110.91886386303062 
109.72916564290219 
106.54518989530291 
103.92851757389462 
98.98743696342504 
97.30044471790816 
97.02248659550617 
96.84422358318592 
96.67490790553649 
96.60815803149113 
96.55809631003888 
96.51734724991164 
96.4823953862062 
96.45179660826463 
96.42442031605253 
96.40000875381372 
96.37826639349498 
96.35813206777756 
96.33897024064386 
96.32036588164999 
96.30181900485691 
96.28265100734805 
96.26290628392553 
96.2426482441181 
96.22230576417724 
96.20185395823441 
96.1828183380702 
96.16692158658007 
96.15658428939203 
96.16296738625456 
96.16293970677265 
96.16266356350724 
96.16194709646528 
96.15498293456821 
96.13396048621567 
96.12585391768638 
96.11798553658058 
96.10871793911333 
96.09954589408039 
96.0911122258961 
96.08356089551313 
96.07669109661133 
96.07047230908131 
96.06525550778326 
96.06082786864829 
96.05671817331384 
96.05286542312356 
96.04944783129068 
96.04630620113521 
96.04347558562118 
140.14256874973054 
135.9261987548311 
132.02007216378595 
121.79065368315605 
113.67592710486139 
97.9314224505319 
91.41682668956724 
88.51806480502056 
87.65192998329745 
87.56711179580877 
87.500453040609 
87.4488373548852 
87.40354465984788 
87.36023163198317 
87.3175841753703 
87.27730579525095 
87.24084581767538 
87.20723920218842 
87.17469664984755 
87.14370187902256 
87.11434867611571 
87.08792335528771 
87.06714589825043 
87.07285059681004 
87.0728342936109 
87.07267133994988 
87.07272433591655 
87.0715762460984 
87.06341487859744 
87.04049654571286 
87.02805030651572 
87.0164304881017 
87.00296345164725 
87.00030936345141 
87.0667155826341 
87.02834209428306 
86.98039988998646 
86.9759429584329 
86.96858065425559 
86.95944790602822 
86.95152892569672 
86.94758245004732 
86.95512102220779 
86.95363421784205 
86.94555824063335 
86.93519974890687 
86.93269567553374 
86.92912142081632 
86.92460064538461 
86.92006784017808 
181.8669421015849 
168.32916908271812 
156.5231701190006 
129.15023302391708 
110.80203460679135 
85.45739286050278 
78.18138941821195 
76.5914941395002 
75.98577725245661 
75.76964620671993 
75.56797695699768 
75.38952015958282 
75.26016029749557 
75.14581295392091 
75.01134304558545 
74.95049623842583 
74.87023116954423 
74.7665298983781 
74.65730166556429 
74.5529173303216 
74.49043058307605 
74.82096102689789 
74.81994789784534 
74.81258090678452 
74.74796992696241 
74.49033637654989 
74.34082538856177 
74.31332953110741 
74.26150360454545 
74.19405314687688 
74.15038213424461 
74.56990181325862 
74.36474233681074 
74.10225630162594 
74.07599834577509 
74.04353396650617 
74.04625245660021 
74.02711482036136 
74.04858864724642 
73.98167483856737 
73.98211674921822 
73.98277175552198 
73.95345073418203 
73.94271412850658 
74.4939232234564 
73.90039833588023 
73.89037912734335 
73.89217797481876 
73.8656399883211 
73.82888165439437 
175.93504189948035 
153.35274810979925 
135.86037018396496 
122.20105671380023 
98.38617549370736 
87.58701009333316 
81.70642537721807 
79.80147575765358 
77.86907268815938 
75.42509447927213 
73.16321572251442 
71.36830250700771 
71.57045274912473 
71.5692352926222 
71.55977043236662 
71.46827875040736 
70.90135757851735 
70.51587604185349 
69.35915636975096 
69.36172198159647 
68.61059041350595 
67.66857090468491 
68.43311989288203 
68.27201615963497 
67.56281814830898 
68.00700662965794 
66.47992903015367 
66.50334148667807 
66.52917222971479 
66.14152746455152 
68.88359555496092 
66.55888573782667 
65.84375358754343 
65.72070419300597 
66.06429904507617 
65.08147411932995 
65.09257576184491 
64.77389113326637 
64.50331005956345 
66.39408414171697 
64.27904815417412 
64.2555127056572 
64.25589591227993 
64.15574273206165 
64.63746428787918 
64.06103545304173 
64.10615608317187 
64.01592991127413 
64.46310047094539 
63.97403606013545 
112.00862101281402 
92.67549167995733 
80.64698680360146 
73.36918585082361 
67.17810059130312 
65.98242017632535 
64.51402118223147 
61.961076070811345 
59.70172435145113 
59.551446503342966 
58.87179912932592 
58.7283420216103 
58.29219019557407 
57.86546369239816 
62.90736133045286 
57.96538190488957 
57.51707107336808 
57.245884350863776 
59.14015096342296 
57.82596593405678 
57.068247049193126 
57.09465484397491 
56.9034885052363 
57.73221732811009 
56.697571137045266 
56.499735447932736 
56.31282782013639 
56.06181918654116 
56.80413734491225 
55.77197096895094 
55.56677606356875 
56.63520970683123 
55.307009933180254 
55.10134777046787 
62.934024423993485 
57.498425580018186 
54.95325689492409 
54.834475480501936 
54.78185540792265 
54.56359928638605 
54.28503334261811 
65.39826980665484 
63.43266982085214 
57.55654535936545 
54.19977929132734 
54.11183527559851 
54.11222756871807 
54.00157513716334 
53.863195943282555 
54.741577098907285 
69.74450795325855 
61.5405253557022 
58.53518646086266 
57.8948199058883 
57.531755060931836 
55.55319876367378 
53.37164400118686 
52.470973155943746 
52.00888199740986 
51.76058635676499 
51.35080159831644 
51.215476368315116 
51.09263937319274 
50.90928343658494 
58.92175855491779 
53.42944692286653 
50.76480016463046 
50.66891404060026 
50.46333715397975 
59.69721115793164 
53.57399199935253 
50.28738956276024 
50.16514531955296 
49.84680673642243 
51.82316815168336 
49.99003566291208 
49.64053030731746 
50.61017480403869 
49.47016656070744 
49.306075701451206 
49.12758657166437 
49.003196648839385 
48.59641236642639 
51.69535777108486 
49.120849688091994 
48.35768715269013 
50.06828640919353 
48.23287503350545 
48.097663700422956 
47.924673743004746 
47.84850378444568 
47.472908202459 
46.89656254871754 
62.34861707531632 
58.26204235561292 
49.884668787205435 
46.682534478007156 
46.57505771551211 
46.520854952604104 
46.28554909922474 
48.80535261296049 
49.774966546932944 
49.60636095981919 
49.48623618818363 
49.02652478888531 
48.25728162323993 
47.3452854574134 
49.074402961284164 
45.700164828181 
45.181908297784275 
45.10638919623848 
45.37459624764871 
44.15001693434524 
46.71086560699334 
43.927417634345446 
43.92917808168089 
43.77446991138594 
43.56173804714735 
47.986721568971014 
43.312742438149115 
43.26099361437225 
43.00871780106222 
45.56203425931564 
43.252493637679926 
42.90472523558419 
50.89867665269021 
42.916048106736156 
42.83591201641124 
42.642631135472556 
47.54929992771223 
42.45686566024615 
42.2476786522383 
65.33745470781196 
44.61950145054003 
42.13390362205345 
42.079431269348404 
41.84067470510187 
115.44936328317567 
45.53279735646859 
41.707443125259026 
41.63583238448134 
41.39144777589445 
221.17994183364968 
54.79472226478751 
41.28764588053383 
41.1199094631916 
40.81227649730508 
43.18903310670483 
40.67436919826359 
41.69471969997832 
36.63442518373362 
38.701514075350005 
38.24534335396734 
37.98359292709393 
37.618333508090785 
36.93191054812815 
36.78470661089591 
36.516312728632656 
36.93290023827327 
36.35280863793214 
36.49116912215932 
36.2852464710047 
36.29252546116247 
36.226354224346665 
36.080154657386025 
148.0650737340692 
40.965839872063995 
36.01906353359357 
35.980547787943976 
35.90471623870736 
37.254520847062594 
35.80536686390447 
35.783575983361544 
35.66615596610316 
37.94066386123997 
35.83019656989669 
35.61862714699225 
37.93615718009614 
35.57749637247041 
35.53069180884002 
35.486027418220154 
35.33207569445232 
579.864069161591 
44.625971254890764 
35.24772857699458 
35.18654600745876 
35.053401472504895 
38.82485991477628 
34.9071087362381 
34.6802593067287 
294.84446527538904 
36.26152916582627 
34.60003141810873 
34.54686079280598 
34.495858714192885 
49.66558657730566 
34.18213901713577 
34.65384902500898 
34.10152007917573 
34.718872124098155 
29.477854575463244 
30.890211267340202 
30.7555516958819 
30.726285276544566 
30.668685132812485 
30.59725165168897 
30.573268080100206 
30.553572755107552 
30.53799421443624 
30.48888268754692 
31.279998933806652 
30.455745408725136 
30.436910588347903 
30.392066737068653 
32.74965983081166 
30.66924698672844 
30.374541798702516 
30.361936838345528 
30.29782482486377 
620.566291315347 
42.01035235345758 
30.291169791577133 
30.24915812285226 
30.238178586186336 
30.17556738836221 
31.7723240474404 
30.22724377702945 
30.149382874119187 
33.41902852742919 
30.128619974482156 
30.098285744965235 
30.063230552093664 
29.929297625954504 
32.70190648234308 
30.073987567736317 
29.880783869214678 
100.61893080768711 
30.022845172996647 
29.84591391973066 
29.68459250079968 
36.63875601229094 
29.73047692037597 
29.613339841338586 
38.31300698279619 
29.583557054825008 
29.56730077840899 
29.428937357636418 
29.39839924918506 
32.00132247850196 
29.194867040008166 
131.27742652590996 
130.3244772299378 
127.97642334237668 
126.24653224852383 
123.98095835482587 
123.0989065854711 
121.53878724015986 
119.88001411254723 
118.54718060210222 
117.5634333969522 
117.02652288853318 
116.45014539929404 
115.82759346769166 
115.1180743595972 
114.28755403002029 
113.30936439859849 
112.15942923962649 
110.82367578701312 
109.31317498210812 
108.07729862456931 
113.10613970878181 
113.09648263541077 
113.00138458730893 
112.15596574149718 
108.39242316568863 
106.7843911734221 
105.57070816579649 
105.90713082689591 
105.26131820789877 
106.41969019662814 
103.44194631049695 
103.15859549204104 
102.41041203856406 
101.56013659649089 
100.97293241244698 
101.2508413800266 
101.24234297506013 
101.17297609365656 
100.8586328099487 
100.4871049549761 
100.35259684249462 
100.2093662975828 
100.05982770092922 
99.93189193937323 
99.82966983629578 
99.75277315983118 
99.70328747005797 
99.66850213658965 
99.64299283201163 
99.62149507939498 
111.18332555518352 
109.98889275942696 
106.7898217143835 
104.15898682385115 
99.1663691400577 
97.4265028422767 
97.11311174639772 
96.85909328414917 
96.6335696581048 
96.56542668069224 
96.51894357452464 
96.48195899441441 
96.45012813729451 
96.42229755289834 
96.39721845637236 
96.37394130549038 
96.35242055138426 
96.3322322440107 
96.31322492154933 
96.29489376834053 
96.2766845463725 
96.25837561682508 
96.23955212732409 
96.22017452263572 
96.20117441995086 
96.18348785613344 
96.17467206002183 
96.21583082977384 
96.21580556021769 
96.21555422032813 
96.2130066027784 
96.19525575290345 
96.15667467701924 
96.14851251435825 
96.1385902575201 
96.12604435920986 
96.11432516518465 
96.10891702261793 
96.1277658660342 
96.12573089628052 
96.1123397391024 
96.0965375891115 
96.08936217351045 
96.08178915367134 
96.07485306328823 
96.06900712038055 
96.0643410725075 
96.06085490801568 
96.05862690022643 
96.05812128882145 
141.48542714400241 
137.1333693875922 
133.12411959751017 
122.65544562863907 
114.36833186492308 
98.31903509405909 
91.65600414376745 
88.6099905335357 
87.68200487537705 
87.5910269329625 
87.51675152713723 
87.45992373335274 
87.41054398548573 
87.36402996736774 
87.31902281327561 
87.27667701765469 
87.23866728704044 
87.20330736161749 
87.16872211488426 
87.1362431420298 
87.10640086769729 
87.07948606278903 
87.05557933074977 
87.03822342414654 
87.06488537786544 
87.0646848887435 
87.06467001598601 
87.06276987044444 
87.04873357142975 
87.02242130889485 
87.01495234027806 
87.00324908008743 
86.9899842334126 
86.99257478497765 
86.9917444323809 
86.98622807667354 
86.97274020293167 
86.96432246408074 
86.95683909383636 
86.94924924294182 
86.94773367685096 
86.93955564949795 
86.9332036982893 
86.92907663572318 
86.92383493819023 
86.91897489072926 
86.91530015983778 
86.9154014313113 
86.91484717179006 
86.91524951196705 
178.23754573662146 
165.02047718772093 
153.4860490157614 
126.826131876524 
109.04284873162403 
84.72061973478603 
77.88974981098367 
76.46621003530632 
75.90269317796412 
75.6860124350197 
75.48654062910725 
75.3124839374113 
75.19026231931542 
75.07972462486973 
74.9457061279805 
74.88703924221277 
74.80826221314783 
74.70646499102017 
74.5993695683763 
74.49658443451314 
74.43708000688423 
74.79876495226276 
74.79758768673739 
74.7898042397386 
74.72042180630885 
74.44363406895272 
74.33358766172375 
74.27169978718001 
74.23877094741361 
74.55253669603857 
74.17029809659971 
74.15377464884722 
74.10757299420882 
74.06658984283112 
74.21045461354356 
74.02204361126851 
74.01981503154306 
73.98923151608989 
74.0887336103599 
74.02389709770989 
73.9648410245683 
73.95053253477893 
73.93040399928844 
73.99962975020563 
73.90271980024602 
73.90305466785622 
73.90357300683137 
73.87840423132617 
73.91612025961635 
73.87975455485333 
175.93893730194588 
153.40104443820292 
135.88045447822665 
122.22289755032679 
98.53975659053069 
87.92330108960127 
82.25957536303616 
80.37744297869114 
78.34402345623016 
75.80923074074198 
73.51318011168455 
72.3896328463926 
93.6142712793274 
90.324477046373 
78.55638852362685 
70.76924163221244 
70.36045864622776 
69.52876017108957 
69.19714315506961 
80.1802300639823 
68.11147342571118 
67.96225984270336 
67.39567050211434 
66.80386563679917 
70.5155377919377 
66.73489261043946 
66.28300089673708 
66.2845884014693 
65.95674264840954 
69.75958963988816 
67.27246330216045 
65.62674455920471 
65.47035939534702 
65.1292828169267 
67.69785673717303 
65.80208166702457 
64.85665138923994 
64.79933942895134 
64.78264492274425 
64.3934251153027 
64.22087909157531 
64.02061768897894 
64.37680817412517 
64.28754975105278 
64.01924084389583 
64.06557047368872 
63.79596075512467 
63.79677955281686 
63.79788792916685 
63.70164628564063 
111.0590757937355 
91.65984588175903 
79.65362266910776 
72.40354922528458 
66.2456047254118 
65.03304057401414 
63.67234077912025 
61.134260835474386 
58.88965596643667 
60.15831231170766 
58.92160767517357 
58.487189210357734 
58.406026739070555 
58.915277415342246 
57.58147606083348 
57.19545868322898 
57.37851666058657 
56.957964286143095 
56.91113662699019 
56.33845403340789 
56.241701380007406 
55.957020316686034 
55.57102288927666 
56.41642066793827 
56.27332107586666 
55.69924995884007 
55.34541301484715 
55.62349840441219 
55.22072773969318 
55.39567319245027 
55.05850005354708 
55.12001237439958 
54.8898533547901 
55.0515048920685 
54.71771518954211 
54.83014776360834 
54.57905771900044 
54.44478200917598 
54.349954300210534 
54.25100250878197 
54.46186722388839 
54.1324462148428 
54.09475971802697 
53.98751578888173 
53.826381365849194 
54.81620596295125 
54.5811878066405 
54.05088117057741 
53.74200005881181 
53.69812535924969 
70.91397034148966 
62.38394030628954 
59.27007721912412 
58.58949917016095 
58.13820746100457 
56.34386621393963 
54.24787050314209 
53.16849088930657 
52.84885085151291 
52.44993613692947 
52.29591090674014 
54.126885532407016 
51.65230145529671 
52.07709966244685 
51.47472623153289 
52.35374289531134 
51.338210210957 
51.2059046893473 
51.08911361505121 
51.1765751581617 
50.92100623933489 
52.23440813815729 
50.787719227517705 
50.580879028663915 
50.39851912073147 
50.10584482365198 
62.8261240016562 
54.390261119875596 
49.87272368780083 
49.674296332050844 
49.28106722727643 
52.52906057179159 
49.50479339278778 
49.02381688757505 
50.0734243678829 
48.85118269053318 
48.67940026754653 
48.492199013370346 
48.389091336420925 
47.99401093253175 
47.604880001138554 
96.07531361168758 
49.139022040905466 
47.241657421556425 
47.08814349642171 
73.3320074566669 
51.21015758047409 
46.95661339876625 
46.89163787595921 
46.6752008734586 
49.78863799601612 
50.97474057364905 
50.83173253380741 
50.372403676535406 
49.65090717743976 
49.05650163210624 
47.962492471364776 
50.227741821096316 
46.304075054097815 
46.07708358530118 
45.59313758228663 
59.26990814441366 
48.03929982674926 
45.292897069641526 
45.46722892311733 
45.030579364639756 
46.72793893521739 
44.74433131923068 
44.47681414903283 
44.250080031106464 
45.45975806860065 
43.99997033884887 
43.710960507252366 
46.44444303177744 
43.2607497804276 
43.04700007638125 
43.65974765418775 
42.851077466170224 
42.65132382292791 
50.08716481369932 
44.33738723501456 
42.51752170684681 
42.428403649863604 
42.19204723650702 
48.07477197043989 
43.19034332591459 
42.068372026661905 
41.98293621440138 
41.88550979089761 
44.540046043211674 
41.56459676973921 
41.32080069565258 
52.27982077611537 
42.66676312979672 
41.21250968087649 
41.13945973197428 
41.01879640083167 
45.76102199884632 
40.730238923781926 
40.493048541068035 
34.570609757412086 
37.19250205841611 
36.83313753828115 
36.76778183379392 
36.66115808260642 
36.49188680215749 
36.399523552006016 
36.15638119488146 
37.87730132297984 
36.59598732838061 
36.01614946750197 
35.98226826649641 
35.92695921083749 
35.900325155407266 
35.7566593246258 
36.35186789337149 
35.75457648500226 
38.24676039834942 
35.58972068967526 
36.77251004167066 
35.54974901765382 
35.50170342164303 
36.061754750734856 
35.42389812428047 
35.40462165342894 
35.31323836393547 
45.589974598293296 
36.06211254997711 
35.27137804725626 
35.245946572656464 
35.11109958458067 
429.76970224820656 
42.150837583318385 
35.054761031248916 
35.00880154104868 
34.873974061093264 
412.6237351629784 
39.597373961859695 
34.81479006682643 
34.76365931534964 
34.594773182121 
37.15237184044999 
34.52065390333344 
36.318234814278014 
34.35748567698039 
34.323112127833646 
34.14178708297115 
885.3553767322387 
34.52403797207856 
34.062712164536855 
29.174553070371005 
30.840598986886928 
30.635463147901326 
30.6110463752468 
30.57545085037353 
30.539748791085813 
30.507962464952747 
30.486191131138597 
30.426843152143462 
38.90437911791144 
30.927621276939806 
30.400004031615207 
30.385499752106508 
32.85183736205474 
30.30464312423581 
30.625153318756496 
30.27890422386373 
30.22833672299725 
31.071156502203074 
30.182002986781093 
30.165396970329063 
30.096617616762973 
33.93217349558299 
30.48728849667253 
30.067659362680644 
30.045631846046014 
29.93755036700325 
504.61391103332204 
35.87663143305951 
29.898548936938127 
29.857047745384662 
29.836970947667552 
29.70098113719176 
29.489862415843664 
1349.672456291326 
43.44901655352577 
29.256507802791788 
29.949835517798277 
29.216458657410413 
29.095908065647567 
1170.2808388589488 
46.237753586326356 
29.056910412524104 
29.006149025006778 
28.987428755232198 
28.84905279782537 
29.89835039897624 
28.752853646800435 
61.616395722749715 
28.655069571680478 
654.0668791379538 
644.4464615336991 
635.4508905544648 
627.0495506834664 
605.0140591288914 
586.8754614139139 
541.9036688019215 
500.3480087700005 
355.380137699237 
244.02488786450175 
197.1503394969892 
142.35159635379677 
120.92322728233837 
117.68068593532863 
116.82418070214415 
116.037117535909 
115.4532666333726 
114.74898242467728 
113.9202859134805 
112.9474428964522 
111.81306238989708 
110.5307301926245 
109.12279199903013 
107.88567774689791 
106.69828939434092 
105.87659768210946 
105.14079011098632 
104.51770789749612 
103.93334195141296 
103.37178605753076 
102.81798153233848 
102.26609668458426 
101.77715696975781 
101.41174704645663 
101.12141386057192 
100.88424702190146 
100.69322524868579 
100.55074227394631 
100.44733108640182 
100.35022721461192 
100.25643129248763 
100.16014497277445 
100.06600969172109 
99.9738988801526 
99.89091485812679 
99.82172618097289 
99.76461867320717 
99.71383518109715 
99.66759476833829 
99.62736632512082 
111.34106369434241 
110.14272694312635 
106.933586574077 
104.2923308819637 
99.26094442455926 
97.4906247107023 
97.16362355015895 
96.89339726936487 
96.66271232213069 
96.59049189298432 
96.53991582871701 
96.50000038842077 
96.46501516036001 
96.43477251539429 
96.4080628421 
96.38414269481193 
96.36278229521604 
96.34330649470107 
96.32475168275096 
96.3057529212098 
96.28586577095983 
96.26503074005737 
96.24393476760261 
96.22293102296146 
96.20258441130632 
96.18332162010422 
96.16595138489465 
96.15103101849877 
96.13933319247496 
96.13340593237666 
96.14553088963675 
96.14542427261645 
96.14449331744912 
96.13632655544222 
96.11988525735546 
96.11464522206913 
96.10771179816811 
96.09916604220393 
96.09061192947779 
96.08272050677098 
96.07579632385594 
96.06980950549317 
96.06456612752689 
96.05983569888296 
96.0553865929524 
96.05139362029523 
96.0478279577388 
96.04453260613911 
96.04148194359936 
96.03862069052833 
140.19441036856244 
135.95474486606486 
132.02739404961164 
121.75028088327083 
113.60940919955112 
97.84554545302296 
91.3440151696903 
88.4817020958541 
87.63345566422024 
87.5508144089433 
87.48504616297228 
87.43344044704607 
87.38792897463176 
87.34472297053645 
87.30262117169961 
87.26321446251939 
87.2275362361454 
87.19426720525206 
87.16159008836325 
87.1305853584768 
87.1014427865004 
87.07551629302998 
87.05346110796526 
87.04733244980017 
87.18276419400027 
87.18280708082324 
87.18190628229782 
87.17451641245717 
87.12305794242198 
87.02580026568143 
87.01371035106706 
87.00298782949345 
86.99086686133026 
86.99301830874549 
86.99181399857761 
86.9849595640992 
86.9718155650188 
86.96513025022739 
86.9576946619223 
86.94845581924059 
86.94022496573754 
86.93443657922387 
86.9345852508473 
86.93394828714072 
86.9346287984749 
86.9234157256989 
86.91898475053296 
86.91445709652714 
86.91010204991358 
86.90619489691043 
181.85654134120608 
168.22837492036882 
156.3299572046941 
128.81265974435615 
110.46682741273503 
85.26698975692898 
78.08196069263606 
76.54430790157149 
75.95462702238329 
75.73676405777331 
75.5351323557671 
75.35808187037857 
75.23320904699011 
75.12270168793704 
74.97906159858815 
74.91930082751094 
74.83902289732526 
74.73399170629045 
74.62298610437485 
74.51603040283229 
74.44090136781284 
74.66075604509795 
74.65980810978151 
74.65426396511248 
74.60458213330196 
74.4155108593799 
74.30405826702534 
74.27758915467146 
74.22702061016062 
74.1598191749449 
74.10728676583543 
74.3588350244305 
74.23456882242584 
74.06656096899945 
74.04293357311002 
74.01278108352234 
74.07925340188633 
74.02999656002748 
73.98635885471042 
73.9690825872119 
73.96552497885338 
74.02201045011829 
73.91096749168508 
73.91136658323481 
73.9129476255583 
73.88334979558272 
73.83978006400827 
73.9243746950007 
73.91116297038289 
73.85058906322291 
175.71472226907167 
153.25024323496297 
135.78289874849446 
122.15588479386862 
98.46355052040394 
87.79804445616317 
82.07398159048444 
80.19224053682606 
78.19263108867617 
75.68223396225795 
73.36212125093267 
71.56931604924674 
73.83031523316427 
73.82758070712265 
73.80036522237292 
73.5449709214653 
72.01272048882137 
70.52676441589722 
69.72118853991427 
69.94186517446126 
68.77696301529127 
68.01256442660974 
67.21982982764729 
67.92938778904289 
66.63239848960436 
66.15778354017766 
65.90146666690458 
65.51223152432692 
65.1913601804188 
66.42157177277606 
64.88901832684016 
64.71415885455143 
64.54921074093646 
65.06428914362046 
64.71343886305984 
64.42033994391934 
64.37950878834734 
64.49009820752372 
64.19232747468808 
64.0891448751546 
63.992374936904014 
64.84065764983625 
63.9422253237875 
63.84089590958204 
63.8219057583687 
63.74923121391731 
63.66252336467434 
65.59832081901848 
63.863244570227366 
63.5720215805016 
113.40558107203488 
93.3221157053049 
80.85213562180074 
73.28800391842589 
66.68803806002595 
65.2897302571154 
63.87657093985615 
62.245396945285194 
60.97955206277069 
61.80540069424567 
59.06739348729248 
58.38499918999115 
58.06209152847036 
67.13844240746965 
57.32028940668733 
57.195437488578676 
56.86801129111478 
56.948144922375 
56.68559956021579 
57.540422382081616 
56.33045262580958 
56.04237215978533 
55.61143900544615 
56.51622164370932 
56.325884341994694 
55.691604579478366 
55.396933214937405 
57.571794012288095 
55.407181585981675 
55.31170306942263 
55.13872543809274 
56.38668873028749 
54.936100613587556 
54.720568156245236 
57.298715205736485 
55.43480496968778 
54.5862996951941 
54.51180403148624 
54.31237646744992 
70.1353413643395 
58.62230546232248 
54.24332346707789 
54.16495934368998 
53.98770192445614 
53.795423933552215 
60.40719379695909 
54.21584151327338 
53.639400184865906 
53.64116780034928 
53.50745615058033 
70.75951676719177 
62.26098961626139 
59.148985491883 
58.47865938538648 
58.076334659496474 
56.03774844567987 
53.81423154199741 
53.049086312654914 
52.56805325108342 
52.22009858742503 
52.793328256030996 
51.972573991072174 
51.83963935129178 
53.82793793937868 
51.5359174816398 
51.321469095691896 
57.2801854029681 
52.81707053739834 
51.14830814384092 
51.06173499535366 
50.7039384770651 
51.684485109408264 
50.63928188680622 
52.21358332098747 
50.084864801968244 
50.01130190227885 
49.67509656309834 
49.650828978227075 
79.0368854054673 
48.905701402774994 
48.733684081889216 
48.48431481747685 
49.79059033651036 
48.24061188398822 
48.846078405944425 
48.115598699132065 
50.01386759937105 
48.00065684463457 
47.88869047727286 
47.75649607185336 
47.68415192229587 
47.323235028579944 
47.448466170221735 
47.052696074279226 
57.387524233265324 
46.82824226257506 
46.75429595075668 
46.521193791897005 
57.83351761632008 
47.79117630904902 
50.62510902731554 
52.00671993738618 
51.83009811733122 
51.72150866230484 
51.219758011631654 
50.37517563090839 
49.06047090010899 
57.98946208936456 
46.80459937925036 
46.543421669241916 
46.020361353553895 
45.93569914929624 
67.96983201401528 
45.08375461091937 
44.89217715972782 
44.78028041409074 
45.5823968153159 
44.40345938714316 
44.32090556407822 
43.958103130054596 
44.93087124633036 
43.791127942259905 
49.23465721481786 
43.45220035646548 
44.204135939480054 
43.354526194591486 
43.36125150566382 
43.1879283645865 
63.14266132868877 
43.47736769283947 
43.042892106794035 
42.7095688429202 
76.40882480894882 
46.60242747561968 
42.50347999492877 
42.41967187067303 
42.111059338666664 
46.94952815045524 
42.67922723076593 
41.97374018743791 
42.73358276023913 
41.84644148553969 
42.81410950746978 
41.65345537640974 
42.056552439309414 
41.398314003794475 
42.709205406975556 
41.16478614363223 
40.97894727320455 
40.753312828056586 
35.49435401753576 
38.261590839483695 
37.83663718609683 
37.72560531966329 
37.53681699069521 
37.252222780995154 
37.1033432724047 
36.793464828542454 
37.673576396654056 
36.617137825689376 
36.581908211947976 
36.418138450509744 
44.27158022508257 
36.880979731035026 
36.361766763139755 
36.41741101411821 
36.28948978645148 
56.972213372474414 
36.53184253928059 
36.21711962836781 
36.01450913941147 
35.90710208064122 
53.41227714412049 
35.631917369281794 
35.514268894055846 
35.479528663385864 
35.3794919036573 
43.20919968439729 
36.14825279644411 
35.33233515835418 
35.3050526508713 
35.177402942405834 
276.3814091478244 
43.15987480113919 
35.127709884453665 
35.05882667966602 
34.895898055225125 
45.08085501628862 
35.45464542578274 
34.83149479524066 
35.13298062603825 
34.74972229496637 
37.508222211516525 
34.66796557044747 
34.572194683867636 
34.48131102655789 
34.38550929040893 
38.40480002059309 
34.11884788978214 
34.06318812839554 
29.21938003502965 
30.80812141757207 
30.628401464475175 
30.609643125864697 
30.570300931673682 
30.52774128890816 
30.503615685402135 
30.480511885101173 
30.465153126300343 
30.407101878495638 
30.31491429637406 
522.414751179544 
31.924094813344777 
30.216915777550767 
30.66259112748421 
30.198704413828253 
30.167691544181707 
30.58536826938014 
30.13275169393602 
30.121013200790827 
30.064791706029272 
33.92412922712893 
30.376480320209872 
30.041553526385776 
30.023275485012118 
29.941100279682225 
1042.7251725893357 
59.95869925503636 
29.93178441190323 
29.86037753854751 
29.84318037752988 
29.752117084881778 
32.45142360333288 
29.832744198411262 
29.71564438083648 
34.42031962339213 
29.688398426029945 
29.64974544045309 
29.59965916783561 
29.440373324181436 
993.5529303434955 
30.35696926281778 
29.391599548211264 
29.35326879074219 
29.450838366100253 
29.282788475978894 
1172.570262132947 
31.576368245977875 
29.227756610927987 
29.349971574918783 
182.20313189179052 
180.4954232679993 
176.01949889625433 
172.40717078695 
165.27856335838646 
160.5952410517992 
150.69322755532886 
140.26430427499835 
133.75193475956576 
126.1733538132578 
121.22568795851356 
119.76947227977934 
118.53383495828155 
117.33720670475148 
116.03715390993426 
114.60264942998253 
113.02042108819929 
111.28991313424078 
109.43480308256085 
107.61614540249597 
106.03894429828193 
105.4266830486315 
110.29591783917125 
110.28741685178119 
110.20344638748533 
109.45059690333825 
105.9653436099516 
104.17419188028644 
103.48298808833049 
102.80772739892666 
102.52580735006975 
105.04288448646248 
103.93716529093405 
101.99791106379257 
101.71685425994289 
101.42552645556262 
101.03774620671155 
100.66538849669519 
100.44458040675183 
100.53683313563161 
100.51143602387495 
100.37786651780763 
100.16463255064161 
100.10217229638698 
100.02789156379919 
99.9386764948442 
99.85298866937651 
99.78056334289286 
99.7190474649594 
99.66427028495012 
111.20246403706761 
109.9990031448167 
106.77856218035747 
104.13255375525851 
99.13387526540942 
97.40930717843304 
97.10642115524519 
96.86513434327486 
96.6502827810638 
96.57925430257237 
96.52773596788055 
96.48619293497839 
96.45051489831778 
96.41941390285302 
96.39159769904859 
96.36603004658582 
96.34175149473037 
96.31804980790335 
96.29509779615326 
96.27322019546598 
96.25273016315379 
96.23318238448898 
96.21419369551083 
96.19602476567071 
96.17868882256694 
96.16190742161004 
96.14638202772747 
96.1328083148049 
96.12171006005914 
96.11667227417851 
96.13492273520058 
96.13491755465782 
96.13486623811615 
96.13363390682859 
96.12456623267923 
96.10499243489963 
96.0999180233325 
96.09366363128156 
96.08594274789611 
96.07829438535691 
96.07169076673726 
96.06638833396286 
96.06290546623424 
96.06257882245446 
96.06961748076614 
96.06213630832698 
96.05022381959714 
96.0478271289586 
96.0453119810689 
96.04224719081671 
140.2987044183795 
136.04863752191793 
132.11166894619006 
121.80677987927437 
113.64277640915826 
97.86698313903716 
91.37166172413063 
88.50494341761707 
87.64423182442371 
87.55944698456648 
87.492116204976 
87.439372454949 
87.3929033190906 
87.34872262064064 
87.3056893329945 
87.26591695166655 
87.22979918618611 
87.19585182246674 
87.16275297824498 
87.13167923877938 
87.10277902867092 
87.07693511777418 
87.05639553013665 
87.06522072390989 
87.06500834280074 
87.0650800375406 
87.06378001830433 
87.05460746780327 
87.03163527099208 
87.0209156402029 
87.01026609109888 
86.99697234420879 
86.99182183031309 
87.04833129451615 
87.01636825021359 
86.97542438010458 
86.9715380544636 
86.96373175748397 
86.95358696705038 
86.94435215830642 
86.94234007599113 
86.98743264886491 
86.98374640561622 
86.96037295056635 
86.93118423370227 
86.92835922701462 
86.92392385208072 
86.91866976891357 
86.91401155007964 
86.91048068006828 
182.94428209514496 
169.19313192222867 
157.21041198385245 
129.46891775318218 
110.93402083608827 
85.45635508046465 
78.17037839973827 
76.59753619098223 
75.9963271025639 
75.77846044792241 
75.57608665938314 
75.39805717524284 
75.2730816064464 
75.16162705949596 
75.0147679231093 
74.95485777776577 
74.87394459173865 
74.76795406185731 
74.65527075268123 
74.54642233186907 
74.47180449933575 
74.72277946349092 
74.72175627015261 
74.71550483818736 
74.65981531668646 
74.44970257573132 
74.3311153226706 
74.30425343089422 
74.25233408550773 
74.18366851204381 
74.13607288568949 
74.5112040016408 
74.33117409521078 
74.0926312812025 
74.06611414298908 
74.03486818608907 
74.06777511904266 
74.0330100998707 
74.03014265419998 
73.97119958393998 
73.97179800611829 
73.97312556119915 
73.94187730799808 
73.897399980203 
73.87074221654302 
74.79888267405205 
74.25471628251401 
73.8328951420248 
73.8289585267465 
73.80462495105405 
172.76554370652622 
150.79971992060996 
133.7143776095282 
120.38421881049689 
97.24168347746681 
86.86611676642848 
81.46636508055829 
79.73478683900032 
77.78514716582353 
75.3582467377725 
73.23678473071718 
73.51841727729504 
73.50486655157084 
73.37660603192833 
72.58388684461656 
71.56351512223836 
70.73200420744314 
69.76281533839918 
68.6736465858821 
69.92234809901717 
69.76421491846149 
68.85168442960057 
67.98851531079706 
68.23157733722317 
67.57683007052722 
67.28499582131779 
66.84560653296433 
65.92824720991689 
65.74527890297108 
65.3550238047813 
64.89530958299967 
64.6337296179932 
67.18998789424522 
65.54819899176394 
64.35523734658761 
64.27073333508415 
64.15578187027586 
64.11241144872811 
65.5939402456796 
63.992991141795656 
63.90188436351626 
63.826086135281614 
63.90179164602823 
63.80058507653244 
63.954165253518916 
63.69161249982007 
63.61287597264361 
63.558268295114445 
65.04010462087936 
63.42744364010758 
112.84163840499127 
92.90947151807775 
80.59842500476725 
73.18482162940934 
66.72859381105542 
65.39152746841782 
63.956565453468485 
61.214444700726524 
58.919991954607646 
60.63358498563338 
59.09723559181964 
58.512406733588506 
58.29572358889661 
58.95708306684746 
57.59216886302623 
57.14862322828653 
56.87857530912325 
59.61381055267238 
56.28879501868114 
55.93419162529652 
55.47870616031285 
55.56757870956457 
55.52512861346737 
55.30916518533613 
56.154574108853026 
54.93401572023404 
54.717673545031296 
54.69829169845089 
65.84574833177646 
54.41758219377303 
54.245478355380854 
54.10976830657378 
53.94635250535126 
60.3041568681792 
54.47831405923756 
53.79642408860924 
53.797259188194275 
53.743042616326605 
55.93332138002425 
53.817167319827306 
53.701847587357264 
53.679882020403774 
54.842887286258645 
53.52340453813671 
53.52340622525924 
53.52519738464675 
53.44511956208436 
60.176746193271754 
54.56797661579755 
53.38123786291996 
71.8568467360387 
62.96003808849709 
59.655043321717926 
58.908329070028245 
58.44594441081857 
56.730616694158 
54.6439240032073 
53.53737750113379 
53.233055504859934 
52.83891563312518 
52.89640904073886 
52.49209826440515 
52.887118933064855 
52.21628941045499 
52.326718340800824 
52.06774011617355 
53.94037941345352 
51.9843384262582 
51.76757352724475 
51.632987431068145 
51.293569111394945 
56.299755682725134 
52.50841833546376 
51.06603244332464 
50.8491818315815 
52.806298751886814 
50.40786673847712 
50.31019119145732 
49.96448615519911 
50.26625735921344 
49.60145473727957 
58.115674985280904 
51.889371884151515 
49.320583333163974 
49.18156473980442 
48.7384413409675 
48.048237649667904 
47.453666075215274 
68.19124845817817 
51.6651636521108 
47.10019697493533 
46.96819346376161 
46.9031115381929 
46.64381331612261 
46.21017172370953 
76.40299346061364 
68.1471255790646 
51.5255151388503 
46.03272719857733 
45.8933174583112 
49.189501238489534 
49.340418659050414 
49.23171786416804 
48.73511321806903 
47.95091896323248 
47.33694622170848 
46.33124623680277 
49.16060210580021 
44.72598810583697 
44.53884651854674 
44.07873949301789 
47.23748208239509 
44.171897632340894 
43.778855716020715 
53.95346446328728 
43.7510287276547 
43.51137031411325 
43.31330786955745 
43.05338498237882 
45.97977796869371 
42.83016019632818 
42.76539078456301 
42.43498861751549 
43.54596704837072 
42.346570869743765 
49.355465043724 
42.02138321042795 
43.624019072865636 
41.94279728164813 
41.675211655159444 
44.281394849271855 
41.63930234606056 
43.53018508957674 
41.3145165608455 
41.534733679162045 
41.21707875060754 
43.30889443425116 
41.12258737985567 
41.04051217484662 
40.93267235509279 
40.8739481049687 
40.51370917986622 
55.07992294275998 
42.39604890712925 
40.3933240175858 
40.3157953533923 
41.59583374509286 
40.23232792122477 
46.948603005478674 
40.210424745507154 
37.03150363682346 
39.8200686357916 
39.320999454047985 
39.10057519091404 
38.64906091006607 
38.10350456011183 
37.741048166685474 
37.25684689727747 
36.93228028880658 
37.6723690674983 
36.80761401927978 
36.63314902871484 
41.306011104495425 
37.10055507699077 
36.56347133687973 
36.51721153769705 
36.902413661795805 
36.45534062551333 
44.07978404195722 
36.46455012738275 
36.39474693925224 
36.181857431180234 
141.64154837723532 
40.46563754034393 
36.027989768070356 
35.96195011476263 
35.66982066386939 
39.585179325908086 
36.07639092947673 
35.53977882333012 
37.938587927656066 
35.43549619419284 
35.340486523954 
35.232171113026205 
35.030516029496525 
39.9809283912966 
34.781788684660356 
34.54708892641743 
593.0297627941175 
38.89563113375947 
34.42286854527118 
34.34856018742684 
34.110226717450814 
53.41109185885369 
36.4098272974518 
34.02030570900275 
33.96271525927929 
34.11646581369614 
33.88954970750642 
44.44095883257055 
29.523856682692216 
31.04057146894199 
30.8539617366348 
30.768360183270413 
30.66346677581002 
30.51608376094507 
30.473542875762686 
30.447671499006155 
30.369490127511384 
181.15037030216183 
34.071068020649015 
30.33580863123639 
30.314625907945107 
30.273337333220653 
31.305913086154654 
30.227093757586058 
30.214592620324577 
30.153669233387884 
32.868302875860735 
30.381926446978774 
30.132927310277193 
30.11580568728902 
30.16342279986806 
30.08646062811719 
30.285765821429024 
30.059596377108843 
29.99145192621893 
204.19533189173563 
33.11859142216204 
29.971139999293452 
29.940792070893355 
29.860787572420048 
36.797445769489535 
30.18395948796184 
29.83630121342478 
29.815352204468237 
29.86801180815594 
29.775926965853834 
30.284964658856268 
29.74099432750553 
29.73964436458059 
31.314876017195363 
29.630105680171134 
29.610259874711247 
29.526741264797025 
29.733567144106914 
29.450673796862162 
272.23509185594264 
29.370051441776084 
29.307375194692707 
178.48279866512638 
177.10629492194394 
173.5926745195046 
170.84184989559873 
165.79606380504262 
162.23596342964646 
152.601288512758 
141.66135121439913 
134.7177845077013 
126.65071310021432 
121.41018961574963 
119.91267964952206 
118.6615605691493 
117.46248139611559 
116.16347520492329 
114.73206515521308 
113.15372956431517 
111.43204583375677 
109.59353425097994 
107.78531196165751 
106.20395333009229 
105.62720411109314 
110.96718326114899 
110.95780486009001 
110.86516224942613 
110.03585934133265 
106.24151440719743 
104.30157554253634 
103.59897721674218 
102.92741704607872 
102.70153771362165 
105.70807338833345 
104.38777017897353 
102.11577445505534 
101.8083866403957 
101.50340954722041 
101.09925728246353 
100.7057283902711 
100.454234424525 
100.41017675384579 
100.81050648467235 
100.44064894147604 
100.17326239229254 
100.11388532504466 
100.04045065695726 
99.9507191725096 
99.86601815802267 
99.79314788550678 
99.72946950971448 
99.6716113109234 
111.21125521044473 
110.00851337072625 
106.7894522994444 
104.14386503570061 
99.14231566939857 
97.4143662855002 
97.11020368847264 
96.8694339246585 
96.65395760863922 
96.58230445436169 
96.53068368424206 
96.48904121581174 
96.45337619724111 
96.42245723645107 
96.39489516952099 
96.36946020229897 
96.34550272357023 
96.32218825428407 
96.29992203029057 
96.27904710080058 
96.25898330950946 
96.23913476153471 
96.21987666641512 
96.2012540586056 
96.18300973764556 
96.16540999061012 
96.14927106110386 
96.13555096204132 
96.12414193678185 
96.11783498352692 
96.13117738518326 
96.13115563002171 
96.13093862081594 
96.13009410318236 
96.12245094539404 
96.10649701494597 
96.10150813672584 
96.0949597316341 
96.08697564679555 
96.07919208071681 
96.07257179355823 
96.06739369956554 
96.06397327458879 
96.0636141303797 
96.06985725609326 
96.06340737241095 
96.05172461797791 
96.04923955149549 
96.04681202221653 
96.04385894721398 
140.12084102995053 
135.87890437146422 
131.9485341743939 
121.66168501142431 
113.51700256170793 
97.78820928796335 
91.3222861600173 
88.48701235228658 
87.63762833712556 
87.55373371490839 
87.48771014419114 
87.43582930300633 
87.3901160605673 
87.3466811645448 
87.30405755217876 
87.26440131511833 
87.22856118336729 
87.19474290680076 
87.16185432566496 
87.13110983945083 
87.10258777292493 
87.07666837766267 
87.05342865270327 
87.03283680921678 
87.02566735721861 
87.13922223308566 
87.13921944247174 
87.13919813281244 
87.13285065520205 
87.09217708450893 
87.0086649143878 
86.99639886927298 
86.98689071489952 
86.97622772031977 
86.981658767085 
86.98046468583323 
86.9733922601001 
86.96137580987775 
86.95487602889523 
86.94807185583205 
86.93984484794194 
86.93274367923692 
86.92901213700992 
86.93960997236648 
86.93810687141726 
86.92937982726804 
86.9214832245491 
86.91723652603704 
86.91284851907119 
86.90878194641708 
182.13702718055225 
168.48829460846875 
156.584479235393 
129.0158618411487 
110.59877476776326 
85.30586599163044 
78.11405628106738 
76.57494887428243 
75.98382451555165 
75.76503276982265 
75.56186174029423 
75.38334226294303 
75.2573228725511 
75.14563746088476 
75.00380026013312 
74.94353387704048 
74.86287097567075 
74.75756726261116 
74.64607031026236 
74.53886169204492 
74.47452532123266 
74.82883700927825 
74.82769902540076 
74.81944058304326 
74.74728154156097 
74.47136134504245 
74.32464837963464 
74.29780529604392 
74.24592158351024 
74.1777836303274 
74.12540300873349 
74.38607164287546 
74.25207307221085 
74.08255845895106 
74.06044195740324 
74.0292357593466 
74.06815472596539 
74.03189844106176 
74.00276814797824 
73.98480144263388 
73.96864746039147 
73.95698476712252 
73.99711750994351 
73.91750662818363 
73.91781808651336 
73.9186436947985 
73.89123402969327 
73.90923339748991 
73.8813256954744 
73.90746899355786 
170.8309602615064 
149.4495721220675 
132.80180425554533 
119.80023025156105 
97.28151623105215 
87.28304875488203 
82.30305433844038 
80.67036963057717 
78.5660879395388 
76.01511184808882 
74.24067035502598 
77.76502299944913 
75.18505916942354 
72.55739629162214 
72.00261166793618 
70.88681894014567 
69.6561017858347 
71.0469719730022 
70.90899022863965 
70.01035446538918 
68.81573991915857 
68.36591929353472 
68.12760611232477 
68.54885827235677 
67.15296570979234 
66.58215734286928 
65.9595428844422 
70.70766896312057 
67.08656010030703 
65.49185772602372 
65.4946529076466 
65.49473478731065 
65.17598954722881 
68.69328145594368 
66.32312490898812 
64.91238881364389 
64.78116470084224 
64.55609919101903 
65.59721832994316 
64.30337143147757 
64.30458120507804 
64.30584805110216 
64.1686003959604 
65.0800722565258 
64.00455374160104 
64.00639264970211 
63.892591027372575 
69.46697222769845 
65.52189746694819 
63.81687170186234 
110.46658034170395 
91.70069129216255 
80.08536421070454 
73.03954945455934 
67.06519567956367 
65.92988059200064 
64.44819327328213 
61.967840544873724 
59.95385921981962 
59.490990411575595 
58.88299731559133 
58.36053446633548 
58.282629630391696 
72.17040049476077 
57.516363005286706 
57.38505328350013 
57.089276572374885 
57.425549344228 
57.01225077631316 
57.54672016338333 
56.569070475274174 
56.28124932872516 
56.62754476634182 
56.219913362151246 
57.30391556823407 
55.7938982919421 
55.795907024960016 
55.79660237079543 
55.56469399015599 
60.07539930648784 
56.91863210870311 
55.42785011992102 
55.35150092575264 
55.16955181346433 
59.01119057269267 
54.93518643135337 
54.93566528108788 
54.938603755493126 
54.71112176626493 
69.19108698514911 
57.791210138014094 
54.60071066774563 
54.59063366278566 
54.40109051777948 
71.55440135729322 
56.99544162306294 
54.251615589236856 
54.20593576368664 
53.981500508002455 
56.339170997966924 
69.43225157340746 
61.6126279510428 
58.79709995924818 
58.20480950196635 
57.823104942454194 
56.116957506404006 
54.26377344520975 
53.26045191526854 
52.89893611042319 
52.53033235650741 
52.554082912539016 
52.25910212912275 
52.9392868031637 
51.98206264389738 
51.70810406581103 
51.4666516124961 
52.23982339150749 
51.016523087490526 
52.637121701823595 
50.910217229261676 
50.80052063798804 
50.68773507591444 
50.3990006243909 
50.140792072902414 
68.43952162821341 
50.131142035215476 
49.573150039097385 
49.652324928553185 
49.449267670854034 
52.06433932953318 
49.397343924929096 
49.229056930290085 
49.10582436458515 
48.80426768827806 
68.6715974787193 
52.54798434076435 
48.63224950710793 
48.52843184813607 
48.18435690654963 
141.59122086934696 
56.63867195155173 
47.9863424102409 
47.865619860310616 
47.775009325743234 
54.54844957888646 
47.300328709406116 
47.25189258374099 
46.93669249417075 
46.62532628325631 
623.8929226462566 
49.601208309823136 
50.092609369682265 
49.73865936534892 
49.442432813594806 
48.863415725074674 
47.696656884028656 
46.09861820757224 
45.397440264008125 
45.922561329811174 
44.53234607558229 
44.45014841564715 
44.21158640888078 
46.06830619356762 
44.156302931839775 
44.59642566769775 
43.87200456912631 
43.7082498793853 
45.33465517762367 
43.49935018622803 
43.44507652854627 
43.1442815212549 
42.774605897702465 
112.35765994076971 
44.63515188714576 
42.349805421277864 
42.31026675528767 
42.085486349746844 
41.94119181459188 
47.687426046223976 
41.3976532682674 
41.328441066156046 
41.268599929790895 
41.23388377202754 
41.05438260015916 
100.60391445460064 
44.556593815019795 
41.00133216934141 
40.95661565547205 
41.13753424596661 
40.90117916664642 
53.7394507936818 
41.060118556527385 
40.8511660632235 
40.65058201911414 
88.82256980317457 
43.036647205903 
40.538594768901326 
40.32165928335627 
95.6276475911008 
44.19956423461172 
35.304704161602515 
38.555993225818014 
37.904901519958756 
37.722488192894474 
37.58669118684065 
37.20326143699674 
37.06196052845252 
36.757652805288444 
65.69433460847749 
39.0614459155025 
36.61565154793285 
36.56943744771388 
36.625898474137806 
36.48796968799587 
45.32757382193982 
36.84166541000209 
36.43083601351543 
36.39808497561184 
36.20222034537595 
36.64956095400085 
36.050124370178125 
135.70673659243823 
41.86284433894441 
35.99215936156068 
35.93058432695617 
35.78842932509414 
37.85016106034282 
35.86935246231462 
35.732052315009106 
47.45853141128087 
35.77299460835067 
35.69054004742935 
35.49713717104298 
132.82081868108565 
37.641270823360124 
35.40852776132145 
35.17447133630171 
65.26701362791185 
37.41932490222948 
35.076618298790166 
35.3266023118188 
34.994777952099824 
35.08107252426145 
34.92910419874849 
34.69842495732818 
37.27211960005239 
34.77778845802288 
34.60011493639233 
43.149309462763895 
34.655350244490236 
29.78365917712221 
31.650041666364878 
31.41326318194409 
31.357589841359815 
31.288822224637222 
31.20682276820271 
31.172918452934834 
31.156215443107513 
31.08914335736196 
30.990366627339807 
529.6123417975849 
33.0426944142537 
30.911282705184917 
31.022326952907292 
30.89729280459046 
30.90041302982501 
30.87384082911129 
31.0493122666878 
30.853001751616475 
30.81494628182378 
31.558705440214457 
30.781388298983334 
30.769831051128886 
30.69924643086469 
31.268164976640445 
30.675021221556204 
34.94699551352062 
30.598312463310286 
30.99395798898746 
30.57702696478303 
30.473667328596285 
31.12539892914876 
30.419036560126763 
33.662079687370635 
30.332655327315468 
30.31060800122088 
30.2292611581808 
40.20913528150141 
30.553695297177722 
30.190992427452933 
30.163694948781394 
30.138759051154132 
30.669186641316884 
30.10442751486678 
32.483182232950696 
30.08234113766953 
30.046425200509123 
29.997725263106695 
29.82977151771896 
2114.1108715358314 
